ISO-10303-21;
HEADER;
/* Generated by software containing ST-Developer
 * from STEP Tools, Inc. (www.steptools.com) 
 */

FILE_DESCRIPTION(
/* description */ ('Open CASCADE Model'),
/* implementation_level */ '2;1');

FILE_NAME(
/* name */ 'NIVORA_30L_Passive_Milk_Chilling_Can_final.step',
/* time_stamp */ '2026-09-28T22:08:27+05:30',
/* author */ (''),
/* organization */ (''),
/* preprocessor_version */ 'ST-DEVELOPER v20.2',
/* originating_system */ 'Autodesk Translation Framework v15.15.0.0',
/* authorisation */ '');

FILE_SCHEMA (('AUTOMOTIVE_DESIGN { 1 0 10303 214 3 1 1 }'));
ENDSEC;

DATA;
#10=MECHANICAL_DESIGN_GEOMETRIC_PRESENTATION_REPRESENTATION('',(#239,#240,
#241,#242,#243,#244,#245,#246,#247,#248,#249,#250,#251,#252,#253,#254,#255,
#256,#257,#258,#259,#260,#261,#262,#263,#264,#265,#266,#267,#268,#269,#270,
#271,#272,#273),#5723);
#11=ITEM_DEFINED_TRANSFORMATION($,$,#3468,#3784);
#12=ITEM_DEFINED_TRANSFORMATION($,$,#3477,#3785);
#13=ITEM_DEFINED_TRANSFORMATION($,$,#3486,#3786);
#14=ITEM_DEFINED_TRANSFORMATION($,$,#3492,#3787);
#15=ITEM_DEFINED_TRANSFORMATION($,$,#3501,#3788);
#16=ITEM_DEFINED_TRANSFORMATION($,$,#3510,#3789);
#17=ITEM_DEFINED_TRANSFORMATION($,$,#3519,#3790);
#18=ITEM_DEFINED_TRANSFORMATION($,$,#3526,#3791);
#19=ITEM_DEFINED_TRANSFORMATION($,$,#3533,#3792);
#20=ITEM_DEFINED_TRANSFORMATION($,$,#3540,#3793);
#21=ITEM_DEFINED_TRANSFORMATION($,$,#3547,#3794);
#22=ITEM_DEFINED_TRANSFORMATION($,$,#3554,#3795);
#23=ITEM_DEFINED_TRANSFORMATION($,$,#3561,#3796);
#24=ITEM_DEFINED_TRANSFORMATION($,$,#3568,#3797);
#25=ITEM_DEFINED_TRANSFORMATION($,$,#3575,#3798);
#26=ITEM_DEFINED_TRANSFORMATION($,$,#3582,#3799);
#27=ITEM_DEFINED_TRANSFORMATION($,$,#3589,#3800);
#28=ITEM_DEFINED_TRANSFORMATION($,$,#3596,#3801);
#29=ITEM_DEFINED_TRANSFORMATION($,$,#3603,#3802);
#30=ITEM_DEFINED_TRANSFORMATION($,$,#3610,#3803);
#31=ITEM_DEFINED_TRANSFORMATION($,$,#3617,#3804);
#32=ITEM_DEFINED_TRANSFORMATION($,$,#3624,#3805);
#33=ITEM_DEFINED_TRANSFORMATION($,$,#3631,#3806);
#34=ITEM_DEFINED_TRANSFORMATION($,$,#3638,#3807);
#35=ITEM_DEFINED_TRANSFORMATION($,$,#3645,#3808);
#36=ITEM_DEFINED_TRANSFORMATION($,$,#3652,#3809);
#37=ITEM_DEFINED_TRANSFORMATION($,$,#3661,#3810);
#38=ITEM_DEFINED_TRANSFORMATION($,$,#3667,#3811);
#39=ITEM_DEFINED_TRANSFORMATION($,$,#3673,#3812);
#40=ITEM_DEFINED_TRANSFORMATION($,$,#3682,#3813);
#41=ITEM_DEFINED_TRANSFORMATION($,$,#3688,#3814);
#42=ITEM_DEFINED_TRANSFORMATION($,$,#3717,#3815);
#43=ITEM_DEFINED_TRANSFORMATION($,$,#3721,#3816);
#44=ITEM_DEFINED_TRANSFORMATION($,$,#3725,#3817);
#45=ITEM_DEFINED_TRANSFORMATION($,$,#3754,#3818);
#46=(
REPRESENTATION_RELATIONSHIP($,$,#5836,#5835)
REPRESENTATION_RELATIONSHIP_WITH_TRANSFORMATION(#11)
SHAPE_REPRESENTATION_RELATIONSHIP()
);
#47=(
REPRESENTATION_RELATIONSHIP($,$,#5837,#5835)
REPRESENTATION_RELATIONSHIP_WITH_TRANSFORMATION(#12)
SHAPE_REPRESENTATION_RELATIONSHIP()
);
#48=(
REPRESENTATION_RELATIONSHIP($,$,#5838,#5835)
REPRESENTATION_RELATIONSHIP_WITH_TRANSFORMATION(#13)
SHAPE_REPRESENTATION_RELATIONSHIP()
);
#49=(
REPRESENTATION_RELATIONSHIP($,$,#5839,#5835)
REPRESENTATION_RELATIONSHIP_WITH_TRANSFORMATION(#14)
SHAPE_REPRESENTATION_RELATIONSHIP()
);
#50=(
REPRESENTATION_RELATIONSHIP($,$,#5840,#5835)
REPRESENTATION_RELATIONSHIP_WITH_TRANSFORMATION(#15)
SHAPE_REPRESENTATION_RELATIONSHIP()
);
#51=(
REPRESENTATION_RELATIONSHIP($,$,#5841,#5835)
REPRESENTATION_RELATIONSHIP_WITH_TRANSFORMATION(#16)
SHAPE_REPRESENTATION_RELATIONSHIP()
);
#52=(
REPRESENTATION_RELATIONSHIP($,$,#5842,#5835)
REPRESENTATION_RELATIONSHIP_WITH_TRANSFORMATION(#17)
SHAPE_REPRESENTATION_RELATIONSHIP()
);
#53=(
REPRESENTATION_RELATIONSHIP($,$,#5843,#5835)
REPRESENTATION_RELATIONSHIP_WITH_TRANSFORMATION(#18)
SHAPE_REPRESENTATION_RELATIONSHIP()
);
#54=(
REPRESENTATION_RELATIONSHIP($,$,#5844,#5835)
REPRESENTATION_RELATIONSHIP_WITH_TRANSFORMATION(#19)
SHAPE_REPRESENTATION_RELATIONSHIP()
);
#55=(
REPRESENTATION_RELATIONSHIP($,$,#5845,#5835)
REPRESENTATION_RELATIONSHIP_WITH_TRANSFORMATION(#20)
SHAPE_REPRESENTATION_RELATIONSHIP()
);
#56=(
REPRESENTATION_RELATIONSHIP($,$,#5846,#5835)
REPRESENTATION_RELATIONSHIP_WITH_TRANSFORMATION(#21)
SHAPE_REPRESENTATION_RELATIONSHIP()
);
#57=(
REPRESENTATION_RELATIONSHIP($,$,#5847,#5835)
REPRESENTATION_RELATIONSHIP_WITH_TRANSFORMATION(#22)
SHAPE_REPRESENTATION_RELATIONSHIP()
);
#58=(
REPRESENTATION_RELATIONSHIP($,$,#5848,#5835)
REPRESENTATION_RELATIONSHIP_WITH_TRANSFORMATION(#23)
SHAPE_REPRESENTATION_RELATIONSHIP()
);
#59=(
REPRESENTATION_RELATIONSHIP($,$,#5849,#5835)
REPRESENTATION_RELATIONSHIP_WITH_TRANSFORMATION(#24)
SHAPE_REPRESENTATION_RELATIONSHIP()
);
#60=(
REPRESENTATION_RELATIONSHIP($,$,#5850,#5835)
REPRESENTATION_RELATIONSHIP_WITH_TRANSFORMATION(#25)
SHAPE_REPRESENTATION_RELATIONSHIP()
);
#61=(
REPRESENTATION_RELATIONSHIP($,$,#5851,#5835)
REPRESENTATION_RELATIONSHIP_WITH_TRANSFORMATION(#26)
SHAPE_REPRESENTATION_RELATIONSHIP()
);
#62=(
REPRESENTATION_RELATIONSHIP($,$,#5852,#5835)
REPRESENTATION_RELATIONSHIP_WITH_TRANSFORMATION(#27)
SHAPE_REPRESENTATION_RELATIONSHIP()
);
#63=(
REPRESENTATION_RELATIONSHIP($,$,#5853,#5835)
REPRESENTATION_RELATIONSHIP_WITH_TRANSFORMATION(#28)
SHAPE_REPRESENTATION_RELATIONSHIP()
);
#64=(
REPRESENTATION_RELATIONSHIP($,$,#5854,#5835)
REPRESENTATION_RELATIONSHIP_WITH_TRANSFORMATION(#29)
SHAPE_REPRESENTATION_RELATIONSHIP()
);
#65=(
REPRESENTATION_RELATIONSHIP($,$,#5855,#5835)
REPRESENTATION_RELATIONSHIP_WITH_TRANSFORMATION(#30)
SHAPE_REPRESENTATION_RELATIONSHIP()
);
#66=(
REPRESENTATION_RELATIONSHIP($,$,#5856,#5835)
REPRESENTATION_RELATIONSHIP_WITH_TRANSFORMATION(#31)
SHAPE_REPRESENTATION_RELATIONSHIP()
);
#67=(
REPRESENTATION_RELATIONSHIP($,$,#5857,#5835)
REPRESENTATION_RELATIONSHIP_WITH_TRANSFORMATION(#32)
SHAPE_REPRESENTATION_RELATIONSHIP()
);
#68=(
REPRESENTATION_RELATIONSHIP($,$,#5858,#5835)
REPRESENTATION_RELATIONSHIP_WITH_TRANSFORMATION(#33)
SHAPE_REPRESENTATION_RELATIONSHIP()
);
#69=(
REPRESENTATION_RELATIONSHIP($,$,#5859,#5835)
REPRESENTATION_RELATIONSHIP_WITH_TRANSFORMATION(#34)
SHAPE_REPRESENTATION_RELATIONSHIP()
);
#70=(
REPRESENTATION_RELATIONSHIP($,$,#5860,#5835)
REPRESENTATION_RELATIONSHIP_WITH_TRANSFORMATION(#35)
SHAPE_REPRESENTATION_RELATIONSHIP()
);
#71=(
REPRESENTATION_RELATIONSHIP($,$,#5861,#5835)
REPRESENTATION_RELATIONSHIP_WITH_TRANSFORMATION(#36)
SHAPE_REPRESENTATION_RELATIONSHIP()
);
#72=(
REPRESENTATION_RELATIONSHIP($,$,#5862,#5835)
REPRESENTATION_RELATIONSHIP_WITH_TRANSFORMATION(#37)
SHAPE_REPRESENTATION_RELATIONSHIP()
);
#73=(
REPRESENTATION_RELATIONSHIP($,$,#5863,#5835)
REPRESENTATION_RELATIONSHIP_WITH_TRANSFORMATION(#38)
SHAPE_REPRESENTATION_RELATIONSHIP()
);
#74=(
REPRESENTATION_RELATIONSHIP($,$,#5864,#5835)
REPRESENTATION_RELATIONSHIP_WITH_TRANSFORMATION(#39)
SHAPE_REPRESENTATION_RELATIONSHIP()
);
#75=(
REPRESENTATION_RELATIONSHIP($,$,#5865,#5835)
REPRESENTATION_RELATIONSHIP_WITH_TRANSFORMATION(#40)
SHAPE_REPRESENTATION_RELATIONSHIP()
);
#76=(
REPRESENTATION_RELATIONSHIP($,$,#5866,#5835)
REPRESENTATION_RELATIONSHIP_WITH_TRANSFORMATION(#41)
SHAPE_REPRESENTATION_RELATIONSHIP()
);
#77=(
REPRESENTATION_RELATIONSHIP($,$,#5867,#5835)
REPRESENTATION_RELATIONSHIP_WITH_TRANSFORMATION(#42)
SHAPE_REPRESENTATION_RELATIONSHIP()
);
#78=(
REPRESENTATION_RELATIONSHIP($,$,#5868,#5835)
REPRESENTATION_RELATIONSHIP_WITH_TRANSFORMATION(#43)
SHAPE_REPRESENTATION_RELATIONSHIP()
);
#79=(
REPRESENTATION_RELATIONSHIP($,$,#5869,#5835)
REPRESENTATION_RELATIONSHIP_WITH_TRANSFORMATION(#44)
SHAPE_REPRESENTATION_RELATIONSHIP()
);
#80=(
REPRESENTATION_RELATIONSHIP($,$,#5870,#5835)
REPRESENTATION_RELATIONSHIP_WITH_TRANSFORMATION(#45)
SHAPE_REPRESENTATION_RELATIONSHIP()
);
#81=CONTEXT_DEPENDENT_SHAPE_REPRESENTATION(#46,#5800);
#82=CONTEXT_DEPENDENT_SHAPE_REPRESENTATION(#47,#5801);
#83=CONTEXT_DEPENDENT_SHAPE_REPRESENTATION(#48,#5802);
#84=CONTEXT_DEPENDENT_SHAPE_REPRESENTATION(#49,#5803);
#85=CONTEXT_DEPENDENT_SHAPE_REPRESENTATION(#50,#5804);
#86=CONTEXT_DEPENDENT_SHAPE_REPRESENTATION(#51,#5805);
#87=CONTEXT_DEPENDENT_SHAPE_REPRESENTATION(#52,#5806);
#88=CONTEXT_DEPENDENT_SHAPE_REPRESENTATION(#53,#5807);
#89=CONTEXT_DEPENDENT_SHAPE_REPRESENTATION(#54,#5808);
#90=CONTEXT_DEPENDENT_SHAPE_REPRESENTATION(#55,#5809);
#91=CONTEXT_DEPENDENT_SHAPE_REPRESENTATION(#56,#5810);
#92=CONTEXT_DEPENDENT_SHAPE_REPRESENTATION(#57,#5811);
#93=CONTEXT_DEPENDENT_SHAPE_REPRESENTATION(#58,#5812);
#94=CONTEXT_DEPENDENT_SHAPE_REPRESENTATION(#59,#5813);
#95=CONTEXT_DEPENDENT_SHAPE_REPRESENTATION(#60,#5814);
#96=CONTEXT_DEPENDENT_SHAPE_REPRESENTATION(#61,#5815);
#97=CONTEXT_DEPENDENT_SHAPE_REPRESENTATION(#62,#5816);
#98=CONTEXT_DEPENDENT_SHAPE_REPRESENTATION(#63,#5817);
#99=CONTEXT_DEPENDENT_SHAPE_REPRESENTATION(#64,#5818);
#100=CONTEXT_DEPENDENT_SHAPE_REPRESENTATION(#65,#5819);
#101=CONTEXT_DEPENDENT_SHAPE_REPRESENTATION(#66,#5820);
#102=CONTEXT_DEPENDENT_SHAPE_REPRESENTATION(#67,#5821);
#103=CONTEXT_DEPENDENT_SHAPE_REPRESENTATION(#68,#5822);
#104=CONTEXT_DEPENDENT_SHAPE_REPRESENTATION(#69,#5823);
#105=CONTEXT_DEPENDENT_SHAPE_REPRESENTATION(#70,#5824);
#106=CONTEXT_DEPENDENT_SHAPE_REPRESENTATION(#71,#5825);
#107=CONTEXT_DEPENDENT_SHAPE_REPRESENTATION(#72,#5826);
#108=CONTEXT_DEPENDENT_SHAPE_REPRESENTATION(#73,#5827);
#109=CONTEXT_DEPENDENT_SHAPE_REPRESENTATION(#74,#5828);
#110=CONTEXT_DEPENDENT_SHAPE_REPRESENTATION(#75,#5829);
#111=CONTEXT_DEPENDENT_SHAPE_REPRESENTATION(#76,#5830);
#112=CONTEXT_DEPENDENT_SHAPE_REPRESENTATION(#77,#5831);
#113=CONTEXT_DEPENDENT_SHAPE_REPRESENTATION(#78,#5832);
#114=CONTEXT_DEPENDENT_SHAPE_REPRESENTATION(#79,#5833);
#115=CONTEXT_DEPENDENT_SHAPE_REPRESENTATION(#80,#5834);
#116=NEXT_ASSEMBLY_USAGE_OCCURRENCE(
'Open CASCADE STEP translator 7.9 1.1:1',
'Open CASCADE STEP translator 7.9 1.1:1',
'Open CASCADE STEP translator 7.9 1.1:1',#5872,#5873,
'Open CASCADE STEP translator 7.9 1.1:1');
#117=NEXT_ASSEMBLY_USAGE_OCCURRENCE(
'Open CASCADE STEP translator 7.9 1.2:1',
'Open CASCADE STEP translator 7.9 1.2:1',
'Open CASCADE STEP translator 7.9 1.2:1',#5872,#5874,
'Open CASCADE STEP translator 7.9 1.2:1');
#118=NEXT_ASSEMBLY_USAGE_OCCURRENCE(
'Open CASCADE STEP translator 7.9 1.3:1',
'Open CASCADE STEP translator 7.9 1.3:1',
'Open CASCADE STEP translator 7.9 1.3:1',#5872,#5875,
'Open CASCADE STEP translator 7.9 1.3:1');
#119=NEXT_ASSEMBLY_USAGE_OCCURRENCE(
'Open CASCADE STEP translator 7.9 1.4:1',
'Open CASCADE STEP translator 7.9 1.4:1',
'Open CASCADE STEP translator 7.9 1.4:1',#5872,#5876,
'Open CASCADE STEP translator 7.9 1.4:1');
#120=NEXT_ASSEMBLY_USAGE_OCCURRENCE(
'Open CASCADE STEP translator 7.9 1.5:1',
'Open CASCADE STEP translator 7.9 1.5:1',
'Open CASCADE STEP translator 7.9 1.5:1',#5872,#5877,
'Open CASCADE STEP translator 7.9 1.5:1');
#121=NEXT_ASSEMBLY_USAGE_OCCURRENCE(
'Open CASCADE STEP translator 7.9 1.6:1',
'Open CASCADE STEP translator 7.9 1.6:1',
'Open CASCADE STEP translator 7.9 1.6:1',#5872,#5878,
'Open CASCADE STEP translator 7.9 1.6:1');
#122=NEXT_ASSEMBLY_USAGE_OCCURRENCE(
'Open CASCADE STEP translator 7.9 1.7:1',
'Open CASCADE STEP translator 7.9 1.7:1',
'Open CASCADE STEP translator 7.9 1.7:1',#5872,#5879,
'Open CASCADE STEP translator 7.9 1.7:1');
#123=NEXT_ASSEMBLY_USAGE_OCCURRENCE(
'Open CASCADE STEP translator 7.9 1.8:1',
'Open CASCADE STEP translator 7.9 1.8:1',
'Open CASCADE STEP translator 7.9 1.8:1',#5872,#5880,
'Open CASCADE STEP translator 7.9 1.8:1');
#124=NEXT_ASSEMBLY_USAGE_OCCURRENCE(
'Open CASCADE STEP translator 7.9 1.9:1',
'Open CASCADE STEP translator 7.9 1.9:1',
'Open CASCADE STEP translator 7.9 1.9:1',#5872,#5881,
'Open CASCADE STEP translator 7.9 1.9:1');
#125=NEXT_ASSEMBLY_USAGE_OCCURRENCE(
'Open CASCADE STEP translator 7.9 1.10:1',
'Open CASCADE STEP translator 7.9 1.10:1',
'Open CASCADE STEP translator 7.9 1.10:1',#5872,#5882,
'Open CASCADE STEP translator 7.9 1.10:1');
#126=NEXT_ASSEMBLY_USAGE_OCCURRENCE(
'Open CASCADE STEP translator 7.9 1.11:1',
'Open CASCADE STEP translator 7.9 1.11:1',
'Open CASCADE STEP translator 7.9 1.11:1',#5872,#5883,
'Open CASCADE STEP translator 7.9 1.11:1');
#127=NEXT_ASSEMBLY_USAGE_OCCURRENCE(
'Open CASCADE STEP translator 7.9 1.12:1',
'Open CASCADE STEP translator 7.9 1.12:1',
'Open CASCADE STEP translator 7.9 1.12:1',#5872,#5884,
'Open CASCADE STEP translator 7.9 1.12:1');
#128=NEXT_ASSEMBLY_USAGE_OCCURRENCE(
'Open CASCADE STEP translator 7.9 1.13:1',
'Open CASCADE STEP translator 7.9 1.13:1',
'Open CASCADE STEP translator 7.9 1.13:1',#5872,#5885,
'Open CASCADE STEP translator 7.9 1.13:1');
#129=NEXT_ASSEMBLY_USAGE_OCCURRENCE(
'Open CASCADE STEP translator 7.9 1.14:1',
'Open CASCADE STEP translator 7.9 1.14:1',
'Open CASCADE STEP translator 7.9 1.14:1',#5872,#5886,
'Open CASCADE STEP translator 7.9 1.14:1');
#130=NEXT_ASSEMBLY_USAGE_OCCURRENCE(
'Open CASCADE STEP translator 7.9 1.15:1',
'Open CASCADE STEP translator 7.9 1.15:1',
'Open CASCADE STEP translator 7.9 1.15:1',#5872,#5887,
'Open CASCADE STEP translator 7.9 1.15:1');
#131=NEXT_ASSEMBLY_USAGE_OCCURRENCE(
'Open CASCADE STEP translator 7.9 1.16:1',
'Open CASCADE STEP translator 7.9 1.16:1',
'Open CASCADE STEP translator 7.9 1.16:1',#5872,#5888,
'Open CASCADE STEP translator 7.9 1.16:1');
#132=NEXT_ASSEMBLY_USAGE_OCCURRENCE(
'Open CASCADE STEP translator 7.9 1.17:1',
'Open CASCADE STEP translator 7.9 1.17:1',
'Open CASCADE STEP translator 7.9 1.17:1',#5872,#5889,
'Open CASCADE STEP translator 7.9 1.17:1');
#133=NEXT_ASSEMBLY_USAGE_OCCURRENCE(
'Open CASCADE STEP translator 7.9 1.18:1',
'Open CASCADE STEP translator 7.9 1.18:1',
'Open CASCADE STEP translator 7.9 1.18:1',#5872,#5890,
'Open CASCADE STEP translator 7.9 1.18:1');
#134=NEXT_ASSEMBLY_USAGE_OCCURRENCE(
'Open CASCADE STEP translator 7.9 1.19:1',
'Open CASCADE STEP translator 7.9 1.19:1',
'Open CASCADE STEP translator 7.9 1.19:1',#5872,#5891,
'Open CASCADE STEP translator 7.9 1.19:1');
#135=NEXT_ASSEMBLY_USAGE_OCCURRENCE(
'Open CASCADE STEP translator 7.9 1.20:1',
'Open CASCADE STEP translator 7.9 1.20:1',
'Open CASCADE STEP translator 7.9 1.20:1',#5872,#5892,
'Open CASCADE STEP translator 7.9 1.20:1');
#136=NEXT_ASSEMBLY_USAGE_OCCURRENCE(
'Open CASCADE STEP translator 7.9 1.21:1',
'Open CASCADE STEP translator 7.9 1.21:1',
'Open CASCADE STEP translator 7.9 1.21:1',#5872,#5893,
'Open CASCADE STEP translator 7.9 1.21:1');
#137=NEXT_ASSEMBLY_USAGE_OCCURRENCE(
'Open CASCADE STEP translator 7.9 1.22:1',
'Open CASCADE STEP translator 7.9 1.22:1',
'Open CASCADE STEP translator 7.9 1.22:1',#5872,#5894,
'Open CASCADE STEP translator 7.9 1.22:1');
#138=NEXT_ASSEMBLY_USAGE_OCCURRENCE(
'Open CASCADE STEP translator 7.9 1.23:1',
'Open CASCADE STEP translator 7.9 1.23:1',
'Open CASCADE STEP translator 7.9 1.23:1',#5872,#5895,
'Open CASCADE STEP translator 7.9 1.23:1');
#139=NEXT_ASSEMBLY_USAGE_OCCURRENCE(
'Open CASCADE STEP translator 7.9 1.24:1',
'Open CASCADE STEP translator 7.9 1.24:1',
'Open CASCADE STEP translator 7.9 1.24:1',#5872,#5896,
'Open CASCADE STEP translator 7.9 1.24:1');
#140=NEXT_ASSEMBLY_USAGE_OCCURRENCE(
'Open CASCADE STEP translator 7.9 1.25:1',
'Open CASCADE STEP translator 7.9 1.25:1',
'Open CASCADE STEP translator 7.9 1.25:1',#5872,#5897,
'Open CASCADE STEP translator 7.9 1.25:1');
#141=NEXT_ASSEMBLY_USAGE_OCCURRENCE(
'Open CASCADE STEP translator 7.9 1.26:1',
'Open CASCADE STEP translator 7.9 1.26:1',
'Open CASCADE STEP translator 7.9 1.26:1',#5872,#5898,
'Open CASCADE STEP translator 7.9 1.26:1');
#142=NEXT_ASSEMBLY_USAGE_OCCURRENCE(
'Open CASCADE STEP translator 7.9 1.27:1',
'Open CASCADE STEP translator 7.9 1.27:1',
'Open CASCADE STEP translator 7.9 1.27:1',#5872,#5899,
'Open CASCADE STEP translator 7.9 1.27:1');
#143=NEXT_ASSEMBLY_USAGE_OCCURRENCE(
'Open CASCADE STEP translator 7.9 1.28:1',
'Open CASCADE STEP translator 7.9 1.28:1',
'Open CASCADE STEP translator 7.9 1.28:1',#5872,#5900,
'Open CASCADE STEP translator 7.9 1.28:1');
#144=NEXT_ASSEMBLY_USAGE_OCCURRENCE(
'Open CASCADE STEP translator 7.9 1.29:1',
'Open CASCADE STEP translator 7.9 1.29:1',
'Open CASCADE STEP translator 7.9 1.29:1',#5872,#5901,
'Open CASCADE STEP translator 7.9 1.29:1');
#145=NEXT_ASSEMBLY_USAGE_OCCURRENCE(
'Open CASCADE STEP translator 7.9 1.30:1',
'Open CASCADE STEP translator 7.9 1.30:1',
'Open CASCADE STEP translator 7.9 1.30:1',#5872,#5902,
'Open CASCADE STEP translator 7.9 1.30:1');
#146=NEXT_ASSEMBLY_USAGE_OCCURRENCE(
'Open CASCADE STEP translator 7.9 1.31:1',
'Open CASCADE STEP translator 7.9 1.31:1',
'Open CASCADE STEP translator 7.9 1.31:1',#5872,#5903,
'Open CASCADE STEP translator 7.9 1.31:1');
#147=NEXT_ASSEMBLY_USAGE_OCCURRENCE(
'Open CASCADE STEP translator 7.9 1.32:1',
'Open CASCADE STEP translator 7.9 1.32:1',
'Open CASCADE STEP translator 7.9 1.32:1',#5872,#5904,
'Open CASCADE STEP translator 7.9 1.32:1');
#148=NEXT_ASSEMBLY_USAGE_OCCURRENCE(
'Open CASCADE STEP translator 7.9 1.33:1',
'Open CASCADE STEP translator 7.9 1.33:1',
'Open CASCADE STEP translator 7.9 1.33:1',#5872,#5905,
'Open CASCADE STEP translator 7.9 1.33:1');
#149=NEXT_ASSEMBLY_USAGE_OCCURRENCE(
'Open CASCADE STEP translator 7.9 1.34:1',
'Open CASCADE STEP translator 7.9 1.34:1',
'Open CASCADE STEP translator 7.9 1.34:1',#5872,#5906,
'Open CASCADE STEP translator 7.9 1.34:1');
#150=NEXT_ASSEMBLY_USAGE_OCCURRENCE(
'Open CASCADE STEP translator 7.9 1.35:1',
'Open CASCADE STEP translator 7.9 1.35:1',
'Open CASCADE STEP translator 7.9 1.35:1',#5872,#5907,
'Open CASCADE STEP translator 7.9 1.35:1');
#151=ELLIPSE('',#3728,7.071067811865,5.);
#152=ELLIPSE('',#3729,7.071067811865,5.);
#153=ELLIPSE('',#3731,7.071067811865,5.);
#154=ELLIPSE('',#3732,7.071067811865,5.);
#155=ELLIPSE('',#3756,7.071067811865,5.);
#156=ELLIPSE('',#3759,7.071067811865,5.);
#157=ELLIPSE('',#3762,7.071067811865,5.);
#158=TOROIDAL_SURFACE('',#3718,211.,1.4);
#159=TOROIDAL_SURFACE('',#3722,211.,1.4);
#160=CONICAL_SURFACE('',#3692,203.5,0.185347949996);
#161=CONICAL_SURFACE('',#3694,205.,0.174672199008);
#162=CONICAL_SURFACE('',#3696,208.,0.08314123188844);
#163=CONICAL_SURFACE('',#3698,210.5,0.03332099587825);
#164=CONICAL_SURFACE('',#3700,212.,0.006249918621699);
#165=CONICAL_SURFACE('',#3704,212.5,0.01333254329415);
#166=CONICAL_SURFACE('',#3706,211.5,0.05549850524572);
#167=CONICAL_SURFACE('',#3708,209.,0.11614162688);
#168=CONICAL_SURFACE('',#3710,205.5,0.09966865249116);
#169=SHAPE_REPRESENTATION_RELATIONSHIP('SRR','None',#5836,#204);
#170=SHAPE_REPRESENTATION_RELATIONSHIP('SRR','None',#5837,#205);
#171=SHAPE_REPRESENTATION_RELATIONSHIP('SRR','None',#5838,#206);
#172=SHAPE_REPRESENTATION_RELATIONSHIP('SRR','None',#5839,#207);
#173=SHAPE_REPRESENTATION_RELATIONSHIP('SRR','None',#5840,#208);
#174=SHAPE_REPRESENTATION_RELATIONSHIP('SRR','None',#5841,#209);
#175=SHAPE_REPRESENTATION_RELATIONSHIP('SRR','None',#5842,#210);
#176=SHAPE_REPRESENTATION_RELATIONSHIP('SRR','None',#5843,#211);
#177=SHAPE_REPRESENTATION_RELATIONSHIP('SRR','None',#5844,#212);
#178=SHAPE_REPRESENTATION_RELATIONSHIP('SRR','None',#5845,#213);
#179=SHAPE_REPRESENTATION_RELATIONSHIP('SRR','None',#5846,#214);
#180=SHAPE_REPRESENTATION_RELATIONSHIP('SRR','None',#5847,#215);
#181=SHAPE_REPRESENTATION_RELATIONSHIP('SRR','None',#5848,#216);
#182=SHAPE_REPRESENTATION_RELATIONSHIP('SRR','None',#5849,#217);
#183=SHAPE_REPRESENTATION_RELATIONSHIP('SRR','None',#5850,#218);
#184=SHAPE_REPRESENTATION_RELATIONSHIP('SRR','None',#5851,#219);
#185=SHAPE_REPRESENTATION_RELATIONSHIP('SRR','None',#5852,#220);
#186=SHAPE_REPRESENTATION_RELATIONSHIP('SRR','None',#5853,#221);
#187=SHAPE_REPRESENTATION_RELATIONSHIP('SRR','None',#5854,#222);
#188=SHAPE_REPRESENTATION_RELATIONSHIP('SRR','None',#5855,#223);
#189=SHAPE_REPRESENTATION_RELATIONSHIP('SRR','None',#5856,#224);
#190=SHAPE_REPRESENTATION_RELATIONSHIP('SRR','None',#5857,#225);
#191=SHAPE_REPRESENTATION_RELATIONSHIP('SRR','None',#5858,#226);
#192=SHAPE_REPRESENTATION_RELATIONSHIP('SRR','None',#5859,#227);
#193=SHAPE_REPRESENTATION_RELATIONSHIP('SRR','None',#5860,#228);
#194=SHAPE_REPRESENTATION_RELATIONSHIP('SRR','None',#5861,#229);
#195=SHAPE_REPRESENTATION_RELATIONSHIP('SRR','None',#5862,#230);
#196=SHAPE_REPRESENTATION_RELATIONSHIP('SRR','None',#5863,#231);
#197=SHAPE_REPRESENTATION_RELATIONSHIP('SRR','None',#5864,#232);
#198=SHAPE_REPRESENTATION_RELATIONSHIP('SRR','None',#5865,#233);
#199=SHAPE_REPRESENTATION_RELATIONSHIP('SRR','None',#5866,#234);
#200=SHAPE_REPRESENTATION_RELATIONSHIP('SRR','None',#5867,#235);
#201=SHAPE_REPRESENTATION_RELATIONSHIP('SRR','None',#5868,#236);
#202=SHAPE_REPRESENTATION_RELATIONSHIP('SRR','None',#5869,#237);
#203=SHAPE_REPRESENTATION_RELATIONSHIP('SRR','None',#5870,#238);
#204=ADVANCED_BREP_SHAPE_REPRESENTATION('',(#274),#5688);
#205=ADVANCED_BREP_SHAPE_REPRESENTATION('',(#275),#5689);
#206=ADVANCED_BREP_SHAPE_REPRESENTATION('',(#276),#5690);
#207=ADVANCED_BREP_SHAPE_REPRESENTATION('',(#277),#5691);
#208=ADVANCED_BREP_SHAPE_REPRESENTATION('',(#278),#5692);
#209=ADVANCED_BREP_SHAPE_REPRESENTATION('',(#279),#5693);
#210=ADVANCED_BREP_SHAPE_REPRESENTATION('',(#280),#5694);
#211=ADVANCED_BREP_SHAPE_REPRESENTATION('',(#281),#5695);
#212=ADVANCED_BREP_SHAPE_REPRESENTATION('',(#282),#5696);
#213=ADVANCED_BREP_SHAPE_REPRESENTATION('',(#283),#5697);
#214=ADVANCED_BREP_SHAPE_REPRESENTATION('',(#284),#5698);
#215=ADVANCED_BREP_SHAPE_REPRESENTATION('',(#285),#5699);
#216=ADVANCED_BREP_SHAPE_REPRESENTATION('',(#286),#5700);
#217=ADVANCED_BREP_SHAPE_REPRESENTATION('',(#287),#5701);
#218=ADVANCED_BREP_SHAPE_REPRESENTATION('',(#288),#5702);
#219=ADVANCED_BREP_SHAPE_REPRESENTATION('',(#289),#5703);
#220=ADVANCED_BREP_SHAPE_REPRESENTATION('',(#290),#5704);
#221=ADVANCED_BREP_SHAPE_REPRESENTATION('',(#291),#5705);
#222=ADVANCED_BREP_SHAPE_REPRESENTATION('',(#292),#5706);
#223=ADVANCED_BREP_SHAPE_REPRESENTATION('',(#293),#5707);
#224=ADVANCED_BREP_SHAPE_REPRESENTATION('',(#294),#5708);
#225=ADVANCED_BREP_SHAPE_REPRESENTATION('',(#295),#5709);
#226=ADVANCED_BREP_SHAPE_REPRESENTATION('',(#296),#5710);
#227=ADVANCED_BREP_SHAPE_REPRESENTATION('',(#297),#5711);
#228=ADVANCED_BREP_SHAPE_REPRESENTATION('',(#298),#5712);
#229=ADVANCED_BREP_SHAPE_REPRESENTATION('',(#299),#5713);
#230=ADVANCED_BREP_SHAPE_REPRESENTATION('',(#300),#5714);
#231=ADVANCED_BREP_SHAPE_REPRESENTATION('',(#301),#5715);
#232=ADVANCED_BREP_SHAPE_REPRESENTATION('',(#302),#5716);
#233=ADVANCED_BREP_SHAPE_REPRESENTATION('',(#303),#5717);
#234=ADVANCED_BREP_SHAPE_REPRESENTATION('',(#304),#5718);
#235=ADVANCED_BREP_SHAPE_REPRESENTATION('',(#305),#5719);
#236=ADVANCED_BREP_SHAPE_REPRESENTATION('',(#306),#5720);
#237=ADVANCED_BREP_SHAPE_REPRESENTATION('',(#307),#5721);
#238=ADVANCED_BREP_SHAPE_REPRESENTATION('',(#308),#5722);
#239=STYLED_ITEM('',(#6019),#274);
#240=STYLED_ITEM('',(#6019),#275);
#241=STYLED_ITEM('',(#6019),#276);
#242=STYLED_ITEM('',(#6019),#277);
#243=STYLED_ITEM('',(#6019),#278);
#244=STYLED_ITEM('',(#6019),#279);
#245=STYLED_ITEM('',(#6019),#280);
#246=STYLED_ITEM('',(#6019),#281);
#247=STYLED_ITEM('',(#6019),#282);
#248=STYLED_ITEM('',(#6019),#283);
#249=STYLED_ITEM('',(#6019),#284);
#250=STYLED_ITEM('',(#6019),#285);
#251=STYLED_ITEM('',(#6019),#286);
#252=STYLED_ITEM('',(#6019),#287);
#253=STYLED_ITEM('',(#6019),#288);
#254=STYLED_ITEM('',(#6019),#289);
#255=STYLED_ITEM('',(#6019),#290);
#256=STYLED_ITEM('',(#6019),#291);
#257=STYLED_ITEM('',(#6019),#292);
#258=STYLED_ITEM('',(#6019),#293);
#259=STYLED_ITEM('',(#6019),#294);
#260=STYLED_ITEM('',(#6019),#295);
#261=STYLED_ITEM('',(#6019),#296);
#262=STYLED_ITEM('',(#6019),#297);
#263=STYLED_ITEM('',(#6019),#298);
#264=STYLED_ITEM('',(#6019),#299);
#265=STYLED_ITEM('',(#6019),#300);
#266=STYLED_ITEM('',(#6019),#301);
#267=STYLED_ITEM('',(#6019),#302);
#268=STYLED_ITEM('',(#6019),#303);
#269=STYLED_ITEM('',(#6019),#304);
#270=STYLED_ITEM('',(#6019),#305);
#271=STYLED_ITEM('',(#6019),#306);
#272=STYLED_ITEM('',(#6019),#307);
#273=STYLED_ITEM('',(#6019),#308);
#274=MANIFOLD_SOLID_BREP('Body1',#3046);
#275=MANIFOLD_SOLID_BREP('Body1',#3047);
#276=MANIFOLD_SOLID_BREP('Body1',#3048);
#277=MANIFOLD_SOLID_BREP('Body1',#3049);
#278=MANIFOLD_SOLID_BREP('Body1',#3050);
#279=MANIFOLD_SOLID_BREP('Body1',#3051);
#280=MANIFOLD_SOLID_BREP('Body1',#3052);
#281=MANIFOLD_SOLID_BREP('Body1',#3053);
#282=MANIFOLD_SOLID_BREP('Body1',#3054);
#283=MANIFOLD_SOLID_BREP('Body1',#3055);
#284=MANIFOLD_SOLID_BREP('Body1',#3056);
#285=MANIFOLD_SOLID_BREP('Body1',#3057);
#286=MANIFOLD_SOLID_BREP('Body1',#3058);
#287=MANIFOLD_SOLID_BREP('Body1',#3059);
#288=MANIFOLD_SOLID_BREP('Body1',#3060);
#289=MANIFOLD_SOLID_BREP('Body1',#3061);
#290=MANIFOLD_SOLID_BREP('Body1',#3062);
#291=MANIFOLD_SOLID_BREP('Body1',#3063);
#292=MANIFOLD_SOLID_BREP('Body1',#3064);
#293=MANIFOLD_SOLID_BREP('Body1',#3065);
#294=MANIFOLD_SOLID_BREP('Body1',#3066);
#295=MANIFOLD_SOLID_BREP('Body1',#3067);
#296=MANIFOLD_SOLID_BREP('Body1',#3068);
#297=MANIFOLD_SOLID_BREP('Body1',#3069);
#298=MANIFOLD_SOLID_BREP('Body1',#3070);
#299=MANIFOLD_SOLID_BREP('Body1',#3071);
#300=MANIFOLD_SOLID_BREP('Body1',#3072);
#301=MANIFOLD_SOLID_BREP('Body1',#3073);
#302=MANIFOLD_SOLID_BREP('Body1',#3074);
#303=MANIFOLD_SOLID_BREP('Body1',#3075);
#304=MANIFOLD_SOLID_BREP('Body1',#3076);
#305=MANIFOLD_SOLID_BREP('Body1',#3077);
#306=MANIFOLD_SOLID_BREP('Body1',#3078);
#307=MANIFOLD_SOLID_BREP('Body1',#3079);
#308=MANIFOLD_SOLID_BREP('Body1',#3080);
#309=FACE_BOUND('',#682,.T.);
#310=FACE_BOUND('',#684,.T.);
#311=FACE_BOUND('',#688,.T.);
#312=FACE_BOUND('',#690,.T.);
#313=FACE_BOUND('',#697,.T.);
#314=FACE_BOUND('',#699,.T.);
#315=FACE_BOUND('',#703,.T.);
#316=FACE_BOUND('',#705,.T.);
#317=FACE_BOUND('',#709,.T.);
#318=FACE_BOUND('',#711,.T.);
#319=FACE_BOUND('',#829,.T.);
#320=FACE_BOUND('',#831,.T.);
#321=FACE_BOUND('',#841,.T.);
#322=FACE_BOUND('',#843,.T.);
#323=FACE_BOUND('',#848,.T.);
#324=FACE_BOUND('',#861,.T.);
#325=FACE_BOUND('',#872,.T.);
#326=FACE_BOUND('',#875,.T.);
#327=FACE_BOUND('',#887,.T.);
#328=FACE_BOUND('',#890,.T.);
#329=PLANE('',#3475);
#330=PLANE('',#3476);
#331=PLANE('',#3484);
#332=PLANE('',#3485);
#333=PLANE('',#3490);
#334=PLANE('',#3491);
#335=PLANE('',#3499);
#336=PLANE('',#3500);
#337=PLANE('',#3508);
#338=PLANE('',#3509);
#339=PLANE('',#3517);
#340=PLANE('',#3518);
#341=PLANE('',#3520);
#342=PLANE('',#3521);
#343=PLANE('',#3522);
#344=PLANE('',#3523);
#345=PLANE('',#3524);
#346=PLANE('',#3525);
#347=PLANE('',#3527);
#348=PLANE('',#3528);
#349=PLANE('',#3529);
#350=PLANE('',#3530);
#351=PLANE('',#3531);
#352=PLANE('',#3532);
#353=PLANE('',#3534);
#354=PLANE('',#3535);
#355=PLANE('',#3536);
#356=PLANE('',#3537);
#357=PLANE('',#3538);
#358=PLANE('',#3539);
#359=PLANE('',#3541);
#360=PLANE('',#3542);
#361=PLANE('',#3543);
#362=PLANE('',#3544);
#363=PLANE('',#3545);
#364=PLANE('',#3546);
#365=PLANE('',#3548);
#366=PLANE('',#3549);
#367=PLANE('',#3550);
#368=PLANE('',#3551);
#369=PLANE('',#3552);
#370=PLANE('',#3553);
#371=PLANE('',#3555);
#372=PLANE('',#3556);
#373=PLANE('',#3557);
#374=PLANE('',#3558);
#375=PLANE('',#3559);
#376=PLANE('',#3560);
#377=PLANE('',#3562);
#378=PLANE('',#3563);
#379=PLANE('',#3564);
#380=PLANE('',#3565);
#381=PLANE('',#3566);
#382=PLANE('',#3567);
#383=PLANE('',#3569);
#384=PLANE('',#3570);
#385=PLANE('',#3571);
#386=PLANE('',#3572);
#387=PLANE('',#3573);
#388=PLANE('',#3574);
#389=PLANE('',#3576);
#390=PLANE('',#3577);
#391=PLANE('',#3578);
#392=PLANE('',#3579);
#393=PLANE('',#3580);
#394=PLANE('',#3581);
#395=PLANE('',#3583);
#396=PLANE('',#3584);
#397=PLANE('',#3585);
#398=PLANE('',#3586);
#399=PLANE('',#3587);
#400=PLANE('',#3588);
#401=PLANE('',#3590);
#402=PLANE('',#3591);
#403=PLANE('',#3592);
#404=PLANE('',#3593);
#405=PLANE('',#3594);
#406=PLANE('',#3595);
#407=PLANE('',#3597);
#408=PLANE('',#3598);
#409=PLANE('',#3599);
#410=PLANE('',#3600);
#411=PLANE('',#3601);
#412=PLANE('',#3602);
#413=PLANE('',#3604);
#414=PLANE('',#3605);
#415=PLANE('',#3606);
#416=PLANE('',#3607);
#417=PLANE('',#3608);
#418=PLANE('',#3609);
#419=PLANE('',#3611);
#420=PLANE('',#3612);
#421=PLANE('',#3613);
#422=PLANE('',#3614);
#423=PLANE('',#3615);
#424=PLANE('',#3616);
#425=PLANE('',#3618);
#426=PLANE('',#3619);
#427=PLANE('',#3620);
#428=PLANE('',#3621);
#429=PLANE('',#3622);
#430=PLANE('',#3623);
#431=PLANE('',#3625);
#432=PLANE('',#3626);
#433=PLANE('',#3627);
#434=PLANE('',#3628);
#435=PLANE('',#3629);
#436=PLANE('',#3630);
#437=PLANE('',#3632);
#438=PLANE('',#3633);
#439=PLANE('',#3634);
#440=PLANE('',#3635);
#441=PLANE('',#3636);
#442=PLANE('',#3637);
#443=PLANE('',#3639);
#444=PLANE('',#3640);
#445=PLANE('',#3641);
#446=PLANE('',#3642);
#447=PLANE('',#3643);
#448=PLANE('',#3644);
#449=PLANE('',#3646);
#450=PLANE('',#3647);
#451=PLANE('',#3648);
#452=PLANE('',#3649);
#453=PLANE('',#3650);
#454=PLANE('',#3651);
#455=PLANE('',#3659);
#456=PLANE('',#3660);
#457=PLANE('',#3665);
#458=PLANE('',#3666);
#459=PLANE('',#3671);
#460=PLANE('',#3672);
#461=PLANE('',#3680);
#462=PLANE('',#3681);
#463=PLANE('',#3686);
#464=PLANE('',#3687);
#465=PLANE('',#3689);
#466=PLANE('',#3714);
#467=PLANE('',#3733);
#468=PLANE('',#3737);
#469=PLANE('',#3742);
#470=PLANE('',#3743);
#471=PLANE('',#3745);
#472=PLANE('',#3746);
#473=PLANE('',#3752);
#474=PLANE('',#3753);
#475=PLANE('',#3763);
#476=PLANE('',#3771);
#477=PLANE('',#3772);
#478=PLANE('',#3773);
#479=PLANE('',#3775);
#480=PLANE('',#3776);
#481=PLANE('',#3782);
#482=PLANE('',#3783);
#483=FACE_OUTER_BOUND('',#679,.T.);
#484=FACE_OUTER_BOUND('',#680,.T.);
#485=FACE_OUTER_BOUND('',#681,.T.);
#486=FACE_OUTER_BOUND('',#683,.T.);
#487=FACE_OUTER_BOUND('',#685,.T.);
#488=FACE_OUTER_BOUND('',#686,.T.);
#489=FACE_OUTER_BOUND('',#687,.T.);
#490=FACE_OUTER_BOUND('',#689,.T.);
#491=FACE_OUTER_BOUND('',#691,.T.);
#492=FACE_OUTER_BOUND('',#692,.T.);
#493=FACE_OUTER_BOUND('',#693,.T.);
#494=FACE_OUTER_BOUND('',#694,.T.);
#495=FACE_OUTER_BOUND('',#695,.T.);
#496=FACE_OUTER_BOUND('',#696,.T.);
#497=FACE_OUTER_BOUND('',#698,.T.);
#498=FACE_OUTER_BOUND('',#700,.T.);
#499=FACE_OUTER_BOUND('',#701,.T.);
#500=FACE_OUTER_BOUND('',#702,.T.);
#501=FACE_OUTER_BOUND('',#704,.T.);
#502=FACE_OUTER_BOUND('',#706,.T.);
#503=FACE_OUTER_BOUND('',#707,.T.);
#504=FACE_OUTER_BOUND('',#708,.T.);
#505=FACE_OUTER_BOUND('',#710,.T.);
#506=FACE_OUTER_BOUND('',#712,.T.);
#507=FACE_OUTER_BOUND('',#713,.T.);
#508=FACE_OUTER_BOUND('',#714,.T.);
#509=FACE_OUTER_BOUND('',#715,.T.);
#510=FACE_OUTER_BOUND('',#716,.T.);
#511=FACE_OUTER_BOUND('',#717,.T.);
#512=FACE_OUTER_BOUND('',#718,.T.);
#513=FACE_OUTER_BOUND('',#719,.T.);
#514=FACE_OUTER_BOUND('',#720,.T.);
#515=FACE_OUTER_BOUND('',#721,.T.);
#516=FACE_OUTER_BOUND('',#722,.T.);
#517=FACE_OUTER_BOUND('',#723,.T.);
#518=FACE_OUTER_BOUND('',#724,.T.);
#519=FACE_OUTER_BOUND('',#725,.T.);
#520=FACE_OUTER_BOUND('',#726,.T.);
#521=FACE_OUTER_BOUND('',#727,.T.);
#522=FACE_OUTER_BOUND('',#728,.T.);
#523=FACE_OUTER_BOUND('',#729,.T.);
#524=FACE_OUTER_BOUND('',#730,.T.);
#525=FACE_OUTER_BOUND('',#731,.T.);
#526=FACE_OUTER_BOUND('',#732,.T.);
#527=FACE_OUTER_BOUND('',#733,.T.);
#528=FACE_OUTER_BOUND('',#734,.T.);
#529=FACE_OUTER_BOUND('',#735,.T.);
#530=FACE_OUTER_BOUND('',#736,.T.);
#531=FACE_OUTER_BOUND('',#737,.T.);
#532=FACE_OUTER_BOUND('',#738,.T.);
#533=FACE_OUTER_BOUND('',#739,.T.);
#534=FACE_OUTER_BOUND('',#740,.T.);
#535=FACE_OUTER_BOUND('',#741,.T.);
#536=FACE_OUTER_BOUND('',#742,.T.);
#537=FACE_OUTER_BOUND('',#743,.T.);
#538=FACE_OUTER_BOUND('',#744,.T.);
#539=FACE_OUTER_BOUND('',#745,.T.);
#540=FACE_OUTER_BOUND('',#746,.T.);
#541=FACE_OUTER_BOUND('',#747,.T.);
#542=FACE_OUTER_BOUND('',#748,.T.);
#543=FACE_OUTER_BOUND('',#749,.T.);
#544=FACE_OUTER_BOUND('',#750,.T.);
#545=FACE_OUTER_BOUND('',#751,.T.);
#546=FACE_OUTER_BOUND('',#752,.T.);
#547=FACE_OUTER_BOUND('',#753,.T.);
#548=FACE_OUTER_BOUND('',#754,.T.);
#549=FACE_OUTER_BOUND('',#755,.T.);
#550=FACE_OUTER_BOUND('',#756,.T.);
#551=FACE_OUTER_BOUND('',#757,.T.);
#552=FACE_OUTER_BOUND('',#758,.T.);
#553=FACE_OUTER_BOUND('',#759,.T.);
#554=FACE_OUTER_BOUND('',#760,.T.);
#555=FACE_OUTER_BOUND('',#761,.T.);
#556=FACE_OUTER_BOUND('',#762,.T.);
#557=FACE_OUTER_BOUND('',#763,.T.);
#558=FACE_OUTER_BOUND('',#764,.T.);
#559=FACE_OUTER_BOUND('',#765,.T.);
#560=FACE_OUTER_BOUND('',#766,.T.);
#561=FACE_OUTER_BOUND('',#767,.T.);
#562=FACE_OUTER_BOUND('',#768,.T.);
#563=FACE_OUTER_BOUND('',#769,.T.);
#564=FACE_OUTER_BOUND('',#770,.T.);
#565=FACE_OUTER_BOUND('',#771,.T.);
#566=FACE_OUTER_BOUND('',#772,.T.);
#567=FACE_OUTER_BOUND('',#773,.T.);
#568=FACE_OUTER_BOUND('',#774,.T.);
#569=FACE_OUTER_BOUND('',#775,.T.);
#570=FACE_OUTER_BOUND('',#776,.T.);
#571=FACE_OUTER_BOUND('',#777,.T.);
#572=FACE_OUTER_BOUND('',#778,.T.);
#573=FACE_OUTER_BOUND('',#779,.T.);
#574=FACE_OUTER_BOUND('',#780,.T.);
#575=FACE_OUTER_BOUND('',#781,.T.);
#576=FACE_OUTER_BOUND('',#782,.T.);
#577=FACE_OUTER_BOUND('',#783,.T.);
#578=FACE_OUTER_BOUND('',#784,.T.);
#579=FACE_OUTER_BOUND('',#785,.T.);
#580=FACE_OUTER_BOUND('',#786,.T.);
#581=FACE_OUTER_BOUND('',#787,.T.);
#582=FACE_OUTER_BOUND('',#788,.T.);
#583=FACE_OUTER_BOUND('',#789,.T.);
#584=FACE_OUTER_BOUND('',#790,.T.);
#585=FACE_OUTER_BOUND('',#791,.T.);
#586=FACE_OUTER_BOUND('',#792,.T.);
#587=FACE_OUTER_BOUND('',#793,.T.);
#588=FACE_OUTER_BOUND('',#794,.T.);
#589=FACE_OUTER_BOUND('',#795,.T.);
#590=FACE_OUTER_BOUND('',#796,.T.);
#591=FACE_OUTER_BOUND('',#797,.T.);
#592=FACE_OUTER_BOUND('',#798,.T.);
#593=FACE_OUTER_BOUND('',#799,.T.);
#594=FACE_OUTER_BOUND('',#800,.T.);
#595=FACE_OUTER_BOUND('',#801,.T.);
#596=FACE_OUTER_BOUND('',#802,.T.);
#597=FACE_OUTER_BOUND('',#803,.T.);
#598=FACE_OUTER_BOUND('',#804,.T.);
#599=FACE_OUTER_BOUND('',#805,.T.);
#600=FACE_OUTER_BOUND('',#806,.T.);
#601=FACE_OUTER_BOUND('',#807,.T.);
#602=FACE_OUTER_BOUND('',#808,.T.);
#603=FACE_OUTER_BOUND('',#809,.T.);
#604=FACE_OUTER_BOUND('',#810,.T.);
#605=FACE_OUTER_BOUND('',#811,.T.);
#606=FACE_OUTER_BOUND('',#812,.T.);
#607=FACE_OUTER_BOUND('',#813,.T.);
#608=FACE_OUTER_BOUND('',#814,.T.);
#609=FACE_OUTER_BOUND('',#815,.T.);
#610=FACE_OUTER_BOUND('',#816,.T.);
#611=FACE_OUTER_BOUND('',#817,.T.);
#612=FACE_OUTER_BOUND('',#818,.T.);
#613=FACE_OUTER_BOUND('',#819,.T.);
#614=FACE_OUTER_BOUND('',#820,.T.);
#615=FACE_OUTER_BOUND('',#821,.T.);
#616=FACE_OUTER_BOUND('',#822,.T.);
#617=FACE_OUTER_BOUND('',#823,.T.);
#618=FACE_OUTER_BOUND('',#824,.T.);
#619=FACE_OUTER_BOUND('',#825,.T.);
#620=FACE_OUTER_BOUND('',#826,.T.);
#621=FACE_OUTER_BOUND('',#827,.T.);
#622=FACE_OUTER_BOUND('',#828,.T.);
#623=FACE_OUTER_BOUND('',#830,.T.);
#624=FACE_OUTER_BOUND('',#832,.T.);
#625=FACE_OUTER_BOUND('',#833,.T.);
#626=FACE_OUTER_BOUND('',#834,.T.);
#627=FACE_OUTER_BOUND('',#835,.T.);
#628=FACE_OUTER_BOUND('',#836,.T.);
#629=FACE_OUTER_BOUND('',#837,.T.);
#630=FACE_OUTER_BOUND('',#838,.T.);
#631=FACE_OUTER_BOUND('',#839,.T.);
#632=FACE_OUTER_BOUND('',#840,.T.);
#633=FACE_OUTER_BOUND('',#842,.T.);
#634=FACE_OUTER_BOUND('',#844,.T.);
#635=FACE_OUTER_BOUND('',#845,.T.);
#636=FACE_OUTER_BOUND('',#846,.T.);
#637=FACE_OUTER_BOUND('',#847,.T.);
#638=FACE_OUTER_BOUND('',#849,.T.);
#639=FACE_OUTER_BOUND('',#850,.T.);
#640=FACE_OUTER_BOUND('',#851,.T.);
#641=FACE_OUTER_BOUND('',#852,.T.);
#642=FACE_OUTER_BOUND('',#853,.T.);
#643=FACE_OUTER_BOUND('',#854,.T.);
#644=FACE_OUTER_BOUND('',#855,.T.);
#645=FACE_OUTER_BOUND('',#856,.T.);
#646=FACE_OUTER_BOUND('',#857,.T.);
#647=FACE_OUTER_BOUND('',#858,.T.);
#648=FACE_OUTER_BOUND('',#859,.T.);
#649=FACE_OUTER_BOUND('',#860,.T.);
#650=FACE_OUTER_BOUND('',#862,.T.);
#651=FACE_OUTER_BOUND('',#863,.T.);
#652=FACE_OUTER_BOUND('',#864,.T.);
#653=FACE_OUTER_BOUND('',#865,.T.);
#654=FACE_OUTER_BOUND('',#866,.T.);
#655=FACE_OUTER_BOUND('',#867,.T.);
#656=FACE_OUTER_BOUND('',#868,.T.);
#657=FACE_OUTER_BOUND('',#869,.T.);
#658=FACE_OUTER_BOUND('',#870,.T.);
#659=FACE_OUTER_BOUND('',#871,.T.);
#660=FACE_OUTER_BOUND('',#873,.T.);
#661=FACE_OUTER_BOUND('',#874,.T.);
#662=FACE_OUTER_BOUND('',#876,.T.);
#663=FACE_OUTER_BOUND('',#877,.T.);
#664=FACE_OUTER_BOUND('',#878,.T.);
#665=FACE_OUTER_BOUND('',#879,.T.);
#666=FACE_OUTER_BOUND('',#880,.T.);
#667=FACE_OUTER_BOUND('',#881,.T.);
#668=FACE_OUTER_BOUND('',#882,.T.);
#669=FACE_OUTER_BOUND('',#883,.T.);
#670=FACE_OUTER_BOUND('',#884,.T.);
#671=FACE_OUTER_BOUND('',#885,.T.);
#672=FACE_OUTER_BOUND('',#886,.T.);
#673=FACE_OUTER_BOUND('',#888,.T.);
#674=FACE_OUTER_BOUND('',#889,.T.);
#675=FACE_OUTER_BOUND('',#891,.T.);
#676=FACE_OUTER_BOUND('',#892,.T.);
#677=FACE_OUTER_BOUND('',#893,.T.);
#678=FACE_OUTER_BOUND('',#894,.T.);
#679=EDGE_LOOP('',(#2105,#2106,#2107,#2108));
#680=EDGE_LOOP('',(#2109,#2110,#2111,#2112));
#681=EDGE_LOOP('',(#2113));
#682=EDGE_LOOP('',(#2114));
#683=EDGE_LOOP('',(#2115));
#684=EDGE_LOOP('',(#2116));
#685=EDGE_LOOP('',(#2117,#2118,#2119,#2120));
#686=EDGE_LOOP('',(#2121,#2122,#2123,#2124));
#687=EDGE_LOOP('',(#2125));
#688=EDGE_LOOP('',(#2126));
#689=EDGE_LOOP('',(#2127));
#690=EDGE_LOOP('',(#2128));
#691=EDGE_LOOP('',(#2129,#2130,#2131,#2132));
#692=EDGE_LOOP('',(#2133));
#693=EDGE_LOOP('',(#2134));
#694=EDGE_LOOP('',(#2135,#2136,#2137,#2138));
#695=EDGE_LOOP('',(#2139,#2140,#2141,#2142));
#696=EDGE_LOOP('',(#2143));
#697=EDGE_LOOP('',(#2144));
#698=EDGE_LOOP('',(#2145));
#699=EDGE_LOOP('',(#2146));
#700=EDGE_LOOP('',(#2147,#2148,#2149,#2150));
#701=EDGE_LOOP('',(#2151,#2152,#2153,#2154));
#702=EDGE_LOOP('',(#2155));
#703=EDGE_LOOP('',(#2156));
#704=EDGE_LOOP('',(#2157));
#705=EDGE_LOOP('',(#2158));
#706=EDGE_LOOP('',(#2159,#2160,#2161,#2162));
#707=EDGE_LOOP('',(#2163,#2164,#2165,#2166));
#708=EDGE_LOOP('',(#2167));
#709=EDGE_LOOP('',(#2168));
#710=EDGE_LOOP('',(#2169));
#711=EDGE_LOOP('',(#2170));
#712=EDGE_LOOP('',(#2171,#2172,#2173,#2174));
#713=EDGE_LOOP('',(#2175,#2176,#2177,#2178));
#714=EDGE_LOOP('',(#2179,#2180,#2181,#2182));
#715=EDGE_LOOP('',(#2183,#2184,#2185,#2186));
#716=EDGE_LOOP('',(#2187,#2188,#2189,#2190));
#717=EDGE_LOOP('',(#2191,#2192,#2193,#2194));
#718=EDGE_LOOP('',(#2195,#2196,#2197,#2198));
#719=EDGE_LOOP('',(#2199,#2200,#2201,#2202));
#720=EDGE_LOOP('',(#2203,#2204,#2205,#2206));
#721=EDGE_LOOP('',(#2207,#2208,#2209,#2210));
#722=EDGE_LOOP('',(#2211,#2212,#2213,#2214));
#723=EDGE_LOOP('',(#2215,#2216,#2217,#2218));
#724=EDGE_LOOP('',(#2219,#2220,#2221,#2222));
#725=EDGE_LOOP('',(#2223,#2224,#2225,#2226));
#726=EDGE_LOOP('',(#2227,#2228,#2229,#2230));
#727=EDGE_LOOP('',(#2231,#2232,#2233,#2234));
#728=EDGE_LOOP('',(#2235,#2236,#2237,#2238));
#729=EDGE_LOOP('',(#2239,#2240,#2241,#2242));
#730=EDGE_LOOP('',(#2243,#2244,#2245,#2246));
#731=EDGE_LOOP('',(#2247,#2248,#2249,#2250));
#732=EDGE_LOOP('',(#2251,#2252,#2253,#2254));
#733=EDGE_LOOP('',(#2255,#2256,#2257,#2258));
#734=EDGE_LOOP('',(#2259,#2260,#2261,#2262));
#735=EDGE_LOOP('',(#2263,#2264,#2265,#2266));
#736=EDGE_LOOP('',(#2267,#2268,#2269,#2270));
#737=EDGE_LOOP('',(#2271,#2272,#2273,#2274));
#738=EDGE_LOOP('',(#2275,#2276,#2277,#2278));
#739=EDGE_LOOP('',(#2279,#2280,#2281,#2282));
#740=EDGE_LOOP('',(#2283,#2284,#2285,#2286));
#741=EDGE_LOOP('',(#2287,#2288,#2289,#2290));
#742=EDGE_LOOP('',(#2291,#2292,#2293,#2294));
#743=EDGE_LOOP('',(#2295,#2296,#2297,#2298));
#744=EDGE_LOOP('',(#2299,#2300,#2301,#2302));
#745=EDGE_LOOP('',(#2303,#2304,#2305,#2306));
#746=EDGE_LOOP('',(#2307,#2308,#2309,#2310));
#747=EDGE_LOOP('',(#2311,#2312,#2313,#2314));
#748=EDGE_LOOP('',(#2315,#2316,#2317,#2318));
#749=EDGE_LOOP('',(#2319,#2320,#2321,#2322));
#750=EDGE_LOOP('',(#2323,#2324,#2325,#2326));
#751=EDGE_LOOP('',(#2327,#2328,#2329,#2330));
#752=EDGE_LOOP('',(#2331,#2332,#2333,#2334));
#753=EDGE_LOOP('',(#2335,#2336,#2337,#2338));
#754=EDGE_LOOP('',(#2339,#2340,#2341,#2342));
#755=EDGE_LOOP('',(#2343,#2344,#2345,#2346));
#756=EDGE_LOOP('',(#2347,#2348,#2349,#2350));
#757=EDGE_LOOP('',(#2351,#2352,#2353,#2354));
#758=EDGE_LOOP('',(#2355,#2356,#2357,#2358));
#759=EDGE_LOOP('',(#2359,#2360,#2361,#2362));
#760=EDGE_LOOP('',(#2363,#2364,#2365,#2366));
#761=EDGE_LOOP('',(#2367,#2368,#2369,#2370));
#762=EDGE_LOOP('',(#2371,#2372,#2373,#2374));
#763=EDGE_LOOP('',(#2375,#2376,#2377,#2378));
#764=EDGE_LOOP('',(#2379,#2380,#2381,#2382));
#765=EDGE_LOOP('',(#2383,#2384,#2385,#2386));
#766=EDGE_LOOP('',(#2387,#2388,#2389,#2390));
#767=EDGE_LOOP('',(#2391,#2392,#2393,#2394));
#768=EDGE_LOOP('',(#2395,#2396,#2397,#2398));
#769=EDGE_LOOP('',(#2399,#2400,#2401,#2402));
#770=EDGE_LOOP('',(#2403,#2404,#2405,#2406));
#771=EDGE_LOOP('',(#2407,#2408,#2409,#2410));
#772=EDGE_LOOP('',(#2411,#2412,#2413,#2414));
#773=EDGE_LOOP('',(#2415,#2416,#2417,#2418));
#774=EDGE_LOOP('',(#2419,#2420,#2421,#2422));
#775=EDGE_LOOP('',(#2423,#2424,#2425,#2426));
#776=EDGE_LOOP('',(#2427,#2428,#2429,#2430));
#777=EDGE_LOOP('',(#2431,#2432,#2433,#2434));
#778=EDGE_LOOP('',(#2435,#2436,#2437,#2438));
#779=EDGE_LOOP('',(#2439,#2440,#2441,#2442));
#780=EDGE_LOOP('',(#2443,#2444,#2445,#2446));
#781=EDGE_LOOP('',(#2447,#2448,#2449,#2450));
#782=EDGE_LOOP('',(#2451,#2452,#2453,#2454));
#783=EDGE_LOOP('',(#2455,#2456,#2457,#2458));
#784=EDGE_LOOP('',(#2459,#2460,#2461,#2462));
#785=EDGE_LOOP('',(#2463,#2464,#2465,#2466));
#786=EDGE_LOOP('',(#2467,#2468,#2469,#2470));
#787=EDGE_LOOP('',(#2471,#2472,#2473,#2474));
#788=EDGE_LOOP('',(#2475,#2476,#2477,#2478));
#789=EDGE_LOOP('',(#2479,#2480,#2481,#2482));
#790=EDGE_LOOP('',(#2483,#2484,#2485,#2486));
#791=EDGE_LOOP('',(#2487,#2488,#2489,#2490));
#792=EDGE_LOOP('',(#2491,#2492,#2493,#2494));
#793=EDGE_LOOP('',(#2495,#2496,#2497,#2498));
#794=EDGE_LOOP('',(#2499,#2500,#2501,#2502));
#795=EDGE_LOOP('',(#2503,#2504,#2505,#2506));
#796=EDGE_LOOP('',(#2507,#2508,#2509,#2510));
#797=EDGE_LOOP('',(#2511,#2512,#2513,#2514));
#798=EDGE_LOOP('',(#2515,#2516,#2517,#2518));
#799=EDGE_LOOP('',(#2519,#2520,#2521,#2522));
#800=EDGE_LOOP('',(#2523,#2524,#2525,#2526));
#801=EDGE_LOOP('',(#2527,#2528,#2529,#2530));
#802=EDGE_LOOP('',(#2531,#2532,#2533,#2534));
#803=EDGE_LOOP('',(#2535,#2536,#2537,#2538));
#804=EDGE_LOOP('',(#2539,#2540,#2541,#2542));
#805=EDGE_LOOP('',(#2543,#2544,#2545,#2546));
#806=EDGE_LOOP('',(#2547,#2548,#2549,#2550));
#807=EDGE_LOOP('',(#2551,#2552,#2553,#2554));
#808=EDGE_LOOP('',(#2555,#2556,#2557,#2558));
#809=EDGE_LOOP('',(#2559,#2560,#2561,#2562));
#810=EDGE_LOOP('',(#2563,#2564,#2565,#2566));
#811=EDGE_LOOP('',(#2567,#2568,#2569,#2570));
#812=EDGE_LOOP('',(#2571,#2572,#2573,#2574));
#813=EDGE_LOOP('',(#2575,#2576,#2577,#2578));
#814=EDGE_LOOP('',(#2579,#2580,#2581,#2582));
#815=EDGE_LOOP('',(#2583,#2584,#2585,#2586));
#816=EDGE_LOOP('',(#2587,#2588,#2589,#2590));
#817=EDGE_LOOP('',(#2591,#2592,#2593,#2594));
#818=EDGE_LOOP('',(#2595,#2596,#2597,#2598));
#819=EDGE_LOOP('',(#2599,#2600,#2601,#2602));
#820=EDGE_LOOP('',(#2603,#2604,#2605,#2606));
#821=EDGE_LOOP('',(#2607,#2608,#2609,#2610));
#822=EDGE_LOOP('',(#2611,#2612,#2613,#2614));
#823=EDGE_LOOP('',(#2615,#2616,#2617,#2618));
#824=EDGE_LOOP('',(#2619,#2620,#2621,#2622));
#825=EDGE_LOOP('',(#2623,#2624,#2625,#2626));
#826=EDGE_LOOP('',(#2627,#2628,#2629,#2630));
#827=EDGE_LOOP('',(#2631,#2632,#2633,#2634));
#828=EDGE_LOOP('',(#2635));
#829=EDGE_LOOP('',(#2636));
#830=EDGE_LOOP('',(#2637));
#831=EDGE_LOOP('',(#2638));
#832=EDGE_LOOP('',(#2639,#2640,#2641,#2642));
#833=EDGE_LOOP('',(#2643));
#834=EDGE_LOOP('',(#2644));
#835=EDGE_LOOP('',(#2645,#2646,#2647,#2648));
#836=EDGE_LOOP('',(#2649));
#837=EDGE_LOOP('',(#2650));
#838=EDGE_LOOP('',(#2651,#2652,#2653,#2654));
#839=EDGE_LOOP('',(#2655,#2656,#2657,#2658));
#840=EDGE_LOOP('',(#2659));
#841=EDGE_LOOP('',(#2660));
#842=EDGE_LOOP('',(#2661));
#843=EDGE_LOOP('',(#2662));
#844=EDGE_LOOP('',(#2663,#2664,#2665,#2666));
#845=EDGE_LOOP('',(#2667));
#846=EDGE_LOOP('',(#2668));
#847=EDGE_LOOP('',(#2669));
#848=EDGE_LOOP('',(#2670));
#849=EDGE_LOOP('',(#2671,#2672,#2673,#2674));
#850=EDGE_LOOP('',(#2675,#2676,#2677,#2678));
#851=EDGE_LOOP('',(#2679,#2680,#2681,#2682));
#852=EDGE_LOOP('',(#2683,#2684,#2685,#2686));
#853=EDGE_LOOP('',(#2687,#2688,#2689,#2690));
#854=EDGE_LOOP('',(#2691,#2692,#2693,#2694));
#855=EDGE_LOOP('',(#2695,#2696,#2697,#2698));
#856=EDGE_LOOP('',(#2699,#2700,#2701,#2702));
#857=EDGE_LOOP('',(#2703,#2704,#2705,#2706));
#858=EDGE_LOOP('',(#2707,#2708,#2709,#2710));
#859=EDGE_LOOP('',(#2711,#2712,#2713,#2714));
#860=EDGE_LOOP('',(#2715));
#861=EDGE_LOOP('',(#2716));
#862=EDGE_LOOP('',(#2717,#2718,#2719,#2720));
#863=EDGE_LOOP('',(#2721,#2722,#2723,#2724));
#864=EDGE_LOOP('',(#2725,#2726,#2727,#2728));
#865=EDGE_LOOP('',(#2729,#2730,#2731,#2732,#2733,#2734,#2735,#2736));
#866=EDGE_LOOP('',(#2737,#2738));
#867=EDGE_LOOP('',(#2739,#2740,#2741,#2742,#2743,#2744));
#868=EDGE_LOOP('',(#2745,#2746));
#869=EDGE_LOOP('',(#2747,#2748,#2749,#2750,#2751,#2752,#2753));
#870=EDGE_LOOP('',(#2754,#2755));
#871=EDGE_LOOP('',(#2756));
#872=EDGE_LOOP('',(#2757));
#873=EDGE_LOOP('',(#2758,#2759,#2760));
#874=EDGE_LOOP('',(#2761));
#875=EDGE_LOOP('',(#2762));
#876=EDGE_LOOP('',(#2763,#2764,#2765,#2766));
#877=EDGE_LOOP('',(#2767,#2768,#2769,#2770));
#878=EDGE_LOOP('',(#2771));
#879=EDGE_LOOP('',(#2772));
#880=EDGE_LOOP('',(#2773,#2774,#2775,#2776,#2777,#2778,#2779,#2780,#2781));
#881=EDGE_LOOP('',(#2782,#2783,#2784));
#882=EDGE_LOOP('',(#2785,#2786,#2787,#2788,#2789,#2790));
#883=EDGE_LOOP('',(#2791,#2792,#2793,#2794,#2795,#2796));
#884=EDGE_LOOP('',(#2797,#2798,#2799));
#885=EDGE_LOOP('',(#2800,#2801));
#886=EDGE_LOOP('',(#2802));
#887=EDGE_LOOP('',(#2803));
#888=EDGE_LOOP('',(#2804,#2805,#2806));
#889=EDGE_LOOP('',(#2807));
#890=EDGE_LOOP('',(#2808));
#891=EDGE_LOOP('',(#2809,#2810,#2811,#2812));
#892=EDGE_LOOP('',(#2813,#2814,#2815,#2816));
#893=EDGE_LOOP('',(#2817));
#894=EDGE_LOOP('',(#2818));
#895=LINE('',#4801,#1167);
#896=LINE('',#4807,#1168);
#897=LINE('',#4816,#1169);
#898=LINE('',#4822,#1170);
#899=LINE('',#4831,#1171);
#900=LINE('',#4840,#1172);
#901=LINE('',#4846,#1173);
#902=LINE('',#4855,#1174);
#903=LINE('',#4861,#1175);
#904=LINE('',#4870,#1176);
#905=LINE('',#4876,#1177);
#906=LINE('',#4884,#1178);
#907=LINE('',#4886,#1179);
#908=LINE('',#4888,#1180);
#909=LINE('',#4889,#1181);
#910=LINE('',#4893,#1182);
#911=LINE('',#4895,#1183);
#912=LINE('',#4897,#1184);
#913=LINE('',#4898,#1185);
#914=LINE('',#4900,#1186);
#915=LINE('',#4901,#1187);
#916=LINE('',#4903,#1188);
#917=LINE('',#4904,#1189);
#918=LINE('',#4911,#1190);
#919=LINE('',#4913,#1191);
#920=LINE('',#4915,#1192);
#921=LINE('',#4916,#1193);
#922=LINE('',#4920,#1194);
#923=LINE('',#4922,#1195);
#924=LINE('',#4924,#1196);
#925=LINE('',#4925,#1197);
#926=LINE('',#4927,#1198);
#927=LINE('',#4928,#1199);
#928=LINE('',#4930,#1200);
#929=LINE('',#4931,#1201);
#930=LINE('',#4938,#1202);
#931=LINE('',#4940,#1203);
#932=LINE('',#4942,#1204);
#933=LINE('',#4943,#1205);
#934=LINE('',#4947,#1206);
#935=LINE('',#4949,#1207);
#936=LINE('',#4951,#1208);
#937=LINE('',#4952,#1209);
#938=LINE('',#4954,#1210);
#939=LINE('',#4955,#1211);
#940=LINE('',#4957,#1212);
#941=LINE('',#4958,#1213);
#942=LINE('',#4965,#1214);
#943=LINE('',#4967,#1215);
#944=LINE('',#4969,#1216);
#945=LINE('',#4970,#1217);
#946=LINE('',#4974,#1218);
#947=LINE('',#4976,#1219);
#948=LINE('',#4978,#1220);
#949=LINE('',#4979,#1221);
#950=LINE('',#4981,#1222);
#951=LINE('',#4982,#1223);
#952=LINE('',#4984,#1224);
#953=LINE('',#4985,#1225);
#954=LINE('',#4992,#1226);
#955=LINE('',#4994,#1227);
#956=LINE('',#4996,#1228);
#957=LINE('',#4997,#1229);
#958=LINE('',#5001,#1230);
#959=LINE('',#5003,#1231);
#960=LINE('',#5005,#1232);
#961=LINE('',#5006,#1233);
#962=LINE('',#5008,#1234);
#963=LINE('',#5009,#1235);
#964=LINE('',#5011,#1236);
#965=LINE('',#5012,#1237);
#966=LINE('',#5019,#1238);
#967=LINE('',#5021,#1239);
#968=LINE('',#5023,#1240);
#969=LINE('',#5024,#1241);
#970=LINE('',#5028,#1242);
#971=LINE('',#5030,#1243);
#972=LINE('',#5032,#1244);
#973=LINE('',#5033,#1245);
#974=LINE('',#5035,#1246);
#975=LINE('',#5036,#1247);
#976=LINE('',#5038,#1248);
#977=LINE('',#5039,#1249);
#978=LINE('',#5046,#1250);
#979=LINE('',#5048,#1251);
#980=LINE('',#5050,#1252);
#981=LINE('',#5051,#1253);
#982=LINE('',#5055,#1254);
#983=LINE('',#5057,#1255);
#984=LINE('',#5059,#1256);
#985=LINE('',#5060,#1257);
#986=LINE('',#5062,#1258);
#987=LINE('',#5063,#1259);
#988=LINE('',#5065,#1260);
#989=LINE('',#5066,#1261);
#990=LINE('',#5073,#1262);
#991=LINE('',#5075,#1263);
#992=LINE('',#5077,#1264);
#993=LINE('',#5078,#1265);
#994=LINE('',#5082,#1266);
#995=LINE('',#5084,#1267);
#996=LINE('',#5086,#1268);
#997=LINE('',#5087,#1269);
#998=LINE('',#5089,#1270);
#999=LINE('',#5090,#1271);
#1000=LINE('',#5092,#1272);
#1001=LINE('',#5093,#1273);
#1002=LINE('',#5100,#1274);
#1003=LINE('',#5102,#1275);
#1004=LINE('',#5104,#1276);
#1005=LINE('',#5105,#1277);
#1006=LINE('',#5109,#1278);
#1007=LINE('',#5111,#1279);
#1008=LINE('',#5113,#1280);
#1009=LINE('',#5114,#1281);
#1010=LINE('',#5116,#1282);
#1011=LINE('',#5117,#1283);
#1012=LINE('',#5119,#1284);
#1013=LINE('',#5120,#1285);
#1014=LINE('',#5127,#1286);
#1015=LINE('',#5129,#1287);
#1016=LINE('',#5131,#1288);
#1017=LINE('',#5132,#1289);
#1018=LINE('',#5136,#1290);
#1019=LINE('',#5138,#1291);
#1020=LINE('',#5140,#1292);
#1021=LINE('',#5141,#1293);
#1022=LINE('',#5143,#1294);
#1023=LINE('',#5144,#1295);
#1024=LINE('',#5146,#1296);
#1025=LINE('',#5147,#1297);
#1026=LINE('',#5154,#1298);
#1027=LINE('',#5156,#1299);
#1028=LINE('',#5158,#1300);
#1029=LINE('',#5159,#1301);
#1030=LINE('',#5163,#1302);
#1031=LINE('',#5165,#1303);
#1032=LINE('',#5167,#1304);
#1033=LINE('',#5168,#1305);
#1034=LINE('',#5170,#1306);
#1035=LINE('',#5171,#1307);
#1036=LINE('',#5173,#1308);
#1037=LINE('',#5174,#1309);
#1038=LINE('',#5181,#1310);
#1039=LINE('',#5183,#1311);
#1040=LINE('',#5185,#1312);
#1041=LINE('',#5186,#1313);
#1042=LINE('',#5190,#1314);
#1043=LINE('',#5192,#1315);
#1044=LINE('',#5194,#1316);
#1045=LINE('',#5195,#1317);
#1046=LINE('',#5197,#1318);
#1047=LINE('',#5198,#1319);
#1048=LINE('',#5200,#1320);
#1049=LINE('',#5201,#1321);
#1050=LINE('',#5208,#1322);
#1051=LINE('',#5210,#1323);
#1052=LINE('',#5212,#1324);
#1053=LINE('',#5213,#1325);
#1054=LINE('',#5217,#1326);
#1055=LINE('',#5219,#1327);
#1056=LINE('',#5221,#1328);
#1057=LINE('',#5222,#1329);
#1058=LINE('',#5224,#1330);
#1059=LINE('',#5225,#1331);
#1060=LINE('',#5227,#1332);
#1061=LINE('',#5228,#1333);
#1062=LINE('',#5235,#1334);
#1063=LINE('',#5237,#1335);
#1064=LINE('',#5239,#1336);
#1065=LINE('',#5240,#1337);
#1066=LINE('',#5244,#1338);
#1067=LINE('',#5246,#1339);
#1068=LINE('',#5248,#1340);
#1069=LINE('',#5249,#1341);
#1070=LINE('',#5251,#1342);
#1071=LINE('',#5252,#1343);
#1072=LINE('',#5254,#1344);
#1073=LINE('',#5255,#1345);
#1074=LINE('',#5262,#1346);
#1075=LINE('',#5264,#1347);
#1076=LINE('',#5266,#1348);
#1077=LINE('',#5267,#1349);
#1078=LINE('',#5271,#1350);
#1079=LINE('',#5273,#1351);
#1080=LINE('',#5275,#1352);
#1081=LINE('',#5276,#1353);
#1082=LINE('',#5278,#1354);
#1083=LINE('',#5279,#1355);
#1084=LINE('',#5281,#1356);
#1085=LINE('',#5282,#1357);
#1086=LINE('',#5289,#1358);
#1087=LINE('',#5291,#1359);
#1088=LINE('',#5293,#1360);
#1089=LINE('',#5294,#1361);
#1090=LINE('',#5298,#1362);
#1091=LINE('',#5300,#1363);
#1092=LINE('',#5302,#1364);
#1093=LINE('',#5303,#1365);
#1094=LINE('',#5305,#1366);
#1095=LINE('',#5306,#1367);
#1096=LINE('',#5308,#1368);
#1097=LINE('',#5309,#1369);
#1098=LINE('',#5316,#1370);
#1099=LINE('',#5318,#1371);
#1100=LINE('',#5320,#1372);
#1101=LINE('',#5321,#1373);
#1102=LINE('',#5325,#1374);
#1103=LINE('',#5327,#1375);
#1104=LINE('',#5329,#1376);
#1105=LINE('',#5330,#1377);
#1106=LINE('',#5332,#1378);
#1107=LINE('',#5333,#1379);
#1108=LINE('',#5335,#1380);
#1109=LINE('',#5336,#1381);
#1110=LINE('',#5343,#1382);
#1111=LINE('',#5345,#1383);
#1112=LINE('',#5347,#1384);
#1113=LINE('',#5348,#1385);
#1114=LINE('',#5352,#1386);
#1115=LINE('',#5354,#1387);
#1116=LINE('',#5356,#1388);
#1117=LINE('',#5357,#1389);
#1118=LINE('',#5359,#1390);
#1119=LINE('',#5360,#1391);
#1120=LINE('',#5362,#1392);
#1121=LINE('',#5363,#1393);
#1122=LINE('',#5370,#1394);
#1123=LINE('',#5372,#1395);
#1124=LINE('',#5374,#1396);
#1125=LINE('',#5375,#1397);
#1126=LINE('',#5379,#1398);
#1127=LINE('',#5381,#1399);
#1128=LINE('',#5383,#1400);
#1129=LINE('',#5384,#1401);
#1130=LINE('',#5386,#1402);
#1131=LINE('',#5387,#1403);
#1132=LINE('',#5389,#1404);
#1133=LINE('',#5390,#1405);
#1134=LINE('',#5398,#1406);
#1135=LINE('',#5404,#1407);
#1136=LINE('',#5413,#1408);
#1137=LINE('',#5422,#1409);
#1138=LINE('',#5431,#1410);
#1139=LINE('',#5437,#1411);
#1140=LINE('',#5446,#1412);
#1141=LINE('',#5459,#1413);
#1142=LINE('',#5463,#1414);
#1143=LINE('',#5467,#1415);
#1144=LINE('',#5471,#1416);
#1145=LINE('',#5475,#1417);
#1146=LINE('',#5479,#1418);
#1147=LINE('',#5482,#1419);
#1148=LINE('',#5486,#1420);
#1149=LINE('',#5490,#1421);
#1150=LINE('',#5494,#1422);
#1151=LINE('',#5499,#1423);
#1152=LINE('',#5504,#1424);
#1153=LINE('',#5523,#1425);
#1154=LINE('',#5531,#1426);
#1155=LINE('',#5535,#1427);
#1156=LINE('',#5538,#1428);
#1157=LINE('',#5543,#1429);
#1158=LINE('',#5556,#1430);
#1159=LINE('',#5560,#1431);
#1160=LINE('',#5572,#1432);
#1161=LINE('',#5582,#1433);
#1162=LINE('',#5586,#1434);
#1163=LINE('',#5592,#1435);
#1164=LINE('',#5596,#1436);
#1165=LINE('',#5607,#1437);
#1166=LINE('',#5611,#1438);
#1167=VECTOR('',#3827,166.5);
#1168=VECTOR('',#3834,166.);
#1169=VECTOR('',#3847,201.5);
#1170=VECTOR('',#3854,166.5);
#1171=VECTOR('',#3867,141.);
#1172=VECTOR('',#3880,166.5);
#1173=VECTOR('',#3887,166.);
#1174=VECTOR('',#3900,201.5);
#1175=VECTOR('',#3907,166.5);
#1176=VECTOR('',#3920,205.5);
#1177=VECTOR('',#3927,201.5);
#1178=VECTOR('',#3938,1.);
#1179=VECTOR('',#3939,1.);
#1180=VECTOR('',#3940,1.);
#1181=VECTOR('',#3941,1.);
#1182=VECTOR('',#3944,1.);
#1183=VECTOR('',#3945,1.);
#1184=VECTOR('',#3946,1.);
#1185=VECTOR('',#3947,1.);
#1186=VECTOR('',#3950,1.);
#1187=VECTOR('',#3951,1.);
#1188=VECTOR('',#3954,1.);
#1189=VECTOR('',#3955,1.);
#1190=VECTOR('',#3964,1.);
#1191=VECTOR('',#3965,0.99999999999962);
#1192=VECTOR('',#3966,1.);
#1193=VECTOR('',#3967,0.99999999999962);
#1194=VECTOR('',#3970,1.);
#1195=VECTOR('',#3971,0.99999999999962);
#1196=VECTOR('',#3972,1.);
#1197=VECTOR('',#3973,0.99999999999962);
#1198=VECTOR('',#3976,0.99999999999962);
#1199=VECTOR('',#3977,0.99999999999962);
#1200=VECTOR('',#3980,0.99999999999962);
#1201=VECTOR('',#3981,0.99999999999962);
#1202=VECTOR('',#3990,1.);
#1203=VECTOR('',#3991,0.99999999999962);
#1204=VECTOR('',#3992,1.);
#1205=VECTOR('',#3993,0.99999999999962);
#1206=VECTOR('',#3996,1.);
#1207=VECTOR('',#3997,0.99999999999962);
#1208=VECTOR('',#3998,1.);
#1209=VECTOR('',#3999,0.99999999999962);
#1210=VECTOR('',#4002,0.99999999999962);
#1211=VECTOR('',#4003,0.99999999999962);
#1212=VECTOR('',#4006,0.99999999999962);
#1213=VECTOR('',#4007,0.99999999999962);
#1214=VECTOR('',#4016,1.);
#1215=VECTOR('',#4017,0.99999999999962);
#1216=VECTOR('',#4018,1.);
#1217=VECTOR('',#4019,0.99999999999962);
#1218=VECTOR('',#4022,1.);
#1219=VECTOR('',#4023,0.99999999999962);
#1220=VECTOR('',#4024,1.);
#1221=VECTOR('',#4025,0.99999999999962);
#1222=VECTOR('',#4028,0.99999999999962);
#1223=VECTOR('',#4029,0.99999999999962);
#1224=VECTOR('',#4032,0.99999999999962);
#1225=VECTOR('',#4033,0.99999999999962);
#1226=VECTOR('',#4042,1.);
#1227=VECTOR('',#4043,0.99999999999962);
#1228=VECTOR('',#4044,1.);
#1229=VECTOR('',#4045,0.99999999999962);
#1230=VECTOR('',#4048,1.);
#1231=VECTOR('',#4049,0.99999999999962);
#1232=VECTOR('',#4050,1.);
#1233=VECTOR('',#4051,0.99999999999962);
#1234=VECTOR('',#4054,0.99999999999962);
#1235=VECTOR('',#4055,0.99999999999962);
#1236=VECTOR('',#4058,0.99999999999962);
#1237=VECTOR('',#4059,0.99999999999962);
#1238=VECTOR('',#4068,1.);
#1239=VECTOR('',#4069,1.);
#1240=VECTOR('',#4070,1.);
#1241=VECTOR('',#4071,1.);
#1242=VECTOR('',#4074,1.);
#1243=VECTOR('',#4075,1.);
#1244=VECTOR('',#4076,1.);
#1245=VECTOR('',#4077,1.);
#1246=VECTOR('',#4080,1.);
#1247=VECTOR('',#4081,1.);
#1248=VECTOR('',#4084,1.);
#1249=VECTOR('',#4085,1.);
#1250=VECTOR('',#4094,1.);
#1251=VECTOR('',#4095,0.99999999999962);
#1252=VECTOR('',#4096,1.);
#1253=VECTOR('',#4097,0.99999999999962);
#1254=VECTOR('',#4100,1.);
#1255=VECTOR('',#4101,0.99999999999962);
#1256=VECTOR('',#4102,1.);
#1257=VECTOR('',#4103,0.99999999999962);
#1258=VECTOR('',#4106,0.99999999999962);
#1259=VECTOR('',#4107,0.99999999999962);
#1260=VECTOR('',#4110,0.99999999999962);
#1261=VECTOR('',#4111,0.99999999999962);
#1262=VECTOR('',#4120,1.);
#1263=VECTOR('',#4121,0.99999999999962);
#1264=VECTOR('',#4122,1.);
#1265=VECTOR('',#4123,0.99999999999962);
#1266=VECTOR('',#4126,1.);
#1267=VECTOR('',#4127,0.99999999999962);
#1268=VECTOR('',#4128,1.);
#1269=VECTOR('',#4129,0.99999999999962);
#1270=VECTOR('',#4132,0.99999999999962);
#1271=VECTOR('',#4133,0.99999999999962);
#1272=VECTOR('',#4136,0.99999999999962);
#1273=VECTOR('',#4137,0.99999999999962);
#1274=VECTOR('',#4146,1.);
#1275=VECTOR('',#4147,1.);
#1276=VECTOR('',#4148,1.);
#1277=VECTOR('',#4149,1.);
#1278=VECTOR('',#4152,1.);
#1279=VECTOR('',#4153,1.);
#1280=VECTOR('',#4154,1.);
#1281=VECTOR('',#4155,1.);
#1282=VECTOR('',#4158,1.);
#1283=VECTOR('',#4159,1.);
#1284=VECTOR('',#4162,1.);
#1285=VECTOR('',#4163,1.);
#1286=VECTOR('',#4172,1.);
#1287=VECTOR('',#4173,0.99999999999962);
#1288=VECTOR('',#4174,1.);
#1289=VECTOR('',#4175,0.99999999999962);
#1290=VECTOR('',#4178,1.);
#1291=VECTOR('',#4179,0.99999999999962);
#1292=VECTOR('',#4180,1.);
#1293=VECTOR('',#4181,0.99999999999962);
#1294=VECTOR('',#4184,0.99999999999962);
#1295=VECTOR('',#4185,0.99999999999962);
#1296=VECTOR('',#4188,0.99999999999962);
#1297=VECTOR('',#4189,0.99999999999962);
#1298=VECTOR('',#4198,1.);
#1299=VECTOR('',#4199,0.99999999999962);
#1300=VECTOR('',#4200,1.);
#1301=VECTOR('',#4201,0.99999999999962);
#1302=VECTOR('',#4204,1.);
#1303=VECTOR('',#4205,0.99999999999962);
#1304=VECTOR('',#4206,1.);
#1305=VECTOR('',#4207,0.99999999999962);
#1306=VECTOR('',#4210,0.99999999999962);
#1307=VECTOR('',#4211,0.99999999999962);
#1308=VECTOR('',#4214,0.99999999999962);
#1309=VECTOR('',#4215,0.99999999999962);
#1310=VECTOR('',#4224,1.);
#1311=VECTOR('',#4225,1.);
#1312=VECTOR('',#4226,1.);
#1313=VECTOR('',#4227,1.);
#1314=VECTOR('',#4230,1.);
#1315=VECTOR('',#4231,1.);
#1316=VECTOR('',#4232,1.);
#1317=VECTOR('',#4233,1.);
#1318=VECTOR('',#4236,1.);
#1319=VECTOR('',#4237,1.);
#1320=VECTOR('',#4240,1.);
#1321=VECTOR('',#4241,1.);
#1322=VECTOR('',#4250,1.);
#1323=VECTOR('',#4251,1.00000000000064);
#1324=VECTOR('',#4252,1.);
#1325=VECTOR('',#4253,1.00000000000064);
#1326=VECTOR('',#4256,1.);
#1327=VECTOR('',#4257,1.00000000000064);
#1328=VECTOR('',#4258,1.);
#1329=VECTOR('',#4259,1.00000000000064);
#1330=VECTOR('',#4262,1.00000000000064);
#1331=VECTOR('',#4263,1.00000000000064);
#1332=VECTOR('',#4266,1.00000000000064);
#1333=VECTOR('',#4267,1.00000000000064);
#1334=VECTOR('',#4276,1.);
#1335=VECTOR('',#4277,1.);
#1336=VECTOR('',#4278,1.);
#1337=VECTOR('',#4279,1.);
#1338=VECTOR('',#4282,1.);
#1339=VECTOR('',#4283,1.);
#1340=VECTOR('',#4284,1.);
#1341=VECTOR('',#4285,1.);
#1342=VECTOR('',#4288,1.);
#1343=VECTOR('',#4289,1.);
#1344=VECTOR('',#4292,1.);
#1345=VECTOR('',#4293,1.);
#1346=VECTOR('',#4302,1.);
#1347=VECTOR('',#4303,1.00000000000064);
#1348=VECTOR('',#4304,1.);
#1349=VECTOR('',#4305,1.00000000000064);
#1350=VECTOR('',#4308,1.);
#1351=VECTOR('',#4309,1.00000000000064);
#1352=VECTOR('',#4310,1.);
#1353=VECTOR('',#4311,1.00000000000064);
#1354=VECTOR('',#4314,1.00000000000064);
#1355=VECTOR('',#4315,1.00000000000064);
#1356=VECTOR('',#4318,1.00000000000064);
#1357=VECTOR('',#4319,1.00000000000064);
#1358=VECTOR('',#4328,1.);
#1359=VECTOR('',#4329,1.);
#1360=VECTOR('',#4330,1.);
#1361=VECTOR('',#4331,1.);
#1362=VECTOR('',#4334,1.);
#1363=VECTOR('',#4335,1.);
#1364=VECTOR('',#4336,1.);
#1365=VECTOR('',#4337,1.);
#1366=VECTOR('',#4340,1.);
#1367=VECTOR('',#4341,1.);
#1368=VECTOR('',#4344,1.);
#1369=VECTOR('',#4345,1.);
#1370=VECTOR('',#4354,1.);
#1371=VECTOR('',#4355,1.00000000000064);
#1372=VECTOR('',#4356,1.);
#1373=VECTOR('',#4357,1.00000000000064);
#1374=VECTOR('',#4360,1.);
#1375=VECTOR('',#4361,1.00000000000064);
#1376=VECTOR('',#4362,1.);
#1377=VECTOR('',#4363,1.00000000000064);
#1378=VECTOR('',#4366,1.00000000000064);
#1379=VECTOR('',#4367,1.00000000000064);
#1380=VECTOR('',#4370,1.00000000000064);
#1381=VECTOR('',#4371,1.00000000000064);
#1382=VECTOR('',#4380,1.);
#1383=VECTOR('',#4381,1.);
#1384=VECTOR('',#4382,1.);
#1385=VECTOR('',#4383,1.);
#1386=VECTOR('',#4386,1.);
#1387=VECTOR('',#4387,1.);
#1388=VECTOR('',#4388,1.);
#1389=VECTOR('',#4389,1.);
#1390=VECTOR('',#4392,1.);
#1391=VECTOR('',#4393,1.);
#1392=VECTOR('',#4396,1.);
#1393=VECTOR('',#4397,1.);
#1394=VECTOR('',#4406,1.);
#1395=VECTOR('',#4407,1.00000000000064);
#1396=VECTOR('',#4408,1.);
#1397=VECTOR('',#4409,1.00000000000064);
#1398=VECTOR('',#4412,1.);
#1399=VECTOR('',#4413,1.00000000000064);
#1400=VECTOR('',#4414,1.);
#1401=VECTOR('',#4415,1.00000000000064);
#1402=VECTOR('',#4418,1.00000000000064);
#1403=VECTOR('',#4419,1.00000000000064);
#1404=VECTOR('',#4422,1.00000000000064);
#1405=VECTOR('',#4423,1.00000000000064);
#1406=VECTOR('',#4434,209.5);
#1407=VECTOR('',#4441,141.);
#1408=VECTOR('',#4454,209.5);
#1409=VECTOR('',#4467,201.5);
#1410=VECTOR('',#4480,151.);
#1411=VECTOR('',#4487,142.);
#1412=VECTOR('',#4500,3.);
#1413=VECTOR('',#4519,203.5);
#1414=VECTOR('',#4524,205.);
#1415=VECTOR('',#4529,208.);
#1416=VECTOR('',#4534,210.5);
#1417=VECTOR('',#4539,212.);
#1418=VECTOR('',#4544,212.5);
#1419=VECTOR('',#4547,212.5);
#1420=VECTOR('',#4552,211.5);
#1421=VECTOR('',#4557,209.);
#1422=VECTOR('',#4562,205.5);
#1423=VECTOR('',#4569,204.);
#1424=VECTOR('',#4576,201.5);
#1425=VECTOR('',#4601,5.);
#1426=VECTOR('',#4612,1.);
#1427=VECTOR('',#4617,5.);
#1428=VECTOR('',#4622,1.);
#1429=VECTOR('',#4627,5.);
#1430=VECTOR('',#4646,9.);
#1431=VECTOR('',#4651,9.);
#1432=VECTOR('',#4666,5.);
#1433=VECTOR('',#4679,1.);
#1434=VECTOR('',#4684,5.);
#1435=VECTOR('',#4691,5.);
#1436=VECTOR('',#4698,1.);
#1437=VECTOR('',#4713,9.);
#1438=VECTOR('',#4718,9.);
#1439=CIRCLE('',#3470,166.5);
#1440=CIRCLE('',#3471,166.5);
#1441=CIRCLE('',#3473,166.);
#1442=CIRCLE('',#3474,166.);
#1443=CIRCLE('',#3479,201.5);
#1444=CIRCLE('',#3480,201.5);
#1445=CIRCLE('',#3482,166.5);
#1446=CIRCLE('',#3483,166.5);
#1447=CIRCLE('',#3488,141.);
#1448=CIRCLE('',#3489,141.);
#1449=CIRCLE('',#3494,166.5);
#1450=CIRCLE('',#3495,166.5);
#1451=CIRCLE('',#3497,166.);
#1452=CIRCLE('',#3498,166.);
#1453=CIRCLE('',#3503,201.5);
#1454=CIRCLE('',#3504,201.5);
#1455=CIRCLE('',#3506,166.5);
#1456=CIRCLE('',#3507,166.5);
#1457=CIRCLE('',#3512,205.5);
#1458=CIRCLE('',#3513,205.5);
#1459=CIRCLE('',#3515,201.5);
#1460=CIRCLE('',#3516,201.5);
#1461=CIRCLE('',#3654,209.5);
#1462=CIRCLE('',#3655,209.5);
#1463=CIRCLE('',#3657,141.);
#1464=CIRCLE('',#3658,141.);
#1465=CIRCLE('',#3663,209.5);
#1466=CIRCLE('',#3664,209.5);
#1467=CIRCLE('',#3669,201.5);
#1468=CIRCLE('',#3670,201.5);
#1469=CIRCLE('',#3675,151.);
#1470=CIRCLE('',#3676,151.);
#1471=CIRCLE('',#3678,142.);
#1472=CIRCLE('',#3679,142.);
#1473=CIRCLE('',#3684,3.);
#1474=CIRCLE('',#3685,3.);
#1475=CIRCLE('',#3690,203.5);
#1476=CIRCLE('',#3691,201.5);
#1477=CIRCLE('',#3693,205.);
#1478=CIRCLE('',#3695,208.);
#1479=CIRCLE('',#3697,210.5);
#1480=CIRCLE('',#3699,212.);
#1481=CIRCLE('',#3701,212.5);
#1482=CIRCLE('',#3703,212.5);
#1483=CIRCLE('',#3705,211.5);
#1484=CIRCLE('',#3707,209.);
#1485=CIRCLE('',#3709,205.5);
#1486=CIRCLE('',#3711,204.);
#1487=CIRCLE('',#3713,204.);
#1488=CIRCLE('',#3715,201.5);
#1489=CIRCLE('',#3719,1.4);
#1490=CIRCLE('',#3720,209.6);
#1491=CIRCLE('',#3723,1.4);
#1492=CIRCLE('',#3724,209.6);
#1493=CIRCLE('',#3727,5.);
#1494=CIRCLE('',#3730,5.);
#1495=CIRCLE('',#3735,5.);
#1496=CIRCLE('',#3736,5.);
#1497=CIRCLE('',#3739,5.);
#1498=CIRCLE('',#3740,5.);
#1499=CIRCLE('',#3741,5.);
#1500=CIRCLE('',#3744,9.);
#1501=CIRCLE('',#3747,9.);
#1502=CIRCLE('',#3749,9.);
#1503=CIRCLE('',#3751,9.);
#1504=CIRCLE('',#3757,5.);
#1505=CIRCLE('',#3758,5.);
#1506=CIRCLE('',#3760,5.);
#1507=CIRCLE('',#3761,5.);
#1508=CIRCLE('',#3765,5.);
#1509=CIRCLE('',#3766,5.);
#1510=CIRCLE('',#3768,5.);
#1511=CIRCLE('',#3769,5.);
#1512=CIRCLE('',#3770,5.);
#1513=CIRCLE('',#3774,9.);
#1514=CIRCLE('',#3777,9.);
#1515=CIRCLE('',#3779,9.);
#1516=CIRCLE('',#3781,9.);
#1517=VERTEX_POINT('',#4798);
#1518=VERTEX_POINT('',#4800);
#1519=VERTEX_POINT('',#4804);
#1520=VERTEX_POINT('',#4806);
#1521=VERTEX_POINT('',#4813);
#1522=VERTEX_POINT('',#4815);
#1523=VERTEX_POINT('',#4819);
#1524=VERTEX_POINT('',#4821);
#1525=VERTEX_POINT('',#4828);
#1526=VERTEX_POINT('',#4830);
#1527=VERTEX_POINT('',#4837);
#1528=VERTEX_POINT('',#4839);
#1529=VERTEX_POINT('',#4843);
#1530=VERTEX_POINT('',#4845);
#1531=VERTEX_POINT('',#4852);
#1532=VERTEX_POINT('',#4854);
#1533=VERTEX_POINT('',#4858);
#1534=VERTEX_POINT('',#4860);
#1535=VERTEX_POINT('',#4867);
#1536=VERTEX_POINT('',#4869);
#1537=VERTEX_POINT('',#4873);
#1538=VERTEX_POINT('',#4875);
#1539=VERTEX_POINT('',#4882);
#1540=VERTEX_POINT('',#4883);
#1541=VERTEX_POINT('',#4885);
#1542=VERTEX_POINT('',#4887);
#1543=VERTEX_POINT('',#4891);
#1544=VERTEX_POINT('',#4892);
#1545=VERTEX_POINT('',#4894);
#1546=VERTEX_POINT('',#4896);
#1547=VERTEX_POINT('',#4909);
#1548=VERTEX_POINT('',#4910);
#1549=VERTEX_POINT('',#4912);
#1550=VERTEX_POINT('',#4914);
#1551=VERTEX_POINT('',#4918);
#1552=VERTEX_POINT('',#4919);
#1553=VERTEX_POINT('',#4921);
#1554=VERTEX_POINT('',#4923);
#1555=VERTEX_POINT('',#4936);
#1556=VERTEX_POINT('',#4937);
#1557=VERTEX_POINT('',#4939);
#1558=VERTEX_POINT('',#4941);
#1559=VERTEX_POINT('',#4945);
#1560=VERTEX_POINT('',#4946);
#1561=VERTEX_POINT('',#4948);
#1562=VERTEX_POINT('',#4950);
#1563=VERTEX_POINT('',#4963);
#1564=VERTEX_POINT('',#4964);
#1565=VERTEX_POINT('',#4966);
#1566=VERTEX_POINT('',#4968);
#1567=VERTEX_POINT('',#4972);
#1568=VERTEX_POINT('',#4973);
#1569=VERTEX_POINT('',#4975);
#1570=VERTEX_POINT('',#4977);
#1571=VERTEX_POINT('',#4990);
#1572=VERTEX_POINT('',#4991);
#1573=VERTEX_POINT('',#4993);
#1574=VERTEX_POINT('',#4995);
#1575=VERTEX_POINT('',#4999);
#1576=VERTEX_POINT('',#5000);
#1577=VERTEX_POINT('',#5002);
#1578=VERTEX_POINT('',#5004);
#1579=VERTEX_POINT('',#5017);
#1580=VERTEX_POINT('',#5018);
#1581=VERTEX_POINT('',#5020);
#1582=VERTEX_POINT('',#5022);
#1583=VERTEX_POINT('',#5026);
#1584=VERTEX_POINT('',#5027);
#1585=VERTEX_POINT('',#5029);
#1586=VERTEX_POINT('',#5031);
#1587=VERTEX_POINT('',#5044);
#1588=VERTEX_POINT('',#5045);
#1589=VERTEX_POINT('',#5047);
#1590=VERTEX_POINT('',#5049);
#1591=VERTEX_POINT('',#5053);
#1592=VERTEX_POINT('',#5054);
#1593=VERTEX_POINT('',#5056);
#1594=VERTEX_POINT('',#5058);
#1595=VERTEX_POINT('',#5071);
#1596=VERTEX_POINT('',#5072);
#1597=VERTEX_POINT('',#5074);
#1598=VERTEX_POINT('',#5076);
#1599=VERTEX_POINT('',#5080);
#1600=VERTEX_POINT('',#5081);
#1601=VERTEX_POINT('',#5083);
#1602=VERTEX_POINT('',#5085);
#1603=VERTEX_POINT('',#5098);
#1604=VERTEX_POINT('',#5099);
#1605=VERTEX_POINT('',#5101);
#1606=VERTEX_POINT('',#5103);
#1607=VERTEX_POINT('',#5107);
#1608=VERTEX_POINT('',#5108);
#1609=VERTEX_POINT('',#5110);
#1610=VERTEX_POINT('',#5112);
#1611=VERTEX_POINT('',#5125);
#1612=VERTEX_POINT('',#5126);
#1613=VERTEX_POINT('',#5128);
#1614=VERTEX_POINT('',#5130);
#1615=VERTEX_POINT('',#5134);
#1616=VERTEX_POINT('',#5135);
#1617=VERTEX_POINT('',#5137);
#1618=VERTEX_POINT('',#5139);
#1619=VERTEX_POINT('',#5152);
#1620=VERTEX_POINT('',#5153);
#1621=VERTEX_POINT('',#5155);
#1622=VERTEX_POINT('',#5157);
#1623=VERTEX_POINT('',#5161);
#1624=VERTEX_POINT('',#5162);
#1625=VERTEX_POINT('',#5164);
#1626=VERTEX_POINT('',#5166);
#1627=VERTEX_POINT('',#5179);
#1628=VERTEX_POINT('',#5180);
#1629=VERTEX_POINT('',#5182);
#1630=VERTEX_POINT('',#5184);
#1631=VERTEX_POINT('',#5188);
#1632=VERTEX_POINT('',#5189);
#1633=VERTEX_POINT('',#5191);
#1634=VERTEX_POINT('',#5193);
#1635=VERTEX_POINT('',#5206);
#1636=VERTEX_POINT('',#5207);
#1637=VERTEX_POINT('',#5209);
#1638=VERTEX_POINT('',#5211);
#1639=VERTEX_POINT('',#5215);
#1640=VERTEX_POINT('',#5216);
#1641=VERTEX_POINT('',#5218);
#1642=VERTEX_POINT('',#5220);
#1643=VERTEX_POINT('',#5233);
#1644=VERTEX_POINT('',#5234);
#1645=VERTEX_POINT('',#5236);
#1646=VERTEX_POINT('',#5238);
#1647=VERTEX_POINT('',#5242);
#1648=VERTEX_POINT('',#5243);
#1649=VERTEX_POINT('',#5245);
#1650=VERTEX_POINT('',#5247);
#1651=VERTEX_POINT('',#5260);
#1652=VERTEX_POINT('',#5261);
#1653=VERTEX_POINT('',#5263);
#1654=VERTEX_POINT('',#5265);
#1655=VERTEX_POINT('',#5269);
#1656=VERTEX_POINT('',#5270);
#1657=VERTEX_POINT('',#5272);
#1658=VERTEX_POINT('',#5274);
#1659=VERTEX_POINT('',#5287);
#1660=VERTEX_POINT('',#5288);
#1661=VERTEX_POINT('',#5290);
#1662=VERTEX_POINT('',#5292);
#1663=VERTEX_POINT('',#5296);
#1664=VERTEX_POINT('',#5297);
#1665=VERTEX_POINT('',#5299);
#1666=VERTEX_POINT('',#5301);
#1667=VERTEX_POINT('',#5314);
#1668=VERTEX_POINT('',#5315);
#1669=VERTEX_POINT('',#5317);
#1670=VERTEX_POINT('',#5319);
#1671=VERTEX_POINT('',#5323);
#1672=VERTEX_POINT('',#5324);
#1673=VERTEX_POINT('',#5326);
#1674=VERTEX_POINT('',#5328);
#1675=VERTEX_POINT('',#5341);
#1676=VERTEX_POINT('',#5342);
#1677=VERTEX_POINT('',#5344);
#1678=VERTEX_POINT('',#5346);
#1679=VERTEX_POINT('',#5350);
#1680=VERTEX_POINT('',#5351);
#1681=VERTEX_POINT('',#5353);
#1682=VERTEX_POINT('',#5355);
#1683=VERTEX_POINT('',#5368);
#1684=VERTEX_POINT('',#5369);
#1685=VERTEX_POINT('',#5371);
#1686=VERTEX_POINT('',#5373);
#1687=VERTEX_POINT('',#5377);
#1688=VERTEX_POINT('',#5378);
#1689=VERTEX_POINT('',#5380);
#1690=VERTEX_POINT('',#5382);
#1691=VERTEX_POINT('',#5395);
#1692=VERTEX_POINT('',#5397);
#1693=VERTEX_POINT('',#5401);
#1694=VERTEX_POINT('',#5403);
#1695=VERTEX_POINT('',#5410);
#1696=VERTEX_POINT('',#5412);
#1697=VERTEX_POINT('',#5419);
#1698=VERTEX_POINT('',#5421);
#1699=VERTEX_POINT('',#5428);
#1700=VERTEX_POINT('',#5430);
#1701=VERTEX_POINT('',#5434);
#1702=VERTEX_POINT('',#5436);
#1703=VERTEX_POINT('',#5443);
#1704=VERTEX_POINT('',#5445);
#1705=VERTEX_POINT('',#5452);
#1706=VERTEX_POINT('',#5454);
#1707=VERTEX_POINT('',#5457);
#1708=VERTEX_POINT('',#5461);
#1709=VERTEX_POINT('',#5465);
#1710=VERTEX_POINT('',#5469);
#1711=VERTEX_POINT('',#5473);
#1712=VERTEX_POINT('',#5477);
#1713=VERTEX_POINT('',#5481);
#1714=VERTEX_POINT('',#5485);
#1715=VERTEX_POINT('',#5489);
#1716=VERTEX_POINT('',#5493);
#1717=VERTEX_POINT('',#5497);
#1718=VERTEX_POINT('',#5501);
#1719=VERTEX_POINT('',#5507);
#1720=VERTEX_POINT('',#5512);
#1721=VERTEX_POINT('',#5517);
#1722=VERTEX_POINT('',#5518);
#1723=VERTEX_POINT('',#5520);
#1724=VERTEX_POINT('',#5522);
#1725=VERTEX_POINT('',#5524);
#1726=VERTEX_POINT('',#5526);
#1727=VERTEX_POINT('',#5534);
#1728=VERTEX_POINT('',#5540);
#1729=VERTEX_POINT('',#5542);
#1730=VERTEX_POINT('',#5548);
#1731=VERTEX_POINT('',#5552);
#1732=VERTEX_POINT('',#5555);
#1733=VERTEX_POINT('',#5559);
#1734=VERTEX_POINT('',#5566);
#1735=VERTEX_POINT('',#5567);
#1736=VERTEX_POINT('',#5569);
#1737=VERTEX_POINT('',#5571);
#1738=VERTEX_POINT('',#5573);
#1739=VERTEX_POINT('',#5575);
#1740=VERTEX_POINT('',#5578);
#1741=VERTEX_POINT('',#5584);
#1742=VERTEX_POINT('',#5589);
#1743=VERTEX_POINT('',#5591);
#1744=VERTEX_POINT('',#5599);
#1745=VERTEX_POINT('',#5603);
#1746=VERTEX_POINT('',#5606);
#1747=VERTEX_POINT('',#5610);
#1748=EDGE_CURVE('',#1517,#1517,#1439,.T.);
#1749=EDGE_CURVE('',#1517,#1518,#895,.T.);
#1750=EDGE_CURVE('',#1518,#1518,#1440,.T.);
#1751=EDGE_CURVE('',#1519,#1519,#1441,.T.);
#1752=EDGE_CURVE('',#1519,#1520,#896,.T.);
#1753=EDGE_CURVE('',#1520,#1520,#1442,.T.);
#1754=EDGE_CURVE('',#1521,#1521,#1443,.T.);
#1755=EDGE_CURVE('',#1521,#1522,#897,.T.);
#1756=EDGE_CURVE('',#1522,#1522,#1444,.T.);
#1757=EDGE_CURVE('',#1523,#1523,#1445,.T.);
#1758=EDGE_CURVE('',#1523,#1524,#898,.T.);
#1759=EDGE_CURVE('',#1524,#1524,#1446,.T.);
#1760=EDGE_CURVE('',#1525,#1525,#1447,.T.);
#1761=EDGE_CURVE('',#1525,#1526,#899,.T.);
#1762=EDGE_CURVE('',#1526,#1526,#1448,.T.);
#1763=EDGE_CURVE('',#1527,#1527,#1449,.T.);
#1764=EDGE_CURVE('',#1527,#1528,#900,.T.);
#1765=EDGE_CURVE('',#1528,#1528,#1450,.T.);
#1766=EDGE_CURVE('',#1529,#1529,#1451,.T.);
#1767=EDGE_CURVE('',#1529,#1530,#901,.T.);
#1768=EDGE_CURVE('',#1530,#1530,#1452,.T.);
#1769=EDGE_CURVE('',#1531,#1531,#1453,.T.);
#1770=EDGE_CURVE('',#1531,#1532,#902,.T.);
#1771=EDGE_CURVE('',#1532,#1532,#1454,.T.);
#1772=EDGE_CURVE('',#1533,#1533,#1455,.T.);
#1773=EDGE_CURVE('',#1533,#1534,#903,.T.);
#1774=EDGE_CURVE('',#1534,#1534,#1456,.T.);
#1775=EDGE_CURVE('',#1535,#1535,#1457,.T.);
#1776=EDGE_CURVE('',#1535,#1536,#904,.T.);
#1777=EDGE_CURVE('',#1536,#1536,#1458,.T.);
#1778=EDGE_CURVE('',#1537,#1537,#1459,.T.);
#1779=EDGE_CURVE('',#1537,#1538,#905,.T.);
#1780=EDGE_CURVE('',#1538,#1538,#1460,.T.);
#1781=EDGE_CURVE('',#1539,#1540,#906,.T.);
#1782=EDGE_CURVE('',#1540,#1541,#907,.T.);
#1783=EDGE_CURVE('',#1542,#1541,#908,.T.);
#1784=EDGE_CURVE('',#1539,#1542,#909,.T.);
#1785=EDGE_CURVE('',#1543,#1544,#910,.T.);
#1786=EDGE_CURVE('',#1543,#1545,#911,.T.);
#1787=EDGE_CURVE('',#1545,#1546,#912,.T.);
#1788=EDGE_CURVE('',#1544,#1546,#913,.T.);
#1789=EDGE_CURVE('',#1539,#1543,#914,.T.);
#1790=EDGE_CURVE('',#1540,#1544,#915,.T.);
#1791=EDGE_CURVE('',#1542,#1545,#916,.T.);
#1792=EDGE_CURVE('',#1541,#1546,#917,.T.);
#1793=EDGE_CURVE('',#1547,#1548,#918,.T.);
#1794=EDGE_CURVE('',#1548,#1549,#919,.T.);
#1795=EDGE_CURVE('',#1550,#1549,#920,.T.);
#1796=EDGE_CURVE('',#1547,#1550,#921,.T.);
#1797=EDGE_CURVE('',#1551,#1552,#922,.T.);
#1798=EDGE_CURVE('',#1551,#1553,#923,.T.);
#1799=EDGE_CURVE('',#1553,#1554,#924,.T.);
#1800=EDGE_CURVE('',#1552,#1554,#925,.T.);
#1801=EDGE_CURVE('',#1547,#1551,#926,.T.);
#1802=EDGE_CURVE('',#1548,#1552,#927,.T.);
#1803=EDGE_CURVE('',#1550,#1553,#928,.T.);
#1804=EDGE_CURVE('',#1549,#1554,#929,.T.);
#1805=EDGE_CURVE('',#1555,#1556,#930,.T.);
#1806=EDGE_CURVE('',#1556,#1557,#931,.T.);
#1807=EDGE_CURVE('',#1558,#1557,#932,.T.);
#1808=EDGE_CURVE('',#1555,#1558,#933,.T.);
#1809=EDGE_CURVE('',#1559,#1560,#934,.T.);
#1810=EDGE_CURVE('',#1559,#1561,#935,.T.);
#1811=EDGE_CURVE('',#1561,#1562,#936,.T.);
#1812=EDGE_CURVE('',#1560,#1562,#937,.T.);
#1813=EDGE_CURVE('',#1555,#1559,#938,.T.);
#1814=EDGE_CURVE('',#1556,#1560,#939,.T.);
#1815=EDGE_CURVE('',#1558,#1561,#940,.T.);
#1816=EDGE_CURVE('',#1557,#1562,#941,.T.);
#1817=EDGE_CURVE('',#1563,#1564,#942,.T.);
#1818=EDGE_CURVE('',#1564,#1565,#943,.T.);
#1819=EDGE_CURVE('',#1566,#1565,#944,.T.);
#1820=EDGE_CURVE('',#1563,#1566,#945,.T.);
#1821=EDGE_CURVE('',#1567,#1568,#946,.T.);
#1822=EDGE_CURVE('',#1567,#1569,#947,.T.);
#1823=EDGE_CURVE('',#1569,#1570,#948,.T.);
#1824=EDGE_CURVE('',#1568,#1570,#949,.T.);
#1825=EDGE_CURVE('',#1563,#1567,#950,.T.);
#1826=EDGE_CURVE('',#1564,#1568,#951,.T.);
#1827=EDGE_CURVE('',#1566,#1569,#952,.T.);
#1828=EDGE_CURVE('',#1565,#1570,#953,.T.);
#1829=EDGE_CURVE('',#1571,#1572,#954,.T.);
#1830=EDGE_CURVE('',#1572,#1573,#955,.T.);
#1831=EDGE_CURVE('',#1574,#1573,#956,.T.);
#1832=EDGE_CURVE('',#1571,#1574,#957,.T.);
#1833=EDGE_CURVE('',#1575,#1576,#958,.T.);
#1834=EDGE_CURVE('',#1575,#1577,#959,.T.);
#1835=EDGE_CURVE('',#1577,#1578,#960,.T.);
#1836=EDGE_CURVE('',#1576,#1578,#961,.T.);
#1837=EDGE_CURVE('',#1571,#1575,#962,.T.);
#1838=EDGE_CURVE('',#1572,#1576,#963,.T.);
#1839=EDGE_CURVE('',#1574,#1577,#964,.T.);
#1840=EDGE_CURVE('',#1573,#1578,#965,.T.);
#1841=EDGE_CURVE('',#1579,#1580,#966,.T.);
#1842=EDGE_CURVE('',#1580,#1581,#967,.T.);
#1843=EDGE_CURVE('',#1582,#1581,#968,.T.);
#1844=EDGE_CURVE('',#1579,#1582,#969,.T.);
#1845=EDGE_CURVE('',#1583,#1584,#970,.T.);
#1846=EDGE_CURVE('',#1583,#1585,#971,.T.);
#1847=EDGE_CURVE('',#1585,#1586,#972,.T.);
#1848=EDGE_CURVE('',#1584,#1586,#973,.T.);
#1849=EDGE_CURVE('',#1579,#1583,#974,.T.);
#1850=EDGE_CURVE('',#1580,#1584,#975,.T.);
#1851=EDGE_CURVE('',#1582,#1585,#976,.T.);
#1852=EDGE_CURVE('',#1581,#1586,#977,.T.);
#1853=EDGE_CURVE('',#1587,#1588,#978,.T.);
#1854=EDGE_CURVE('',#1588,#1589,#979,.T.);
#1855=EDGE_CURVE('',#1590,#1589,#980,.T.);
#1856=EDGE_CURVE('',#1587,#1590,#981,.T.);
#1857=EDGE_CURVE('',#1591,#1592,#982,.T.);
#1858=EDGE_CURVE('',#1591,#1593,#983,.T.);
#1859=EDGE_CURVE('',#1593,#1594,#984,.T.);
#1860=EDGE_CURVE('',#1592,#1594,#985,.T.);
#1861=EDGE_CURVE('',#1587,#1591,#986,.T.);
#1862=EDGE_CURVE('',#1588,#1592,#987,.T.);
#1863=EDGE_CURVE('',#1590,#1593,#988,.T.);
#1864=EDGE_CURVE('',#1589,#1594,#989,.T.);
#1865=EDGE_CURVE('',#1595,#1596,#990,.T.);
#1866=EDGE_CURVE('',#1596,#1597,#991,.T.);
#1867=EDGE_CURVE('',#1598,#1597,#992,.T.);
#1868=EDGE_CURVE('',#1595,#1598,#993,.T.);
#1869=EDGE_CURVE('',#1599,#1600,#994,.T.);
#1870=EDGE_CURVE('',#1599,#1601,#995,.T.);
#1871=EDGE_CURVE('',#1601,#1602,#996,.T.);
#1872=EDGE_CURVE('',#1600,#1602,#997,.T.);
#1873=EDGE_CURVE('',#1595,#1599,#998,.T.);
#1874=EDGE_CURVE('',#1596,#1600,#999,.T.);
#1875=EDGE_CURVE('',#1598,#1601,#1000,.T.);
#1876=EDGE_CURVE('',#1597,#1602,#1001,.T.);
#1877=EDGE_CURVE('',#1603,#1604,#1002,.T.);
#1878=EDGE_CURVE('',#1604,#1605,#1003,.T.);
#1879=EDGE_CURVE('',#1606,#1605,#1004,.T.);
#1880=EDGE_CURVE('',#1603,#1606,#1005,.T.);
#1881=EDGE_CURVE('',#1607,#1608,#1006,.T.);
#1882=EDGE_CURVE('',#1607,#1609,#1007,.T.);
#1883=EDGE_CURVE('',#1609,#1610,#1008,.T.);
#1884=EDGE_CURVE('',#1608,#1610,#1009,.T.);
#1885=EDGE_CURVE('',#1603,#1607,#1010,.T.);
#1886=EDGE_CURVE('',#1604,#1608,#1011,.T.);
#1887=EDGE_CURVE('',#1606,#1609,#1012,.T.);
#1888=EDGE_CURVE('',#1605,#1610,#1013,.T.);
#1889=EDGE_CURVE('',#1611,#1612,#1014,.T.);
#1890=EDGE_CURVE('',#1612,#1613,#1015,.T.);
#1891=EDGE_CURVE('',#1614,#1613,#1016,.T.);
#1892=EDGE_CURVE('',#1611,#1614,#1017,.T.);
#1893=EDGE_CURVE('',#1615,#1616,#1018,.T.);
#1894=EDGE_CURVE('',#1615,#1617,#1019,.T.);
#1895=EDGE_CURVE('',#1617,#1618,#1020,.T.);
#1896=EDGE_CURVE('',#1616,#1618,#1021,.T.);
#1897=EDGE_CURVE('',#1611,#1615,#1022,.T.);
#1898=EDGE_CURVE('',#1612,#1616,#1023,.T.);
#1899=EDGE_CURVE('',#1614,#1617,#1024,.T.);
#1900=EDGE_CURVE('',#1613,#1618,#1025,.T.);
#1901=EDGE_CURVE('',#1619,#1620,#1026,.T.);
#1902=EDGE_CURVE('',#1620,#1621,#1027,.T.);
#1903=EDGE_CURVE('',#1622,#1621,#1028,.T.);
#1904=EDGE_CURVE('',#1619,#1622,#1029,.T.);
#1905=EDGE_CURVE('',#1623,#1624,#1030,.T.);
#1906=EDGE_CURVE('',#1623,#1625,#1031,.T.);
#1907=EDGE_CURVE('',#1625,#1626,#1032,.T.);
#1908=EDGE_CURVE('',#1624,#1626,#1033,.T.);
#1909=EDGE_CURVE('',#1619,#1623,#1034,.T.);
#1910=EDGE_CURVE('',#1620,#1624,#1035,.T.);
#1911=EDGE_CURVE('',#1622,#1625,#1036,.T.);
#1912=EDGE_CURVE('',#1621,#1626,#1037,.T.);
#1913=EDGE_CURVE('',#1627,#1628,#1038,.T.);
#1914=EDGE_CURVE('',#1628,#1629,#1039,.T.);
#1915=EDGE_CURVE('',#1630,#1629,#1040,.T.);
#1916=EDGE_CURVE('',#1627,#1630,#1041,.T.);
#1917=EDGE_CURVE('',#1631,#1632,#1042,.T.);
#1918=EDGE_CURVE('',#1631,#1633,#1043,.T.);
#1919=EDGE_CURVE('',#1633,#1634,#1044,.T.);
#1920=EDGE_CURVE('',#1632,#1634,#1045,.T.);
#1921=EDGE_CURVE('',#1627,#1631,#1046,.T.);
#1922=EDGE_CURVE('',#1628,#1632,#1047,.T.);
#1923=EDGE_CURVE('',#1630,#1633,#1048,.T.);
#1924=EDGE_CURVE('',#1629,#1634,#1049,.T.);
#1925=EDGE_CURVE('',#1635,#1636,#1050,.T.);
#1926=EDGE_CURVE('',#1636,#1637,#1051,.T.);
#1927=EDGE_CURVE('',#1638,#1637,#1052,.T.);
#1928=EDGE_CURVE('',#1635,#1638,#1053,.T.);
#1929=EDGE_CURVE('',#1639,#1640,#1054,.T.);
#1930=EDGE_CURVE('',#1639,#1641,#1055,.T.);
#1931=EDGE_CURVE('',#1641,#1642,#1056,.T.);
#1932=EDGE_CURVE('',#1640,#1642,#1057,.T.);
#1933=EDGE_CURVE('',#1635,#1639,#1058,.T.);
#1934=EDGE_CURVE('',#1636,#1640,#1059,.T.);
#1935=EDGE_CURVE('',#1638,#1641,#1060,.T.);
#1936=EDGE_CURVE('',#1637,#1642,#1061,.T.);
#1937=EDGE_CURVE('',#1643,#1644,#1062,.T.);
#1938=EDGE_CURVE('',#1644,#1645,#1063,.T.);
#1939=EDGE_CURVE('',#1646,#1645,#1064,.T.);
#1940=EDGE_CURVE('',#1643,#1646,#1065,.T.);
#1941=EDGE_CURVE('',#1647,#1648,#1066,.T.);
#1942=EDGE_CURVE('',#1647,#1649,#1067,.T.);
#1943=EDGE_CURVE('',#1649,#1650,#1068,.T.);
#1944=EDGE_CURVE('',#1648,#1650,#1069,.T.);
#1945=EDGE_CURVE('',#1643,#1647,#1070,.T.);
#1946=EDGE_CURVE('',#1644,#1648,#1071,.T.);
#1947=EDGE_CURVE('',#1646,#1649,#1072,.T.);
#1948=EDGE_CURVE('',#1645,#1650,#1073,.T.);
#1949=EDGE_CURVE('',#1651,#1652,#1074,.T.);
#1950=EDGE_CURVE('',#1652,#1653,#1075,.T.);
#1951=EDGE_CURVE('',#1654,#1653,#1076,.T.);
#1952=EDGE_CURVE('',#1651,#1654,#1077,.T.);
#1953=EDGE_CURVE('',#1655,#1656,#1078,.T.);
#1954=EDGE_CURVE('',#1655,#1657,#1079,.T.);
#1955=EDGE_CURVE('',#1657,#1658,#1080,.T.);
#1956=EDGE_CURVE('',#1656,#1658,#1081,.T.);
#1957=EDGE_CURVE('',#1651,#1655,#1082,.T.);
#1958=EDGE_CURVE('',#1652,#1656,#1083,.T.);
#1959=EDGE_CURVE('',#1654,#1657,#1084,.T.);
#1960=EDGE_CURVE('',#1653,#1658,#1085,.T.);
#1961=EDGE_CURVE('',#1659,#1660,#1086,.T.);
#1962=EDGE_CURVE('',#1660,#1661,#1087,.T.);
#1963=EDGE_CURVE('',#1662,#1661,#1088,.T.);
#1964=EDGE_CURVE('',#1659,#1662,#1089,.T.);
#1965=EDGE_CURVE('',#1663,#1664,#1090,.T.);
#1966=EDGE_CURVE('',#1663,#1665,#1091,.T.);
#1967=EDGE_CURVE('',#1665,#1666,#1092,.T.);
#1968=EDGE_CURVE('',#1664,#1666,#1093,.T.);
#1969=EDGE_CURVE('',#1659,#1663,#1094,.T.);
#1970=EDGE_CURVE('',#1660,#1664,#1095,.T.);
#1971=EDGE_CURVE('',#1662,#1665,#1096,.T.);
#1972=EDGE_CURVE('',#1661,#1666,#1097,.T.);
#1973=EDGE_CURVE('',#1667,#1668,#1098,.T.);
#1974=EDGE_CURVE('',#1668,#1669,#1099,.T.);
#1975=EDGE_CURVE('',#1670,#1669,#1100,.T.);
#1976=EDGE_CURVE('',#1667,#1670,#1101,.T.);
#1977=EDGE_CURVE('',#1671,#1672,#1102,.T.);
#1978=EDGE_CURVE('',#1671,#1673,#1103,.T.);
#1979=EDGE_CURVE('',#1673,#1674,#1104,.T.);
#1980=EDGE_CURVE('',#1672,#1674,#1105,.T.);
#1981=EDGE_CURVE('',#1667,#1671,#1106,.T.);
#1982=EDGE_CURVE('',#1668,#1672,#1107,.T.);
#1983=EDGE_CURVE('',#1670,#1673,#1108,.T.);
#1984=EDGE_CURVE('',#1669,#1674,#1109,.T.);
#1985=EDGE_CURVE('',#1675,#1676,#1110,.T.);
#1986=EDGE_CURVE('',#1676,#1677,#1111,.T.);
#1987=EDGE_CURVE('',#1678,#1677,#1112,.T.);
#1988=EDGE_CURVE('',#1675,#1678,#1113,.T.);
#1989=EDGE_CURVE('',#1679,#1680,#1114,.T.);
#1990=EDGE_CURVE('',#1679,#1681,#1115,.T.);
#1991=EDGE_CURVE('',#1681,#1682,#1116,.T.);
#1992=EDGE_CURVE('',#1680,#1682,#1117,.T.);
#1993=EDGE_CURVE('',#1675,#1679,#1118,.T.);
#1994=EDGE_CURVE('',#1676,#1680,#1119,.T.);
#1995=EDGE_CURVE('',#1678,#1681,#1120,.T.);
#1996=EDGE_CURVE('',#1677,#1682,#1121,.T.);
#1997=EDGE_CURVE('',#1683,#1684,#1122,.T.);
#1998=EDGE_CURVE('',#1684,#1685,#1123,.T.);
#1999=EDGE_CURVE('',#1686,#1685,#1124,.T.);
#2000=EDGE_CURVE('',#1683,#1686,#1125,.T.);
#2001=EDGE_CURVE('',#1687,#1688,#1126,.T.);
#2002=EDGE_CURVE('',#1687,#1689,#1127,.T.);
#2003=EDGE_CURVE('',#1689,#1690,#1128,.T.);
#2004=EDGE_CURVE('',#1688,#1690,#1129,.T.);
#2005=EDGE_CURVE('',#1683,#1687,#1130,.T.);
#2006=EDGE_CURVE('',#1684,#1688,#1131,.T.);
#2007=EDGE_CURVE('',#1686,#1689,#1132,.T.);
#2008=EDGE_CURVE('',#1685,#1690,#1133,.T.);
#2009=EDGE_CURVE('',#1691,#1691,#1461,.T.);
#2010=EDGE_CURVE('',#1691,#1692,#1134,.T.);
#2011=EDGE_CURVE('',#1692,#1692,#1462,.T.);
#2012=EDGE_CURVE('',#1693,#1693,#1463,.T.);
#2013=EDGE_CURVE('',#1693,#1694,#1135,.T.);
#2014=EDGE_CURVE('',#1694,#1694,#1464,.T.);
#2015=EDGE_CURVE('',#1695,#1695,#1465,.T.);
#2016=EDGE_CURVE('',#1695,#1696,#1136,.T.);
#2017=EDGE_CURVE('',#1696,#1696,#1466,.T.);
#2018=EDGE_CURVE('',#1697,#1697,#1467,.T.);
#2019=EDGE_CURVE('',#1697,#1698,#1137,.T.);
#2020=EDGE_CURVE('',#1698,#1698,#1468,.T.);
#2021=EDGE_CURVE('',#1699,#1699,#1469,.T.);
#2022=EDGE_CURVE('',#1699,#1700,#1138,.T.);
#2023=EDGE_CURVE('',#1700,#1700,#1470,.T.);
#2024=EDGE_CURVE('',#1701,#1701,#1471,.T.);
#2025=EDGE_CURVE('',#1701,#1702,#1139,.T.);
#2026=EDGE_CURVE('',#1702,#1702,#1472,.T.);
#2027=EDGE_CURVE('',#1703,#1703,#1473,.T.);
#2028=EDGE_CURVE('',#1703,#1704,#1140,.T.);
#2029=EDGE_CURVE('',#1704,#1704,#1474,.T.);
#2030=EDGE_CURVE('',#1705,#1705,#1475,.T.);
#2031=EDGE_CURVE('',#1706,#1706,#1476,.T.);
#2032=EDGE_CURVE('',#1707,#1707,#1477,.T.);
#2033=EDGE_CURVE('',#1707,#1705,#1141,.T.);
#2034=EDGE_CURVE('',#1708,#1708,#1478,.T.);
#2035=EDGE_CURVE('',#1708,#1707,#1142,.T.);
#2036=EDGE_CURVE('',#1709,#1709,#1479,.T.);
#2037=EDGE_CURVE('',#1709,#1708,#1143,.T.);
#2038=EDGE_CURVE('',#1710,#1710,#1480,.T.);
#2039=EDGE_CURVE('',#1710,#1709,#1144,.T.);
#2040=EDGE_CURVE('',#1711,#1711,#1481,.T.);
#2041=EDGE_CURVE('',#1711,#1710,#1145,.T.);
#2042=EDGE_CURVE('',#1712,#1712,#1482,.T.);
#2043=EDGE_CURVE('',#1712,#1711,#1146,.T.);
#2044=EDGE_CURVE('',#1712,#1713,#1147,.T.);
#2045=EDGE_CURVE('',#1713,#1713,#1483,.T.);
#2046=EDGE_CURVE('',#1713,#1714,#1148,.T.);
#2047=EDGE_CURVE('',#1714,#1714,#1484,.T.);
#2048=EDGE_CURVE('',#1714,#1715,#1149,.T.);
#2049=EDGE_CURVE('',#1715,#1715,#1485,.T.);
#2050=EDGE_CURVE('',#1715,#1716,#1150,.T.);
#2051=EDGE_CURVE('',#1716,#1716,#1486,.T.);
#2052=EDGE_CURVE('',#1717,#1717,#1487,.T.);
#2053=EDGE_CURVE('',#1717,#1716,#1151,.T.);
#2054=EDGE_CURVE('',#1718,#1718,#1488,.T.);
#2055=EDGE_CURVE('',#1718,#1706,#1152,.T.);
#2056=EDGE_CURVE('',#1719,#1719,#1489,.T.);
#2057=EDGE_CURVE('',#1719,#1719,#1490,.T.);
#2058=EDGE_CURVE('',#1720,#1720,#1491,.T.);
#2059=EDGE_CURVE('',#1720,#1720,#1492,.T.);
#2060=EDGE_CURVE('',#1721,#1722,#1493,.T.);
#2061=EDGE_CURVE('',#1723,#1721,#151,.T.);
#2062=EDGE_CURVE('',#1723,#1724,#1153,.T.);
#2063=EDGE_CURVE('',#1724,#1725,#152,.T.);
#2064=EDGE_CURVE('',#1725,#1726,#1494,.T.);
#2065=EDGE_CURVE('',#1726,#1724,#153,.T.);
#2066=EDGE_CURVE('',#1722,#1723,#154,.T.);
#2067=EDGE_CURVE('',#1721,#1722,#1154,.T.);
#2068=EDGE_CURVE('',#1722,#1721,#1495,.T.);
#2069=EDGE_CURVE('',#1723,#1727,#1155,.T.);
#2070=EDGE_CURVE('',#1727,#1727,#1496,.T.);
#2071=EDGE_CURVE('',#1725,#1726,#1156,.T.);
#2072=EDGE_CURVE('',#1728,#1726,#1497,.T.);
#2073=EDGE_CURVE('',#1728,#1729,#1157,.T.);
#2074=EDGE_CURVE('',#1729,#1729,#1498,.T.);
#2075=EDGE_CURVE('',#1725,#1728,#1499,.T.);
#2076=EDGE_CURVE('',#1730,#1730,#1500,.T.);
#2077=EDGE_CURVE('',#1731,#1731,#1501,.T.);
#2078=EDGE_CURVE('',#1730,#1732,#1158,.T.);
#2079=EDGE_CURVE('',#1732,#1732,#1502,.T.);
#2080=EDGE_CURVE('',#1731,#1733,#1159,.T.);
#2081=EDGE_CURVE('',#1733,#1733,#1503,.T.);
#2082=EDGE_CURVE('',#1734,#1735,#155,.T.);
#2083=EDGE_CURVE('',#1736,#1734,#1504,.T.);
#2084=EDGE_CURVE('',#1736,#1737,#1160,.T.);
#2085=EDGE_CURVE('',#1737,#1738,#1505,.T.);
#2086=EDGE_CURVE('',#1738,#1739,#156,.T.);
#2087=EDGE_CURVE('',#1739,#1737,#1506,.T.);
#2088=EDGE_CURVE('',#1740,#1736,#1507,.T.);
#2089=EDGE_CURVE('',#1735,#1740,#157,.T.);
#2090=EDGE_CURVE('',#1734,#1740,#1161,.T.);
#2091=EDGE_CURVE('',#1741,#1741,#1508,.T.);
#2092=EDGE_CURVE('',#1741,#1735,#1162,.T.);
#2093=EDGE_CURVE('',#1740,#1734,#1509,.T.);
#2094=EDGE_CURVE('',#1742,#1742,#1510,.T.);
#2095=EDGE_CURVE('',#1742,#1743,#1163,.T.);
#2096=EDGE_CURVE('',#1743,#1739,#1511,.T.);
#2097=EDGE_CURVE('',#1738,#1743,#1512,.T.);
#2098=EDGE_CURVE('',#1738,#1739,#1164,.T.);
#2099=EDGE_CURVE('',#1744,#1744,#1513,.T.);
#2100=EDGE_CURVE('',#1745,#1745,#1514,.T.);
#2101=EDGE_CURVE('',#1744,#1746,#1165,.T.);
#2102=EDGE_CURVE('',#1746,#1746,#1515,.T.);
#2103=EDGE_CURVE('',#1745,#1747,#1166,.T.);
#2104=EDGE_CURVE('',#1747,#1747,#1516,.T.);
#2105=ORIENTED_EDGE('',*,*,#1748,.T.);
#2106=ORIENTED_EDGE('',*,*,#1749,.T.);
#2107=ORIENTED_EDGE('',*,*,#1750,.F.);
#2108=ORIENTED_EDGE('',*,*,#1749,.F.);
#2109=ORIENTED_EDGE('',*,*,#1751,.T.);
#2110=ORIENTED_EDGE('',*,*,#1752,.T.);
#2111=ORIENTED_EDGE('',*,*,#1753,.F.);
#2112=ORIENTED_EDGE('',*,*,#1752,.F.);
#2113=ORIENTED_EDGE('',*,*,#1748,.F.);
#2114=ORIENTED_EDGE('',*,*,#1753,.T.);
#2115=ORIENTED_EDGE('',*,*,#1750,.T.);
#2116=ORIENTED_EDGE('',*,*,#1751,.F.);
#2117=ORIENTED_EDGE('',*,*,#1754,.T.);
#2118=ORIENTED_EDGE('',*,*,#1755,.T.);
#2119=ORIENTED_EDGE('',*,*,#1756,.F.);
#2120=ORIENTED_EDGE('',*,*,#1755,.F.);
#2121=ORIENTED_EDGE('',*,*,#1757,.T.);
#2122=ORIENTED_EDGE('',*,*,#1758,.T.);
#2123=ORIENTED_EDGE('',*,*,#1759,.F.);
#2124=ORIENTED_EDGE('',*,*,#1758,.F.);
#2125=ORIENTED_EDGE('',*,*,#1754,.F.);
#2126=ORIENTED_EDGE('',*,*,#1759,.T.);
#2127=ORIENTED_EDGE('',*,*,#1756,.T.);
#2128=ORIENTED_EDGE('',*,*,#1757,.F.);
#2129=ORIENTED_EDGE('',*,*,#1760,.T.);
#2130=ORIENTED_EDGE('',*,*,#1761,.T.);
#2131=ORIENTED_EDGE('',*,*,#1762,.F.);
#2132=ORIENTED_EDGE('',*,*,#1761,.F.);
#2133=ORIENTED_EDGE('',*,*,#1760,.F.);
#2134=ORIENTED_EDGE('',*,*,#1762,.T.);
#2135=ORIENTED_EDGE('',*,*,#1763,.T.);
#2136=ORIENTED_EDGE('',*,*,#1764,.T.);
#2137=ORIENTED_EDGE('',*,*,#1765,.F.);
#2138=ORIENTED_EDGE('',*,*,#1764,.F.);
#2139=ORIENTED_EDGE('',*,*,#1766,.T.);
#2140=ORIENTED_EDGE('',*,*,#1767,.T.);
#2141=ORIENTED_EDGE('',*,*,#1768,.F.);
#2142=ORIENTED_EDGE('',*,*,#1767,.F.);
#2143=ORIENTED_EDGE('',*,*,#1763,.F.);
#2144=ORIENTED_EDGE('',*,*,#1768,.T.);
#2145=ORIENTED_EDGE('',*,*,#1765,.T.);
#2146=ORIENTED_EDGE('',*,*,#1766,.F.);
#2147=ORIENTED_EDGE('',*,*,#1769,.T.);
#2148=ORIENTED_EDGE('',*,*,#1770,.T.);
#2149=ORIENTED_EDGE('',*,*,#1771,.F.);
#2150=ORIENTED_EDGE('',*,*,#1770,.F.);
#2151=ORIENTED_EDGE('',*,*,#1772,.T.);
#2152=ORIENTED_EDGE('',*,*,#1773,.T.);
#2153=ORIENTED_EDGE('',*,*,#1774,.F.);
#2154=ORIENTED_EDGE('',*,*,#1773,.F.);
#2155=ORIENTED_EDGE('',*,*,#1769,.F.);
#2156=ORIENTED_EDGE('',*,*,#1774,.T.);
#2157=ORIENTED_EDGE('',*,*,#1771,.T.);
#2158=ORIENTED_EDGE('',*,*,#1772,.F.);
#2159=ORIENTED_EDGE('',*,*,#1775,.T.);
#2160=ORIENTED_EDGE('',*,*,#1776,.T.);
#2161=ORIENTED_EDGE('',*,*,#1777,.F.);
#2162=ORIENTED_EDGE('',*,*,#1776,.F.);
#2163=ORIENTED_EDGE('',*,*,#1778,.T.);
#2164=ORIENTED_EDGE('',*,*,#1779,.T.);
#2165=ORIENTED_EDGE('',*,*,#1780,.F.);
#2166=ORIENTED_EDGE('',*,*,#1779,.F.);
#2167=ORIENTED_EDGE('',*,*,#1775,.F.);
#2168=ORIENTED_EDGE('',*,*,#1780,.T.);
#2169=ORIENTED_EDGE('',*,*,#1777,.T.);
#2170=ORIENTED_EDGE('',*,*,#1778,.F.);
#2171=ORIENTED_EDGE('',*,*,#1781,.T.);
#2172=ORIENTED_EDGE('',*,*,#1782,.T.);
#2173=ORIENTED_EDGE('',*,*,#1783,.F.);
#2174=ORIENTED_EDGE('',*,*,#1784,.F.);
#2175=ORIENTED_EDGE('',*,*,#1785,.F.);
#2176=ORIENTED_EDGE('',*,*,#1786,.T.);
#2177=ORIENTED_EDGE('',*,*,#1787,.T.);
#2178=ORIENTED_EDGE('',*,*,#1788,.F.);
#2179=ORIENTED_EDGE('',*,*,#1789,.T.);
#2180=ORIENTED_EDGE('',*,*,#1785,.T.);
#2181=ORIENTED_EDGE('',*,*,#1790,.F.);
#2182=ORIENTED_EDGE('',*,*,#1781,.F.);
#2183=ORIENTED_EDGE('',*,*,#1791,.F.);
#2184=ORIENTED_EDGE('',*,*,#1783,.T.);
#2185=ORIENTED_EDGE('',*,*,#1792,.T.);
#2186=ORIENTED_EDGE('',*,*,#1787,.F.);
#2187=ORIENTED_EDGE('',*,*,#1784,.T.);
#2188=ORIENTED_EDGE('',*,*,#1791,.T.);
#2189=ORIENTED_EDGE('',*,*,#1786,.F.);
#2190=ORIENTED_EDGE('',*,*,#1789,.F.);
#2191=ORIENTED_EDGE('',*,*,#1782,.F.);
#2192=ORIENTED_EDGE('',*,*,#1790,.T.);
#2193=ORIENTED_EDGE('',*,*,#1788,.T.);
#2194=ORIENTED_EDGE('',*,*,#1792,.F.);
#2195=ORIENTED_EDGE('',*,*,#1793,.T.);
#2196=ORIENTED_EDGE('',*,*,#1794,.T.);
#2197=ORIENTED_EDGE('',*,*,#1795,.F.);
#2198=ORIENTED_EDGE('',*,*,#1796,.F.);
#2199=ORIENTED_EDGE('',*,*,#1797,.F.);
#2200=ORIENTED_EDGE('',*,*,#1798,.T.);
#2201=ORIENTED_EDGE('',*,*,#1799,.T.);
#2202=ORIENTED_EDGE('',*,*,#1800,.F.);
#2203=ORIENTED_EDGE('',*,*,#1801,.T.);
#2204=ORIENTED_EDGE('',*,*,#1797,.T.);
#2205=ORIENTED_EDGE('',*,*,#1802,.F.);
#2206=ORIENTED_EDGE('',*,*,#1793,.F.);
#2207=ORIENTED_EDGE('',*,*,#1803,.F.);
#2208=ORIENTED_EDGE('',*,*,#1795,.T.);
#2209=ORIENTED_EDGE('',*,*,#1804,.T.);
#2210=ORIENTED_EDGE('',*,*,#1799,.F.);
#2211=ORIENTED_EDGE('',*,*,#1796,.T.);
#2212=ORIENTED_EDGE('',*,*,#1803,.T.);
#2213=ORIENTED_EDGE('',*,*,#1798,.F.);
#2214=ORIENTED_EDGE('',*,*,#1801,.F.);
#2215=ORIENTED_EDGE('',*,*,#1794,.F.);
#2216=ORIENTED_EDGE('',*,*,#1802,.T.);
#2217=ORIENTED_EDGE('',*,*,#1800,.T.);
#2218=ORIENTED_EDGE('',*,*,#1804,.F.);
#2219=ORIENTED_EDGE('',*,*,#1805,.T.);
#2220=ORIENTED_EDGE('',*,*,#1806,.T.);
#2221=ORIENTED_EDGE('',*,*,#1807,.F.);
#2222=ORIENTED_EDGE('',*,*,#1808,.F.);
#2223=ORIENTED_EDGE('',*,*,#1809,.F.);
#2224=ORIENTED_EDGE('',*,*,#1810,.T.);
#2225=ORIENTED_EDGE('',*,*,#1811,.T.);
#2226=ORIENTED_EDGE('',*,*,#1812,.F.);
#2227=ORIENTED_EDGE('',*,*,#1813,.T.);
#2228=ORIENTED_EDGE('',*,*,#1809,.T.);
#2229=ORIENTED_EDGE('',*,*,#1814,.F.);
#2230=ORIENTED_EDGE('',*,*,#1805,.F.);
#2231=ORIENTED_EDGE('',*,*,#1815,.F.);
#2232=ORIENTED_EDGE('',*,*,#1807,.T.);
#2233=ORIENTED_EDGE('',*,*,#1816,.T.);
#2234=ORIENTED_EDGE('',*,*,#1811,.F.);
#2235=ORIENTED_EDGE('',*,*,#1808,.T.);
#2236=ORIENTED_EDGE('',*,*,#1815,.T.);
#2237=ORIENTED_EDGE('',*,*,#1810,.F.);
#2238=ORIENTED_EDGE('',*,*,#1813,.F.);
#2239=ORIENTED_EDGE('',*,*,#1806,.F.);
#2240=ORIENTED_EDGE('',*,*,#1814,.T.);
#2241=ORIENTED_EDGE('',*,*,#1812,.T.);
#2242=ORIENTED_EDGE('',*,*,#1816,.F.);
#2243=ORIENTED_EDGE('',*,*,#1817,.T.);
#2244=ORIENTED_EDGE('',*,*,#1818,.T.);
#2245=ORIENTED_EDGE('',*,*,#1819,.F.);
#2246=ORIENTED_EDGE('',*,*,#1820,.F.);
#2247=ORIENTED_EDGE('',*,*,#1821,.F.);
#2248=ORIENTED_EDGE('',*,*,#1822,.T.);
#2249=ORIENTED_EDGE('',*,*,#1823,.T.);
#2250=ORIENTED_EDGE('',*,*,#1824,.F.);
#2251=ORIENTED_EDGE('',*,*,#1825,.T.);
#2252=ORIENTED_EDGE('',*,*,#1821,.T.);
#2253=ORIENTED_EDGE('',*,*,#1826,.F.);
#2254=ORIENTED_EDGE('',*,*,#1817,.F.);
#2255=ORIENTED_EDGE('',*,*,#1827,.F.);
#2256=ORIENTED_EDGE('',*,*,#1819,.T.);
#2257=ORIENTED_EDGE('',*,*,#1828,.T.);
#2258=ORIENTED_EDGE('',*,*,#1823,.F.);
#2259=ORIENTED_EDGE('',*,*,#1820,.T.);
#2260=ORIENTED_EDGE('',*,*,#1827,.T.);
#2261=ORIENTED_EDGE('',*,*,#1822,.F.);
#2262=ORIENTED_EDGE('',*,*,#1825,.F.);
#2263=ORIENTED_EDGE('',*,*,#1818,.F.);
#2264=ORIENTED_EDGE('',*,*,#1826,.T.);
#2265=ORIENTED_EDGE('',*,*,#1824,.T.);
#2266=ORIENTED_EDGE('',*,*,#1828,.F.);
#2267=ORIENTED_EDGE('',*,*,#1829,.T.);
#2268=ORIENTED_EDGE('',*,*,#1830,.T.);
#2269=ORIENTED_EDGE('',*,*,#1831,.F.);
#2270=ORIENTED_EDGE('',*,*,#1832,.F.);
#2271=ORIENTED_EDGE('',*,*,#1833,.F.);
#2272=ORIENTED_EDGE('',*,*,#1834,.T.);
#2273=ORIENTED_EDGE('',*,*,#1835,.T.);
#2274=ORIENTED_EDGE('',*,*,#1836,.F.);
#2275=ORIENTED_EDGE('',*,*,#1837,.T.);
#2276=ORIENTED_EDGE('',*,*,#1833,.T.);
#2277=ORIENTED_EDGE('',*,*,#1838,.F.);
#2278=ORIENTED_EDGE('',*,*,#1829,.F.);
#2279=ORIENTED_EDGE('',*,*,#1839,.F.);
#2280=ORIENTED_EDGE('',*,*,#1831,.T.);
#2281=ORIENTED_EDGE('',*,*,#1840,.T.);
#2282=ORIENTED_EDGE('',*,*,#1835,.F.);
#2283=ORIENTED_EDGE('',*,*,#1832,.T.);
#2284=ORIENTED_EDGE('',*,*,#1839,.T.);
#2285=ORIENTED_EDGE('',*,*,#1834,.F.);
#2286=ORIENTED_EDGE('',*,*,#1837,.F.);
#2287=ORIENTED_EDGE('',*,*,#1830,.F.);
#2288=ORIENTED_EDGE('',*,*,#1838,.T.);
#2289=ORIENTED_EDGE('',*,*,#1836,.T.);
#2290=ORIENTED_EDGE('',*,*,#1840,.F.);
#2291=ORIENTED_EDGE('',*,*,#1841,.T.);
#2292=ORIENTED_EDGE('',*,*,#1842,.T.);
#2293=ORIENTED_EDGE('',*,*,#1843,.F.);
#2294=ORIENTED_EDGE('',*,*,#1844,.F.);
#2295=ORIENTED_EDGE('',*,*,#1845,.F.);
#2296=ORIENTED_EDGE('',*,*,#1846,.T.);
#2297=ORIENTED_EDGE('',*,*,#1847,.T.);
#2298=ORIENTED_EDGE('',*,*,#1848,.F.);
#2299=ORIENTED_EDGE('',*,*,#1849,.T.);
#2300=ORIENTED_EDGE('',*,*,#1845,.T.);
#2301=ORIENTED_EDGE('',*,*,#1850,.F.);
#2302=ORIENTED_EDGE('',*,*,#1841,.F.);
#2303=ORIENTED_EDGE('',*,*,#1851,.F.);
#2304=ORIENTED_EDGE('',*,*,#1843,.T.);
#2305=ORIENTED_EDGE('',*,*,#1852,.T.);
#2306=ORIENTED_EDGE('',*,*,#1847,.F.);
#2307=ORIENTED_EDGE('',*,*,#1844,.T.);
#2308=ORIENTED_EDGE('',*,*,#1851,.T.);
#2309=ORIENTED_EDGE('',*,*,#1846,.F.);
#2310=ORIENTED_EDGE('',*,*,#1849,.F.);
#2311=ORIENTED_EDGE('',*,*,#1842,.F.);
#2312=ORIENTED_EDGE('',*,*,#1850,.T.);
#2313=ORIENTED_EDGE('',*,*,#1848,.T.);
#2314=ORIENTED_EDGE('',*,*,#1852,.F.);
#2315=ORIENTED_EDGE('',*,*,#1853,.T.);
#2316=ORIENTED_EDGE('',*,*,#1854,.T.);
#2317=ORIENTED_EDGE('',*,*,#1855,.F.);
#2318=ORIENTED_EDGE('',*,*,#1856,.F.);
#2319=ORIENTED_EDGE('',*,*,#1857,.F.);
#2320=ORIENTED_EDGE('',*,*,#1858,.T.);
#2321=ORIENTED_EDGE('',*,*,#1859,.T.);
#2322=ORIENTED_EDGE('',*,*,#1860,.F.);
#2323=ORIENTED_EDGE('',*,*,#1861,.T.);
#2324=ORIENTED_EDGE('',*,*,#1857,.T.);
#2325=ORIENTED_EDGE('',*,*,#1862,.F.);
#2326=ORIENTED_EDGE('',*,*,#1853,.F.);
#2327=ORIENTED_EDGE('',*,*,#1863,.F.);
#2328=ORIENTED_EDGE('',*,*,#1855,.T.);
#2329=ORIENTED_EDGE('',*,*,#1864,.T.);
#2330=ORIENTED_EDGE('',*,*,#1859,.F.);
#2331=ORIENTED_EDGE('',*,*,#1856,.T.);
#2332=ORIENTED_EDGE('',*,*,#1863,.T.);
#2333=ORIENTED_EDGE('',*,*,#1858,.F.);
#2334=ORIENTED_EDGE('',*,*,#1861,.F.);
#2335=ORIENTED_EDGE('',*,*,#1854,.F.);
#2336=ORIENTED_EDGE('',*,*,#1862,.T.);
#2337=ORIENTED_EDGE('',*,*,#1860,.T.);
#2338=ORIENTED_EDGE('',*,*,#1864,.F.);
#2339=ORIENTED_EDGE('',*,*,#1865,.T.);
#2340=ORIENTED_EDGE('',*,*,#1866,.T.);
#2341=ORIENTED_EDGE('',*,*,#1867,.F.);
#2342=ORIENTED_EDGE('',*,*,#1868,.F.);
#2343=ORIENTED_EDGE('',*,*,#1869,.F.);
#2344=ORIENTED_EDGE('',*,*,#1870,.T.);
#2345=ORIENTED_EDGE('',*,*,#1871,.T.);
#2346=ORIENTED_EDGE('',*,*,#1872,.F.);
#2347=ORIENTED_EDGE('',*,*,#1873,.T.);
#2348=ORIENTED_EDGE('',*,*,#1869,.T.);
#2349=ORIENTED_EDGE('',*,*,#1874,.F.);
#2350=ORIENTED_EDGE('',*,*,#1865,.F.);
#2351=ORIENTED_EDGE('',*,*,#1875,.F.);
#2352=ORIENTED_EDGE('',*,*,#1867,.T.);
#2353=ORIENTED_EDGE('',*,*,#1876,.T.);
#2354=ORIENTED_EDGE('',*,*,#1871,.F.);
#2355=ORIENTED_EDGE('',*,*,#1868,.T.);
#2356=ORIENTED_EDGE('',*,*,#1875,.T.);
#2357=ORIENTED_EDGE('',*,*,#1870,.F.);
#2358=ORIENTED_EDGE('',*,*,#1873,.F.);
#2359=ORIENTED_EDGE('',*,*,#1866,.F.);
#2360=ORIENTED_EDGE('',*,*,#1874,.T.);
#2361=ORIENTED_EDGE('',*,*,#1872,.T.);
#2362=ORIENTED_EDGE('',*,*,#1876,.F.);
#2363=ORIENTED_EDGE('',*,*,#1877,.T.);
#2364=ORIENTED_EDGE('',*,*,#1878,.T.);
#2365=ORIENTED_EDGE('',*,*,#1879,.F.);
#2366=ORIENTED_EDGE('',*,*,#1880,.F.);
#2367=ORIENTED_EDGE('',*,*,#1881,.F.);
#2368=ORIENTED_EDGE('',*,*,#1882,.T.);
#2369=ORIENTED_EDGE('',*,*,#1883,.T.);
#2370=ORIENTED_EDGE('',*,*,#1884,.F.);
#2371=ORIENTED_EDGE('',*,*,#1885,.T.);
#2372=ORIENTED_EDGE('',*,*,#1881,.T.);
#2373=ORIENTED_EDGE('',*,*,#1886,.F.);
#2374=ORIENTED_EDGE('',*,*,#1877,.F.);
#2375=ORIENTED_EDGE('',*,*,#1887,.F.);
#2376=ORIENTED_EDGE('',*,*,#1879,.T.);
#2377=ORIENTED_EDGE('',*,*,#1888,.T.);
#2378=ORIENTED_EDGE('',*,*,#1883,.F.);
#2379=ORIENTED_EDGE('',*,*,#1880,.T.);
#2380=ORIENTED_EDGE('',*,*,#1887,.T.);
#2381=ORIENTED_EDGE('',*,*,#1882,.F.);
#2382=ORIENTED_EDGE('',*,*,#1885,.F.);
#2383=ORIENTED_EDGE('',*,*,#1878,.F.);
#2384=ORIENTED_EDGE('',*,*,#1886,.T.);
#2385=ORIENTED_EDGE('',*,*,#1884,.T.);
#2386=ORIENTED_EDGE('',*,*,#1888,.F.);
#2387=ORIENTED_EDGE('',*,*,#1889,.T.);
#2388=ORIENTED_EDGE('',*,*,#1890,.T.);
#2389=ORIENTED_EDGE('',*,*,#1891,.F.);
#2390=ORIENTED_EDGE('',*,*,#1892,.F.);
#2391=ORIENTED_EDGE('',*,*,#1893,.F.);
#2392=ORIENTED_EDGE('',*,*,#1894,.T.);
#2393=ORIENTED_EDGE('',*,*,#1895,.T.);
#2394=ORIENTED_EDGE('',*,*,#1896,.F.);
#2395=ORIENTED_EDGE('',*,*,#1897,.T.);
#2396=ORIENTED_EDGE('',*,*,#1893,.T.);
#2397=ORIENTED_EDGE('',*,*,#1898,.F.);
#2398=ORIENTED_EDGE('',*,*,#1889,.F.);
#2399=ORIENTED_EDGE('',*,*,#1899,.F.);
#2400=ORIENTED_EDGE('',*,*,#1891,.T.);
#2401=ORIENTED_EDGE('',*,*,#1900,.T.);
#2402=ORIENTED_EDGE('',*,*,#1895,.F.);
#2403=ORIENTED_EDGE('',*,*,#1892,.T.);
#2404=ORIENTED_EDGE('',*,*,#1899,.T.);
#2405=ORIENTED_EDGE('',*,*,#1894,.F.);
#2406=ORIENTED_EDGE('',*,*,#1897,.F.);
#2407=ORIENTED_EDGE('',*,*,#1890,.F.);
#2408=ORIENTED_EDGE('',*,*,#1898,.T.);
#2409=ORIENTED_EDGE('',*,*,#1896,.T.);
#2410=ORIENTED_EDGE('',*,*,#1900,.F.);
#2411=ORIENTED_EDGE('',*,*,#1901,.T.);
#2412=ORIENTED_EDGE('',*,*,#1902,.T.);
#2413=ORIENTED_EDGE('',*,*,#1903,.F.);
#2414=ORIENTED_EDGE('',*,*,#1904,.F.);
#2415=ORIENTED_EDGE('',*,*,#1905,.F.);
#2416=ORIENTED_EDGE('',*,*,#1906,.T.);
#2417=ORIENTED_EDGE('',*,*,#1907,.T.);
#2418=ORIENTED_EDGE('',*,*,#1908,.F.);
#2419=ORIENTED_EDGE('',*,*,#1909,.T.);
#2420=ORIENTED_EDGE('',*,*,#1905,.T.);
#2421=ORIENTED_EDGE('',*,*,#1910,.F.);
#2422=ORIENTED_EDGE('',*,*,#1901,.F.);
#2423=ORIENTED_EDGE('',*,*,#1911,.F.);
#2424=ORIENTED_EDGE('',*,*,#1903,.T.);
#2425=ORIENTED_EDGE('',*,*,#1912,.T.);
#2426=ORIENTED_EDGE('',*,*,#1907,.F.);
#2427=ORIENTED_EDGE('',*,*,#1904,.T.);
#2428=ORIENTED_EDGE('',*,*,#1911,.T.);
#2429=ORIENTED_EDGE('',*,*,#1906,.F.);
#2430=ORIENTED_EDGE('',*,*,#1909,.F.);
#2431=ORIENTED_EDGE('',*,*,#1902,.F.);
#2432=ORIENTED_EDGE('',*,*,#1910,.T.);
#2433=ORIENTED_EDGE('',*,*,#1908,.T.);
#2434=ORIENTED_EDGE('',*,*,#1912,.F.);
#2435=ORIENTED_EDGE('',*,*,#1913,.T.);
#2436=ORIENTED_EDGE('',*,*,#1914,.T.);
#2437=ORIENTED_EDGE('',*,*,#1915,.F.);
#2438=ORIENTED_EDGE('',*,*,#1916,.F.);
#2439=ORIENTED_EDGE('',*,*,#1917,.F.);
#2440=ORIENTED_EDGE('',*,*,#1918,.T.);
#2441=ORIENTED_EDGE('',*,*,#1919,.T.);
#2442=ORIENTED_EDGE('',*,*,#1920,.F.);
#2443=ORIENTED_EDGE('',*,*,#1921,.T.);
#2444=ORIENTED_EDGE('',*,*,#1917,.T.);
#2445=ORIENTED_EDGE('',*,*,#1922,.F.);
#2446=ORIENTED_EDGE('',*,*,#1913,.F.);
#2447=ORIENTED_EDGE('',*,*,#1923,.F.);
#2448=ORIENTED_EDGE('',*,*,#1915,.T.);
#2449=ORIENTED_EDGE('',*,*,#1924,.T.);
#2450=ORIENTED_EDGE('',*,*,#1919,.F.);
#2451=ORIENTED_EDGE('',*,*,#1916,.T.);
#2452=ORIENTED_EDGE('',*,*,#1923,.T.);
#2453=ORIENTED_EDGE('',*,*,#1918,.F.);
#2454=ORIENTED_EDGE('',*,*,#1921,.F.);
#2455=ORIENTED_EDGE('',*,*,#1914,.F.);
#2456=ORIENTED_EDGE('',*,*,#1922,.T.);
#2457=ORIENTED_EDGE('',*,*,#1920,.T.);
#2458=ORIENTED_EDGE('',*,*,#1924,.F.);
#2459=ORIENTED_EDGE('',*,*,#1925,.T.);
#2460=ORIENTED_EDGE('',*,*,#1926,.T.);
#2461=ORIENTED_EDGE('',*,*,#1927,.F.);
#2462=ORIENTED_EDGE('',*,*,#1928,.F.);
#2463=ORIENTED_EDGE('',*,*,#1929,.F.);
#2464=ORIENTED_EDGE('',*,*,#1930,.T.);
#2465=ORIENTED_EDGE('',*,*,#1931,.T.);
#2466=ORIENTED_EDGE('',*,*,#1932,.F.);
#2467=ORIENTED_EDGE('',*,*,#1933,.T.);
#2468=ORIENTED_EDGE('',*,*,#1929,.T.);
#2469=ORIENTED_EDGE('',*,*,#1934,.F.);
#2470=ORIENTED_EDGE('',*,*,#1925,.F.);
#2471=ORIENTED_EDGE('',*,*,#1935,.F.);
#2472=ORIENTED_EDGE('',*,*,#1927,.T.);
#2473=ORIENTED_EDGE('',*,*,#1936,.T.);
#2474=ORIENTED_EDGE('',*,*,#1931,.F.);
#2475=ORIENTED_EDGE('',*,*,#1928,.T.);
#2476=ORIENTED_EDGE('',*,*,#1935,.T.);
#2477=ORIENTED_EDGE('',*,*,#1930,.F.);
#2478=ORIENTED_EDGE('',*,*,#1933,.F.);
#2479=ORIENTED_EDGE('',*,*,#1926,.F.);
#2480=ORIENTED_EDGE('',*,*,#1934,.T.);
#2481=ORIENTED_EDGE('',*,*,#1932,.T.);
#2482=ORIENTED_EDGE('',*,*,#1936,.F.);
#2483=ORIENTED_EDGE('',*,*,#1937,.T.);
#2484=ORIENTED_EDGE('',*,*,#1938,.T.);
#2485=ORIENTED_EDGE('',*,*,#1939,.F.);
#2486=ORIENTED_EDGE('',*,*,#1940,.F.);
#2487=ORIENTED_EDGE('',*,*,#1941,.F.);
#2488=ORIENTED_EDGE('',*,*,#1942,.T.);
#2489=ORIENTED_EDGE('',*,*,#1943,.T.);
#2490=ORIENTED_EDGE('',*,*,#1944,.F.);
#2491=ORIENTED_EDGE('',*,*,#1945,.T.);
#2492=ORIENTED_EDGE('',*,*,#1941,.T.);
#2493=ORIENTED_EDGE('',*,*,#1946,.F.);
#2494=ORIENTED_EDGE('',*,*,#1937,.F.);
#2495=ORIENTED_EDGE('',*,*,#1947,.F.);
#2496=ORIENTED_EDGE('',*,*,#1939,.T.);
#2497=ORIENTED_EDGE('',*,*,#1948,.T.);
#2498=ORIENTED_EDGE('',*,*,#1943,.F.);
#2499=ORIENTED_EDGE('',*,*,#1940,.T.);
#2500=ORIENTED_EDGE('',*,*,#1947,.T.);
#2501=ORIENTED_EDGE('',*,*,#1942,.F.);
#2502=ORIENTED_EDGE('',*,*,#1945,.F.);
#2503=ORIENTED_EDGE('',*,*,#1938,.F.);
#2504=ORIENTED_EDGE('',*,*,#1946,.T.);
#2505=ORIENTED_EDGE('',*,*,#1944,.T.);
#2506=ORIENTED_EDGE('',*,*,#1948,.F.);
#2507=ORIENTED_EDGE('',*,*,#1949,.T.);
#2508=ORIENTED_EDGE('',*,*,#1950,.T.);
#2509=ORIENTED_EDGE('',*,*,#1951,.F.);
#2510=ORIENTED_EDGE('',*,*,#1952,.F.);
#2511=ORIENTED_EDGE('',*,*,#1953,.F.);
#2512=ORIENTED_EDGE('',*,*,#1954,.T.);
#2513=ORIENTED_EDGE('',*,*,#1955,.T.);
#2514=ORIENTED_EDGE('',*,*,#1956,.F.);
#2515=ORIENTED_EDGE('',*,*,#1957,.T.);
#2516=ORIENTED_EDGE('',*,*,#1953,.T.);
#2517=ORIENTED_EDGE('',*,*,#1958,.F.);
#2518=ORIENTED_EDGE('',*,*,#1949,.F.);
#2519=ORIENTED_EDGE('',*,*,#1959,.F.);
#2520=ORIENTED_EDGE('',*,*,#1951,.T.);
#2521=ORIENTED_EDGE('',*,*,#1960,.T.);
#2522=ORIENTED_EDGE('',*,*,#1955,.F.);
#2523=ORIENTED_EDGE('',*,*,#1952,.T.);
#2524=ORIENTED_EDGE('',*,*,#1959,.T.);
#2525=ORIENTED_EDGE('',*,*,#1954,.F.);
#2526=ORIENTED_EDGE('',*,*,#1957,.F.);
#2527=ORIENTED_EDGE('',*,*,#1950,.F.);
#2528=ORIENTED_EDGE('',*,*,#1958,.T.);
#2529=ORIENTED_EDGE('',*,*,#1956,.T.);
#2530=ORIENTED_EDGE('',*,*,#1960,.F.);
#2531=ORIENTED_EDGE('',*,*,#1961,.T.);
#2532=ORIENTED_EDGE('',*,*,#1962,.T.);
#2533=ORIENTED_EDGE('',*,*,#1963,.F.);
#2534=ORIENTED_EDGE('',*,*,#1964,.F.);
#2535=ORIENTED_EDGE('',*,*,#1965,.F.);
#2536=ORIENTED_EDGE('',*,*,#1966,.T.);
#2537=ORIENTED_EDGE('',*,*,#1967,.T.);
#2538=ORIENTED_EDGE('',*,*,#1968,.F.);
#2539=ORIENTED_EDGE('',*,*,#1969,.T.);
#2540=ORIENTED_EDGE('',*,*,#1965,.T.);
#2541=ORIENTED_EDGE('',*,*,#1970,.F.);
#2542=ORIENTED_EDGE('',*,*,#1961,.F.);
#2543=ORIENTED_EDGE('',*,*,#1971,.F.);
#2544=ORIENTED_EDGE('',*,*,#1963,.T.);
#2545=ORIENTED_EDGE('',*,*,#1972,.T.);
#2546=ORIENTED_EDGE('',*,*,#1967,.F.);
#2547=ORIENTED_EDGE('',*,*,#1964,.T.);
#2548=ORIENTED_EDGE('',*,*,#1971,.T.);
#2549=ORIENTED_EDGE('',*,*,#1966,.F.);
#2550=ORIENTED_EDGE('',*,*,#1969,.F.);
#2551=ORIENTED_EDGE('',*,*,#1962,.F.);
#2552=ORIENTED_EDGE('',*,*,#1970,.T.);
#2553=ORIENTED_EDGE('',*,*,#1968,.T.);
#2554=ORIENTED_EDGE('',*,*,#1972,.F.);
#2555=ORIENTED_EDGE('',*,*,#1973,.T.);
#2556=ORIENTED_EDGE('',*,*,#1974,.T.);
#2557=ORIENTED_EDGE('',*,*,#1975,.F.);
#2558=ORIENTED_EDGE('',*,*,#1976,.F.);
#2559=ORIENTED_EDGE('',*,*,#1977,.F.);
#2560=ORIENTED_EDGE('',*,*,#1978,.T.);
#2561=ORIENTED_EDGE('',*,*,#1979,.T.);
#2562=ORIENTED_EDGE('',*,*,#1980,.F.);
#2563=ORIENTED_EDGE('',*,*,#1981,.T.);
#2564=ORIENTED_EDGE('',*,*,#1977,.T.);
#2565=ORIENTED_EDGE('',*,*,#1982,.F.);
#2566=ORIENTED_EDGE('',*,*,#1973,.F.);
#2567=ORIENTED_EDGE('',*,*,#1983,.F.);
#2568=ORIENTED_EDGE('',*,*,#1975,.T.);
#2569=ORIENTED_EDGE('',*,*,#1984,.T.);
#2570=ORIENTED_EDGE('',*,*,#1979,.F.);
#2571=ORIENTED_EDGE('',*,*,#1976,.T.);
#2572=ORIENTED_EDGE('',*,*,#1983,.T.);
#2573=ORIENTED_EDGE('',*,*,#1978,.F.);
#2574=ORIENTED_EDGE('',*,*,#1981,.F.);
#2575=ORIENTED_EDGE('',*,*,#1974,.F.);
#2576=ORIENTED_EDGE('',*,*,#1982,.T.);
#2577=ORIENTED_EDGE('',*,*,#1980,.T.);
#2578=ORIENTED_EDGE('',*,*,#1984,.F.);
#2579=ORIENTED_EDGE('',*,*,#1985,.T.);
#2580=ORIENTED_EDGE('',*,*,#1986,.T.);
#2581=ORIENTED_EDGE('',*,*,#1987,.F.);
#2582=ORIENTED_EDGE('',*,*,#1988,.F.);
#2583=ORIENTED_EDGE('',*,*,#1989,.F.);
#2584=ORIENTED_EDGE('',*,*,#1990,.T.);
#2585=ORIENTED_EDGE('',*,*,#1991,.T.);
#2586=ORIENTED_EDGE('',*,*,#1992,.F.);
#2587=ORIENTED_EDGE('',*,*,#1993,.T.);
#2588=ORIENTED_EDGE('',*,*,#1989,.T.);
#2589=ORIENTED_EDGE('',*,*,#1994,.F.);
#2590=ORIENTED_EDGE('',*,*,#1985,.F.);
#2591=ORIENTED_EDGE('',*,*,#1995,.F.);
#2592=ORIENTED_EDGE('',*,*,#1987,.T.);
#2593=ORIENTED_EDGE('',*,*,#1996,.T.);
#2594=ORIENTED_EDGE('',*,*,#1991,.F.);
#2595=ORIENTED_EDGE('',*,*,#1988,.T.);
#2596=ORIENTED_EDGE('',*,*,#1995,.T.);
#2597=ORIENTED_EDGE('',*,*,#1990,.F.);
#2598=ORIENTED_EDGE('',*,*,#1993,.F.);
#2599=ORIENTED_EDGE('',*,*,#1986,.F.);
#2600=ORIENTED_EDGE('',*,*,#1994,.T.);
#2601=ORIENTED_EDGE('',*,*,#1992,.T.);
#2602=ORIENTED_EDGE('',*,*,#1996,.F.);
#2603=ORIENTED_EDGE('',*,*,#1997,.T.);
#2604=ORIENTED_EDGE('',*,*,#1998,.T.);
#2605=ORIENTED_EDGE('',*,*,#1999,.F.);
#2606=ORIENTED_EDGE('',*,*,#2000,.F.);
#2607=ORIENTED_EDGE('',*,*,#2001,.F.);
#2608=ORIENTED_EDGE('',*,*,#2002,.T.);
#2609=ORIENTED_EDGE('',*,*,#2003,.T.);
#2610=ORIENTED_EDGE('',*,*,#2004,.F.);
#2611=ORIENTED_EDGE('',*,*,#2005,.T.);
#2612=ORIENTED_EDGE('',*,*,#2001,.T.);
#2613=ORIENTED_EDGE('',*,*,#2006,.F.);
#2614=ORIENTED_EDGE('',*,*,#1997,.F.);
#2615=ORIENTED_EDGE('',*,*,#2007,.F.);
#2616=ORIENTED_EDGE('',*,*,#1999,.T.);
#2617=ORIENTED_EDGE('',*,*,#2008,.T.);
#2618=ORIENTED_EDGE('',*,*,#2003,.F.);
#2619=ORIENTED_EDGE('',*,*,#2000,.T.);
#2620=ORIENTED_EDGE('',*,*,#2007,.T.);
#2621=ORIENTED_EDGE('',*,*,#2002,.F.);
#2622=ORIENTED_EDGE('',*,*,#2005,.F.);
#2623=ORIENTED_EDGE('',*,*,#1998,.F.);
#2624=ORIENTED_EDGE('',*,*,#2006,.T.);
#2625=ORIENTED_EDGE('',*,*,#2004,.T.);
#2626=ORIENTED_EDGE('',*,*,#2008,.F.);
#2627=ORIENTED_EDGE('',*,*,#2009,.T.);
#2628=ORIENTED_EDGE('',*,*,#2010,.T.);
#2629=ORIENTED_EDGE('',*,*,#2011,.F.);
#2630=ORIENTED_EDGE('',*,*,#2010,.F.);
#2631=ORIENTED_EDGE('',*,*,#2012,.T.);
#2632=ORIENTED_EDGE('',*,*,#2013,.T.);
#2633=ORIENTED_EDGE('',*,*,#2014,.F.);
#2634=ORIENTED_EDGE('',*,*,#2013,.F.);
#2635=ORIENTED_EDGE('',*,*,#2009,.F.);
#2636=ORIENTED_EDGE('',*,*,#2014,.T.);
#2637=ORIENTED_EDGE('',*,*,#2011,.T.);
#2638=ORIENTED_EDGE('',*,*,#2012,.F.);
#2639=ORIENTED_EDGE('',*,*,#2015,.T.);
#2640=ORIENTED_EDGE('',*,*,#2016,.T.);
#2641=ORIENTED_EDGE('',*,*,#2017,.F.);
#2642=ORIENTED_EDGE('',*,*,#2016,.F.);
#2643=ORIENTED_EDGE('',*,*,#2015,.F.);
#2644=ORIENTED_EDGE('',*,*,#2017,.T.);
#2645=ORIENTED_EDGE('',*,*,#2018,.T.);
#2646=ORIENTED_EDGE('',*,*,#2019,.T.);
#2647=ORIENTED_EDGE('',*,*,#2020,.F.);
#2648=ORIENTED_EDGE('',*,*,#2019,.F.);
#2649=ORIENTED_EDGE('',*,*,#2018,.F.);
#2650=ORIENTED_EDGE('',*,*,#2020,.T.);
#2651=ORIENTED_EDGE('',*,*,#2021,.T.);
#2652=ORIENTED_EDGE('',*,*,#2022,.T.);
#2653=ORIENTED_EDGE('',*,*,#2023,.F.);
#2654=ORIENTED_EDGE('',*,*,#2022,.F.);
#2655=ORIENTED_EDGE('',*,*,#2024,.T.);
#2656=ORIENTED_EDGE('',*,*,#2025,.T.);
#2657=ORIENTED_EDGE('',*,*,#2026,.F.);
#2658=ORIENTED_EDGE('',*,*,#2025,.F.);
#2659=ORIENTED_EDGE('',*,*,#2021,.F.);
#2660=ORIENTED_EDGE('',*,*,#2026,.T.);
#2661=ORIENTED_EDGE('',*,*,#2023,.T.);
#2662=ORIENTED_EDGE('',*,*,#2024,.F.);
#2663=ORIENTED_EDGE('',*,*,#2027,.T.);
#2664=ORIENTED_EDGE('',*,*,#2028,.T.);
#2665=ORIENTED_EDGE('',*,*,#2029,.F.);
#2666=ORIENTED_EDGE('',*,*,#2028,.F.);
#2667=ORIENTED_EDGE('',*,*,#2027,.F.);
#2668=ORIENTED_EDGE('',*,*,#2029,.T.);
#2669=ORIENTED_EDGE('',*,*,#2030,.F.);
#2670=ORIENTED_EDGE('',*,*,#2031,.T.);
#2671=ORIENTED_EDGE('',*,*,#2032,.F.);
#2672=ORIENTED_EDGE('',*,*,#2033,.T.);
#2673=ORIENTED_EDGE('',*,*,#2030,.T.);
#2674=ORIENTED_EDGE('',*,*,#2033,.F.);
#2675=ORIENTED_EDGE('',*,*,#2034,.F.);
#2676=ORIENTED_EDGE('',*,*,#2035,.T.);
#2677=ORIENTED_EDGE('',*,*,#2032,.T.);
#2678=ORIENTED_EDGE('',*,*,#2035,.F.);
#2679=ORIENTED_EDGE('',*,*,#2036,.F.);
#2680=ORIENTED_EDGE('',*,*,#2037,.T.);
#2681=ORIENTED_EDGE('',*,*,#2034,.T.);
#2682=ORIENTED_EDGE('',*,*,#2037,.F.);
#2683=ORIENTED_EDGE('',*,*,#2038,.F.);
#2684=ORIENTED_EDGE('',*,*,#2039,.T.);
#2685=ORIENTED_EDGE('',*,*,#2036,.T.);
#2686=ORIENTED_EDGE('',*,*,#2039,.F.);
#2687=ORIENTED_EDGE('',*,*,#2040,.F.);
#2688=ORIENTED_EDGE('',*,*,#2041,.T.);
#2689=ORIENTED_EDGE('',*,*,#2038,.T.);
#2690=ORIENTED_EDGE('',*,*,#2041,.F.);
#2691=ORIENTED_EDGE('',*,*,#2042,.F.);
#2692=ORIENTED_EDGE('',*,*,#2043,.T.);
#2693=ORIENTED_EDGE('',*,*,#2040,.T.);
#2694=ORIENTED_EDGE('',*,*,#2043,.F.);
#2695=ORIENTED_EDGE('',*,*,#2042,.T.);
#2696=ORIENTED_EDGE('',*,*,#2044,.T.);
#2697=ORIENTED_EDGE('',*,*,#2045,.F.);
#2698=ORIENTED_EDGE('',*,*,#2044,.F.);
#2699=ORIENTED_EDGE('',*,*,#2045,.T.);
#2700=ORIENTED_EDGE('',*,*,#2046,.T.);
#2701=ORIENTED_EDGE('',*,*,#2047,.F.);
#2702=ORIENTED_EDGE('',*,*,#2046,.F.);
#2703=ORIENTED_EDGE('',*,*,#2047,.T.);
#2704=ORIENTED_EDGE('',*,*,#2048,.T.);
#2705=ORIENTED_EDGE('',*,*,#2049,.F.);
#2706=ORIENTED_EDGE('',*,*,#2048,.F.);
#2707=ORIENTED_EDGE('',*,*,#2049,.T.);
#2708=ORIENTED_EDGE('',*,*,#2050,.T.);
#2709=ORIENTED_EDGE('',*,*,#2051,.F.);
#2710=ORIENTED_EDGE('',*,*,#2050,.F.);
#2711=ORIENTED_EDGE('',*,*,#2052,.F.);
#2712=ORIENTED_EDGE('',*,*,#2053,.T.);
#2713=ORIENTED_EDGE('',*,*,#2051,.T.);
#2714=ORIENTED_EDGE('',*,*,#2053,.F.);
#2715=ORIENTED_EDGE('',*,*,#2052,.T.);
#2716=ORIENTED_EDGE('',*,*,#2054,.F.);
#2717=ORIENTED_EDGE('',*,*,#2054,.T.);
#2718=ORIENTED_EDGE('',*,*,#2055,.T.);
#2719=ORIENTED_EDGE('',*,*,#2031,.F.);
#2720=ORIENTED_EDGE('',*,*,#2055,.F.);
#2721=ORIENTED_EDGE('',*,*,#2056,.F.);
#2722=ORIENTED_EDGE('',*,*,#2057,.T.);
#2723=ORIENTED_EDGE('',*,*,#2056,.T.);
#2724=ORIENTED_EDGE('',*,*,#2057,.F.);
#2725=ORIENTED_EDGE('',*,*,#2058,.F.);
#2726=ORIENTED_EDGE('',*,*,#2059,.T.);
#2727=ORIENTED_EDGE('',*,*,#2058,.T.);
#2728=ORIENTED_EDGE('',*,*,#2059,.F.);
#2729=ORIENTED_EDGE('',*,*,#2060,.F.);
#2730=ORIENTED_EDGE('',*,*,#2061,.F.);
#2731=ORIENTED_EDGE('',*,*,#2062,.T.);
#2732=ORIENTED_EDGE('',*,*,#2063,.T.);
#2733=ORIENTED_EDGE('',*,*,#2064,.T.);
#2734=ORIENTED_EDGE('',*,*,#2065,.T.);
#2735=ORIENTED_EDGE('',*,*,#2062,.F.);
#2736=ORIENTED_EDGE('',*,*,#2066,.F.);
#2737=ORIENTED_EDGE('',*,*,#2060,.T.);
#2738=ORIENTED_EDGE('',*,*,#2067,.F.);
#2739=ORIENTED_EDGE('',*,*,#2068,.F.);
#2740=ORIENTED_EDGE('',*,*,#2066,.T.);
#2741=ORIENTED_EDGE('',*,*,#2069,.T.);
#2742=ORIENTED_EDGE('',*,*,#2070,.T.);
#2743=ORIENTED_EDGE('',*,*,#2069,.F.);
#2744=ORIENTED_EDGE('',*,*,#2061,.T.);
#2745=ORIENTED_EDGE('',*,*,#2064,.F.);
#2746=ORIENTED_EDGE('',*,*,#2071,.T.);
#2747=ORIENTED_EDGE('',*,*,#2065,.F.);
#2748=ORIENTED_EDGE('',*,*,#2072,.F.);
#2749=ORIENTED_EDGE('',*,*,#2073,.T.);
#2750=ORIENTED_EDGE('',*,*,#2074,.T.);
#2751=ORIENTED_EDGE('',*,*,#2073,.F.);
#2752=ORIENTED_EDGE('',*,*,#2075,.F.);
#2753=ORIENTED_EDGE('',*,*,#2063,.F.);
#2754=ORIENTED_EDGE('',*,*,#2068,.T.);
#2755=ORIENTED_EDGE('',*,*,#2067,.T.);
#2756=ORIENTED_EDGE('',*,*,#2076,.T.);
#2757=ORIENTED_EDGE('',*,*,#2070,.F.);
#2758=ORIENTED_EDGE('',*,*,#2071,.F.);
#2759=ORIENTED_EDGE('',*,*,#2075,.T.);
#2760=ORIENTED_EDGE('',*,*,#2072,.T.);
#2761=ORIENTED_EDGE('',*,*,#2077,.T.);
#2762=ORIENTED_EDGE('',*,*,#2074,.F.);
#2763=ORIENTED_EDGE('',*,*,#2076,.F.);
#2764=ORIENTED_EDGE('',*,*,#2078,.T.);
#2765=ORIENTED_EDGE('',*,*,#2079,.T.);
#2766=ORIENTED_EDGE('',*,*,#2078,.F.);
#2767=ORIENTED_EDGE('',*,*,#2077,.F.);
#2768=ORIENTED_EDGE('',*,*,#2080,.T.);
#2769=ORIENTED_EDGE('',*,*,#2081,.T.);
#2770=ORIENTED_EDGE('',*,*,#2080,.F.);
#2771=ORIENTED_EDGE('',*,*,#2079,.F.);
#2772=ORIENTED_EDGE('',*,*,#2081,.F.);
#2773=ORIENTED_EDGE('',*,*,#2082,.F.);
#2774=ORIENTED_EDGE('',*,*,#2083,.F.);
#2775=ORIENTED_EDGE('',*,*,#2084,.T.);
#2776=ORIENTED_EDGE('',*,*,#2085,.T.);
#2777=ORIENTED_EDGE('',*,*,#2086,.T.);
#2778=ORIENTED_EDGE('',*,*,#2087,.T.);
#2779=ORIENTED_EDGE('',*,*,#2084,.F.);
#2780=ORIENTED_EDGE('',*,*,#2088,.F.);
#2781=ORIENTED_EDGE('',*,*,#2089,.F.);
#2782=ORIENTED_EDGE('',*,*,#2090,.T.);
#2783=ORIENTED_EDGE('',*,*,#2088,.T.);
#2784=ORIENTED_EDGE('',*,*,#2083,.T.);
#2785=ORIENTED_EDGE('',*,*,#2091,.F.);
#2786=ORIENTED_EDGE('',*,*,#2092,.T.);
#2787=ORIENTED_EDGE('',*,*,#2089,.T.);
#2788=ORIENTED_EDGE('',*,*,#2093,.T.);
#2789=ORIENTED_EDGE('',*,*,#2082,.T.);
#2790=ORIENTED_EDGE('',*,*,#2092,.F.);
#2791=ORIENTED_EDGE('',*,*,#2094,.F.);
#2792=ORIENTED_EDGE('',*,*,#2095,.T.);
#2793=ORIENTED_EDGE('',*,*,#2096,.T.);
#2794=ORIENTED_EDGE('',*,*,#2086,.F.);
#2795=ORIENTED_EDGE('',*,*,#2097,.T.);
#2796=ORIENTED_EDGE('',*,*,#2095,.F.);
#2797=ORIENTED_EDGE('',*,*,#2098,.F.);
#2798=ORIENTED_EDGE('',*,*,#2085,.F.);
#2799=ORIENTED_EDGE('',*,*,#2087,.F.);
#2800=ORIENTED_EDGE('',*,*,#2093,.F.);
#2801=ORIENTED_EDGE('',*,*,#2090,.F.);
#2802=ORIENTED_EDGE('',*,*,#2099,.T.);
#2803=ORIENTED_EDGE('',*,*,#2091,.T.);
#2804=ORIENTED_EDGE('',*,*,#2098,.T.);
#2805=ORIENTED_EDGE('',*,*,#2096,.F.);
#2806=ORIENTED_EDGE('',*,*,#2097,.F.);
#2807=ORIENTED_EDGE('',*,*,#2100,.T.);
#2808=ORIENTED_EDGE('',*,*,#2094,.T.);
#2809=ORIENTED_EDGE('',*,*,#2099,.F.);
#2810=ORIENTED_EDGE('',*,*,#2101,.T.);
#2811=ORIENTED_EDGE('',*,*,#2102,.T.);
#2812=ORIENTED_EDGE('',*,*,#2101,.F.);
#2813=ORIENTED_EDGE('',*,*,#2100,.F.);
#2814=ORIENTED_EDGE('',*,*,#2103,.T.);
#2815=ORIENTED_EDGE('',*,*,#2104,.T.);
#2816=ORIENTED_EDGE('',*,*,#2103,.F.);
#2817=ORIENTED_EDGE('',*,*,#2102,.F.);
#2818=ORIENTED_EDGE('',*,*,#2104,.F.);
#2819=CYLINDRICAL_SURFACE('',#3469,166.5);
#2820=CYLINDRICAL_SURFACE('',#3472,166.);
#2821=CYLINDRICAL_SURFACE('',#3478,201.5);
#2822=CYLINDRICAL_SURFACE('',#3481,166.5);
#2823=CYLINDRICAL_SURFACE('',#3487,141.);
#2824=CYLINDRICAL_SURFACE('',#3493,166.5);
#2825=CYLINDRICAL_SURFACE('',#3496,166.);
#2826=CYLINDRICAL_SURFACE('',#3502,201.5);
#2827=CYLINDRICAL_SURFACE('',#3505,166.5);
#2828=CYLINDRICAL_SURFACE('',#3511,205.5);
#2829=CYLINDRICAL_SURFACE('',#3514,201.5);
#2830=CYLINDRICAL_SURFACE('',#3653,209.5);
#2831=CYLINDRICAL_SURFACE('',#3656,141.);
#2832=CYLINDRICAL_SURFACE('',#3662,209.5);
#2833=CYLINDRICAL_SURFACE('',#3668,201.5);
#2834=CYLINDRICAL_SURFACE('',#3674,151.);
#2835=CYLINDRICAL_SURFACE('',#3677,142.);
#2836=CYLINDRICAL_SURFACE('',#3683,3.);
#2837=CYLINDRICAL_SURFACE('',#3702,212.5);
#2838=CYLINDRICAL_SURFACE('',#3712,204.);
#2839=CYLINDRICAL_SURFACE('',#3716,201.5);
#2840=CYLINDRICAL_SURFACE('',#3726,5.);
#2841=CYLINDRICAL_SURFACE('',#3734,5.);
#2842=CYLINDRICAL_SURFACE('',#3738,5.);
#2843=CYLINDRICAL_SURFACE('',#3748,9.);
#2844=CYLINDRICAL_SURFACE('',#3750,9.);
#2845=CYLINDRICAL_SURFACE('',#3755,5.);
#2846=CYLINDRICAL_SURFACE('',#3764,5.);
#2847=CYLINDRICAL_SURFACE('',#3767,5.);
#2848=CYLINDRICAL_SURFACE('',#3778,9.);
#2849=CYLINDRICAL_SURFACE('',#3780,9.);
#2850=ADVANCED_FACE('',(#483),#2819,.T.);
#2851=ADVANCED_FACE('',(#484),#2820,.F.);
#2852=ADVANCED_FACE('',(#485,#309),#329,.F.);
#2853=ADVANCED_FACE('',(#486,#310),#330,.T.);
#2854=ADVANCED_FACE('',(#487),#2821,.T.);
#2855=ADVANCED_FACE('',(#488),#2822,.F.);
#2856=ADVANCED_FACE('',(#489,#311),#331,.F.);
#2857=ADVANCED_FACE('',(#490,#312),#332,.T.);
#2858=ADVANCED_FACE('',(#491),#2823,.T.);
#2859=ADVANCED_FACE('',(#492),#333,.F.);
#2860=ADVANCED_FACE('',(#493),#334,.T.);
#2861=ADVANCED_FACE('',(#494),#2824,.T.);
#2862=ADVANCED_FACE('',(#495),#2825,.F.);
#2863=ADVANCED_FACE('',(#496,#313),#335,.F.);
#2864=ADVANCED_FACE('',(#497,#314),#336,.T.);
#2865=ADVANCED_FACE('',(#498),#2826,.T.);
#2866=ADVANCED_FACE('',(#499),#2827,.F.);
#2867=ADVANCED_FACE('',(#500,#315),#337,.F.);
#2868=ADVANCED_FACE('',(#501,#316),#338,.T.);
#2869=ADVANCED_FACE('',(#502),#2828,.T.);
#2870=ADVANCED_FACE('',(#503),#2829,.F.);
#2871=ADVANCED_FACE('',(#504,#317),#339,.F.);
#2872=ADVANCED_FACE('',(#505,#318),#340,.T.);
#2873=ADVANCED_FACE('',(#506),#341,.F.);
#2874=ADVANCED_FACE('',(#507),#342,.T.);
#2875=ADVANCED_FACE('',(#508),#343,.F.);
#2876=ADVANCED_FACE('',(#509),#344,.T.);
#2877=ADVANCED_FACE('',(#510),#345,.F.);
#2878=ADVANCED_FACE('',(#511),#346,.T.);
#2879=ADVANCED_FACE('',(#512),#347,.F.);
#2880=ADVANCED_FACE('',(#513),#348,.T.);
#2881=ADVANCED_FACE('',(#514),#349,.F.);
#2882=ADVANCED_FACE('',(#515),#350,.T.);
#2883=ADVANCED_FACE('',(#516),#351,.F.);
#2884=ADVANCED_FACE('',(#517),#352,.T.);
#2885=ADVANCED_FACE('',(#518),#353,.F.);
#2886=ADVANCED_FACE('',(#519),#354,.T.);
#2887=ADVANCED_FACE('',(#520),#355,.F.);
#2888=ADVANCED_FACE('',(#521),#356,.T.);
#2889=ADVANCED_FACE('',(#522),#357,.F.);
#2890=ADVANCED_FACE('',(#523),#358,.T.);
#2891=ADVANCED_FACE('',(#524),#359,.F.);
#2892=ADVANCED_FACE('',(#525),#360,.T.);
#2893=ADVANCED_FACE('',(#526),#361,.F.);
#2894=ADVANCED_FACE('',(#527),#362,.T.);
#2895=ADVANCED_FACE('',(#528),#363,.F.);
#2896=ADVANCED_FACE('',(#529),#364,.T.);
#2897=ADVANCED_FACE('',(#530),#365,.F.);
#2898=ADVANCED_FACE('',(#531),#366,.T.);
#2899=ADVANCED_FACE('',(#532),#367,.F.);
#2900=ADVANCED_FACE('',(#533),#368,.T.);
#2901=ADVANCED_FACE('',(#534),#369,.F.);
#2902=ADVANCED_FACE('',(#535),#370,.T.);
#2903=ADVANCED_FACE('',(#536),#371,.F.);
#2904=ADVANCED_FACE('',(#537),#372,.T.);
#2905=ADVANCED_FACE('',(#538),#373,.F.);
#2906=ADVANCED_FACE('',(#539),#374,.T.);
#2907=ADVANCED_FACE('',(#540),#375,.F.);
#2908=ADVANCED_FACE('',(#541),#376,.T.);
#2909=ADVANCED_FACE('',(#542),#377,.F.);
#2910=ADVANCED_FACE('',(#543),#378,.T.);
#2911=ADVANCED_FACE('',(#544),#379,.F.);
#2912=ADVANCED_FACE('',(#545),#380,.T.);
#2913=ADVANCED_FACE('',(#546),#381,.F.);
#2914=ADVANCED_FACE('',(#547),#382,.T.);
#2915=ADVANCED_FACE('',(#548),#383,.F.);
#2916=ADVANCED_FACE('',(#549),#384,.T.);
#2917=ADVANCED_FACE('',(#550),#385,.F.);
#2918=ADVANCED_FACE('',(#551),#386,.T.);
#2919=ADVANCED_FACE('',(#552),#387,.F.);
#2920=ADVANCED_FACE('',(#553),#388,.T.);
#2921=ADVANCED_FACE('',(#554),#389,.F.);
#2922=ADVANCED_FACE('',(#555),#390,.T.);
#2923=ADVANCED_FACE('',(#556),#391,.F.);
#2924=ADVANCED_FACE('',(#557),#392,.T.);
#2925=ADVANCED_FACE('',(#558),#393,.F.);
#2926=ADVANCED_FACE('',(#559),#394,.T.);
#2927=ADVANCED_FACE('',(#560),#395,.F.);
#2928=ADVANCED_FACE('',(#561),#396,.T.);
#2929=ADVANCED_FACE('',(#562),#397,.F.);
#2930=ADVANCED_FACE('',(#563),#398,.T.);
#2931=ADVANCED_FACE('',(#564),#399,.F.);
#2932=ADVANCED_FACE('',(#565),#400,.T.);
#2933=ADVANCED_FACE('',(#566),#401,.F.);
#2934=ADVANCED_FACE('',(#567),#402,.T.);
#2935=ADVANCED_FACE('',(#568),#403,.F.);
#2936=ADVANCED_FACE('',(#569),#404,.T.);
#2937=ADVANCED_FACE('',(#570),#405,.F.);
#2938=ADVANCED_FACE('',(#571),#406,.T.);
#2939=ADVANCED_FACE('',(#572),#407,.F.);
#2940=ADVANCED_FACE('',(#573),#408,.T.);
#2941=ADVANCED_FACE('',(#574),#409,.F.);
#2942=ADVANCED_FACE('',(#575),#410,.T.);
#2943=ADVANCED_FACE('',(#576),#411,.F.);
#2944=ADVANCED_FACE('',(#577),#412,.T.);
#2945=ADVANCED_FACE('',(#578),#413,.F.);
#2946=ADVANCED_FACE('',(#579),#414,.T.);
#2947=ADVANCED_FACE('',(#580),#415,.F.);
#2948=ADVANCED_FACE('',(#581),#416,.T.);
#2949=ADVANCED_FACE('',(#582),#417,.F.);
#2950=ADVANCED_FACE('',(#583),#418,.T.);
#2951=ADVANCED_FACE('',(#584),#419,.F.);
#2952=ADVANCED_FACE('',(#585),#420,.T.);
#2953=ADVANCED_FACE('',(#586),#421,.F.);
#2954=ADVANCED_FACE('',(#587),#422,.T.);
#2955=ADVANCED_FACE('',(#588),#423,.F.);
#2956=ADVANCED_FACE('',(#589),#424,.T.);
#2957=ADVANCED_FACE('',(#590),#425,.F.);
#2958=ADVANCED_FACE('',(#591),#426,.T.);
#2959=ADVANCED_FACE('',(#592),#427,.F.);
#2960=ADVANCED_FACE('',(#593),#428,.T.);
#2961=ADVANCED_FACE('',(#594),#429,.F.);
#2962=ADVANCED_FACE('',(#595),#430,.T.);
#2963=ADVANCED_FACE('',(#596),#431,.F.);
#2964=ADVANCED_FACE('',(#597),#432,.T.);
#2965=ADVANCED_FACE('',(#598),#433,.F.);
#2966=ADVANCED_FACE('',(#599),#434,.T.);
#2967=ADVANCED_FACE('',(#600),#435,.F.);
#2968=ADVANCED_FACE('',(#601),#436,.T.);
#2969=ADVANCED_FACE('',(#602),#437,.F.);
#2970=ADVANCED_FACE('',(#603),#438,.T.);
#2971=ADVANCED_FACE('',(#604),#439,.F.);
#2972=ADVANCED_FACE('',(#605),#440,.T.);
#2973=ADVANCED_FACE('',(#606),#441,.F.);
#2974=ADVANCED_FACE('',(#607),#442,.T.);
#2975=ADVANCED_FACE('',(#608),#443,.F.);
#2976=ADVANCED_FACE('',(#609),#444,.T.);
#2977=ADVANCED_FACE('',(#610),#445,.F.);
#2978=ADVANCED_FACE('',(#611),#446,.T.);
#2979=ADVANCED_FACE('',(#612),#447,.F.);
#2980=ADVANCED_FACE('',(#613),#448,.T.);
#2981=ADVANCED_FACE('',(#614),#449,.F.);
#2982=ADVANCED_FACE('',(#615),#450,.T.);
#2983=ADVANCED_FACE('',(#616),#451,.F.);
#2984=ADVANCED_FACE('',(#617),#452,.T.);
#2985=ADVANCED_FACE('',(#618),#453,.F.);
#2986=ADVANCED_FACE('',(#619),#454,.T.);
#2987=ADVANCED_FACE('',(#620),#2830,.T.);
#2988=ADVANCED_FACE('',(#621),#2831,.F.);
#2989=ADVANCED_FACE('',(#622,#319),#455,.F.);
#2990=ADVANCED_FACE('',(#623,#320),#456,.T.);
#2991=ADVANCED_FACE('',(#624),#2832,.T.);
#2992=ADVANCED_FACE('',(#625),#457,.F.);
#2993=ADVANCED_FACE('',(#626),#458,.T.);
#2994=ADVANCED_FACE('',(#627),#2833,.T.);
#2995=ADVANCED_FACE('',(#628),#459,.F.);
#2996=ADVANCED_FACE('',(#629),#460,.T.);
#2997=ADVANCED_FACE('',(#630),#2834,.T.);
#2998=ADVANCED_FACE('',(#631),#2835,.F.);
#2999=ADVANCED_FACE('',(#632,#321),#461,.F.);
#3000=ADVANCED_FACE('',(#633,#322),#462,.T.);
#3001=ADVANCED_FACE('',(#634),#2836,.T.);
#3002=ADVANCED_FACE('',(#635),#463,.F.);
#3003=ADVANCED_FACE('',(#636),#464,.T.);
#3004=ADVANCED_FACE('',(#637,#323),#465,.F.);
#3005=ADVANCED_FACE('',(#638),#160,.T.);
#3006=ADVANCED_FACE('',(#639),#161,.T.);
#3007=ADVANCED_FACE('',(#640),#162,.T.);
#3008=ADVANCED_FACE('',(#641),#163,.T.);
#3009=ADVANCED_FACE('',(#642),#164,.T.);
#3010=ADVANCED_FACE('',(#643),#2837,.T.);
#3011=ADVANCED_FACE('',(#644),#165,.T.);
#3012=ADVANCED_FACE('',(#645),#166,.T.);
#3013=ADVANCED_FACE('',(#646),#167,.T.);
#3014=ADVANCED_FACE('',(#647),#168,.T.);
#3015=ADVANCED_FACE('',(#648),#2838,.T.);
#3016=ADVANCED_FACE('',(#649,#324),#466,.T.);
#3017=ADVANCED_FACE('',(#650),#2839,.F.);
#3018=ADVANCED_FACE('',(#651),#158,.T.);
#3019=ADVANCED_FACE('',(#652),#159,.T.);
#3020=ADVANCED_FACE('',(#653),#2840,.T.);
#3021=ADVANCED_FACE('',(#654),#467,.T.);
#3022=ADVANCED_FACE('',(#655),#2841,.T.);
#3023=ADVANCED_FACE('',(#656),#468,.F.);
#3024=ADVANCED_FACE('',(#657),#2842,.T.);
#3025=ADVANCED_FACE('',(#658),#469,.T.);
#3026=ADVANCED_FACE('',(#659,#325),#470,.T.);
#3027=ADVANCED_FACE('',(#660),#471,.T.);
#3028=ADVANCED_FACE('',(#661,#326),#472,.T.);
#3029=ADVANCED_FACE('',(#662),#2843,.T.);
#3030=ADVANCED_FACE('',(#663),#2844,.T.);
#3031=ADVANCED_FACE('',(#664),#473,.F.);
#3032=ADVANCED_FACE('',(#665),#474,.F.);
#3033=ADVANCED_FACE('',(#666),#2845,.T.);
#3034=ADVANCED_FACE('',(#667),#475,.T.);
#3035=ADVANCED_FACE('',(#668),#2846,.T.);
#3036=ADVANCED_FACE('',(#669),#2847,.T.);
#3037=ADVANCED_FACE('',(#670),#476,.F.);
#3038=ADVANCED_FACE('',(#671),#477,.F.);
#3039=ADVANCED_FACE('',(#672,#327),#478,.T.);
#3040=ADVANCED_FACE('',(#673),#479,.F.);
#3041=ADVANCED_FACE('',(#674,#328),#480,.T.);
#3042=ADVANCED_FACE('',(#675),#2848,.T.);
#3043=ADVANCED_FACE('',(#676),#2849,.T.);
#3044=ADVANCED_FACE('',(#677),#481,.F.);
#3045=ADVANCED_FACE('',(#678),#482,.F.);
#3046=CLOSED_SHELL('',(#2850,#2851,#2852,#2853));
#3047=CLOSED_SHELL('',(#2854,#2855,#2856,#2857));
#3048=CLOSED_SHELL('',(#2858,#2859,#2860));
#3049=CLOSED_SHELL('',(#2861,#2862,#2863,#2864));
#3050=CLOSED_SHELL('',(#2865,#2866,#2867,#2868));
#3051=CLOSED_SHELL('',(#2869,#2870,#2871,#2872));
#3052=CLOSED_SHELL('',(#2873,#2874,#2875,#2876,#2877,#2878));
#3053=CLOSED_SHELL('',(#2879,#2880,#2881,#2882,#2883,#2884));
#3054=CLOSED_SHELL('',(#2885,#2886,#2887,#2888,#2889,#2890));
#3055=CLOSED_SHELL('',(#2891,#2892,#2893,#2894,#2895,#2896));
#3056=CLOSED_SHELL('',(#2897,#2898,#2899,#2900,#2901,#2902));
#3057=CLOSED_SHELL('',(#2903,#2904,#2905,#2906,#2907,#2908));
#3058=CLOSED_SHELL('',(#2909,#2910,#2911,#2912,#2913,#2914));
#3059=CLOSED_SHELL('',(#2915,#2916,#2917,#2918,#2919,#2920));
#3060=CLOSED_SHELL('',(#2921,#2922,#2923,#2924,#2925,#2926));
#3061=CLOSED_SHELL('',(#2927,#2928,#2929,#2930,#2931,#2932));
#3062=CLOSED_SHELL('',(#2933,#2934,#2935,#2936,#2937,#2938));
#3063=CLOSED_SHELL('',(#2939,#2940,#2941,#2942,#2943,#2944));
#3064=CLOSED_SHELL('',(#2945,#2946,#2947,#2948,#2949,#2950));
#3065=CLOSED_SHELL('',(#2951,#2952,#2953,#2954,#2955,#2956));
#3066=CLOSED_SHELL('',(#2957,#2958,#2959,#2960,#2961,#2962));
#3067=CLOSED_SHELL('',(#2963,#2964,#2965,#2966,#2967,#2968));
#3068=CLOSED_SHELL('',(#2969,#2970,#2971,#2972,#2973,#2974));
#3069=CLOSED_SHELL('',(#2975,#2976,#2977,#2978,#2979,#2980));
#3070=CLOSED_SHELL('',(#2981,#2982,#2983,#2984,#2985,#2986));
#3071=CLOSED_SHELL('',(#2987,#2988,#2989,#2990));
#3072=CLOSED_SHELL('',(#2991,#2992,#2993));
#3073=CLOSED_SHELL('',(#2994,#2995,#2996));
#3074=CLOSED_SHELL('',(#2997,#2998,#2999,#3000));
#3075=CLOSED_SHELL('',(#3001,#3002,#3003));
#3076=CLOSED_SHELL('',(#3004,#3005,#3006,#3007,#3008,#3009,#3010,#3011,
#3012,#3013,#3014,#3015,#3016,#3017));
#3077=CLOSED_SHELL('',(#3018));
#3078=CLOSED_SHELL('',(#3019));
#3079=CLOSED_SHELL('',(#3020,#3021,#3022,#3023,#3024,#3025,#3026,#3027,
#3028,#3029,#3030,#3031,#3032));
#3080=CLOSED_SHELL('',(#3033,#3034,#3035,#3036,#3037,#3038,#3039,#3040,
#3041,#3042,#3043,#3044,#3045));
#3081=DERIVED_UNIT_ELEMENT(#3151,1.);
#3082=DERIVED_UNIT_ELEMENT(#5725,-3.);
#3083=DERIVED_UNIT_ELEMENT(#3151,1.);
#3084=DERIVED_UNIT_ELEMENT(#5725,-3.);
#3085=DERIVED_UNIT_ELEMENT(#3151,1.);
#3086=DERIVED_UNIT_ELEMENT(#5725,-3.);
#3087=DERIVED_UNIT_ELEMENT(#3151,1.);
#3088=DERIVED_UNIT_ELEMENT(#5725,-3.);
#3089=DERIVED_UNIT_ELEMENT(#3151,1.);
#3090=DERIVED_UNIT_ELEMENT(#5725,-3.);
#3091=DERIVED_UNIT_ELEMENT(#3151,1.);
#3092=DERIVED_UNIT_ELEMENT(#5725,-3.);
#3093=DERIVED_UNIT_ELEMENT(#3151,1.);
#3094=DERIVED_UNIT_ELEMENT(#5725,-3.);
#3095=DERIVED_UNIT_ELEMENT(#3151,1.);
#3096=DERIVED_UNIT_ELEMENT(#5725,-3.);
#3097=DERIVED_UNIT_ELEMENT(#3151,1.);
#3098=DERIVED_UNIT_ELEMENT(#5725,-3.);
#3099=DERIVED_UNIT_ELEMENT(#3151,1.);
#3100=DERIVED_UNIT_ELEMENT(#5725,-3.);
#3101=DERIVED_UNIT_ELEMENT(#3151,1.);
#3102=DERIVED_UNIT_ELEMENT(#5725,-3.);
#3103=DERIVED_UNIT_ELEMENT(#3151,1.);
#3104=DERIVED_UNIT_ELEMENT(#5725,-3.);
#3105=DERIVED_UNIT_ELEMENT(#3151,1.);
#3106=DERIVED_UNIT_ELEMENT(#5725,-3.);
#3107=DERIVED_UNIT_ELEMENT(#3151,1.);
#3108=DERIVED_UNIT_ELEMENT(#5725,-3.);
#3109=DERIVED_UNIT_ELEMENT(#3151,1.);
#3110=DERIVED_UNIT_ELEMENT(#5725,-3.);
#3111=DERIVED_UNIT_ELEMENT(#3151,1.);
#3112=DERIVED_UNIT_ELEMENT(#5725,-3.);
#3113=DERIVED_UNIT_ELEMENT(#3151,1.);
#3114=DERIVED_UNIT_ELEMENT(#5725,-3.);
#3115=DERIVED_UNIT_ELEMENT(#3151,1.);
#3116=DERIVED_UNIT_ELEMENT(#5725,-3.);
#3117=DERIVED_UNIT_ELEMENT(#3151,1.);
#3118=DERIVED_UNIT_ELEMENT(#5725,-3.);
#3119=DERIVED_UNIT_ELEMENT(#3151,1.);
#3120=DERIVED_UNIT_ELEMENT(#5725,-3.);
#3121=DERIVED_UNIT_ELEMENT(#3151,1.);
#3122=DERIVED_UNIT_ELEMENT(#5725,-3.);
#3123=DERIVED_UNIT_ELEMENT(#3151,1.);
#3124=DERIVED_UNIT_ELEMENT(#5725,-3.);
#3125=DERIVED_UNIT_ELEMENT(#3151,1.);
#3126=DERIVED_UNIT_ELEMENT(#5725,-3.);
#3127=DERIVED_UNIT_ELEMENT(#3151,1.);
#3128=DERIVED_UNIT_ELEMENT(#5725,-3.);
#3129=DERIVED_UNIT_ELEMENT(#3151,1.);
#3130=DERIVED_UNIT_ELEMENT(#5725,-3.);
#3131=DERIVED_UNIT_ELEMENT(#3151,1.);
#3132=DERIVED_UNIT_ELEMENT(#5725,-3.);
#3133=DERIVED_UNIT_ELEMENT(#3151,1.);
#3134=DERIVED_UNIT_ELEMENT(#5725,-3.);
#3135=DERIVED_UNIT_ELEMENT(#3151,1.);
#3136=DERIVED_UNIT_ELEMENT(#5725,-3.);
#3137=DERIVED_UNIT_ELEMENT(#3151,1.);
#3138=DERIVED_UNIT_ELEMENT(#5725,-3.);
#3139=DERIVED_UNIT_ELEMENT(#3151,1.);
#3140=DERIVED_UNIT_ELEMENT(#5725,-3.);
#3141=DERIVED_UNIT_ELEMENT(#3151,1.);
#3142=DERIVED_UNIT_ELEMENT(#5725,-3.);
#3143=DERIVED_UNIT_ELEMENT(#3151,1.);
#3144=DERIVED_UNIT_ELEMENT(#5725,-3.);
#3145=DERIVED_UNIT_ELEMENT(#3151,1.);
#3146=DERIVED_UNIT_ELEMENT(#5725,-3.);
#3147=DERIVED_UNIT_ELEMENT(#3151,1.);
#3148=DERIVED_UNIT_ELEMENT(#5725,-3.);
#3149=DERIVED_UNIT_ELEMENT(#3151,1.);
#3150=DERIVED_UNIT_ELEMENT(#5725,-3.);
#3151=(
MASS_UNIT()
NAMED_UNIT(*)
SI_UNIT(.KILO.,.GRAM.)
);
#3152=DERIVED_UNIT((#3081,#3082));
#3153=DERIVED_UNIT((#3083,#3084));
#3154=DERIVED_UNIT((#3085,#3086));
#3155=DERIVED_UNIT((#3087,#3088));
#3156=DERIVED_UNIT((#3089,#3090));
#3157=DERIVED_UNIT((#3091,#3092));
#3158=DERIVED_UNIT((#3093,#3094));
#3159=DERIVED_UNIT((#3095,#3096));
#3160=DERIVED_UNIT((#3097,#3098));
#3161=DERIVED_UNIT((#3099,#3100));
#3162=DERIVED_UNIT((#3101,#3102));
#3163=DERIVED_UNIT((#3103,#3104));
#3164=DERIVED_UNIT((#3105,#3106));
#3165=DERIVED_UNIT((#3107,#3108));
#3166=DERIVED_UNIT((#3109,#3110));
#3167=DERIVED_UNIT((#3111,#3112));
#3168=DERIVED_UNIT((#3113,#3114));
#3169=DERIVED_UNIT((#3115,#3116));
#3170=DERIVED_UNIT((#3117,#3118));
#3171=DERIVED_UNIT((#3119,#3120));
#3172=DERIVED_UNIT((#3121,#3122));
#3173=DERIVED_UNIT((#3123,#3124));
#3174=DERIVED_UNIT((#3125,#3126));
#3175=DERIVED_UNIT((#3127,#3128));
#3176=DERIVED_UNIT((#3129,#3130));
#3177=DERIVED_UNIT((#3131,#3132));
#3178=DERIVED_UNIT((#3133,#3134));
#3179=DERIVED_UNIT((#3135,#3136));
#3180=DERIVED_UNIT((#3137,#3138));
#3181=DERIVED_UNIT((#3139,#3140));
#3182=DERIVED_UNIT((#3141,#3142));
#3183=DERIVED_UNIT((#3143,#3144));
#3184=DERIVED_UNIT((#3145,#3146));
#3185=DERIVED_UNIT((#3147,#3148));
#3186=DERIVED_UNIT((#3149,#3150));
#3187=MEASURE_REPRESENTATION_ITEM('density measure',
POSITIVE_RATIO_MEASURE(7850.),#3152);
#3188=MEASURE_REPRESENTATION_ITEM('density measure',
POSITIVE_RATIO_MEASURE(7850.),#3153);
#3189=MEASURE_REPRESENTATION_ITEM('density measure',
POSITIVE_RATIO_MEASURE(7850.),#3154);
#3190=MEASURE_REPRESENTATION_ITEM('density measure',
POSITIVE_RATIO_MEASURE(7850.),#3155);
#3191=MEASURE_REPRESENTATION_ITEM('density measure',
POSITIVE_RATIO_MEASURE(7850.),#3156);
#3192=MEASURE_REPRESENTATION_ITEM('density measure',
POSITIVE_RATIO_MEASURE(7850.),#3157);
#3193=MEASURE_REPRESENTATION_ITEM('density measure',
POSITIVE_RATIO_MEASURE(7850.),#3158);
#3194=MEASURE_REPRESENTATION_ITEM('density measure',
POSITIVE_RATIO_MEASURE(7850.),#3159);
#3195=MEASURE_REPRESENTATION_ITEM('density measure',
POSITIVE_RATIO_MEASURE(7850.),#3160);
#3196=MEASURE_REPRESENTATION_ITEM('density measure',
POSITIVE_RATIO_MEASURE(7850.),#3161);
#3197=MEASURE_REPRESENTATION_ITEM('density measure',
POSITIVE_RATIO_MEASURE(7850.),#3162);
#3198=MEASURE_REPRESENTATION_ITEM('density measure',
POSITIVE_RATIO_MEASURE(7850.),#3163);
#3199=MEASURE_REPRESENTATION_ITEM('density measure',
POSITIVE_RATIO_MEASURE(7850.),#3164);
#3200=MEASURE_REPRESENTATION_ITEM('density measure',
POSITIVE_RATIO_MEASURE(7850.),#3165);
#3201=MEASURE_REPRESENTATION_ITEM('density measure',
POSITIVE_RATIO_MEASURE(7850.),#3166);
#3202=MEASURE_REPRESENTATION_ITEM('density measure',
POSITIVE_RATIO_MEASURE(7850.),#3167);
#3203=MEASURE_REPRESENTATION_ITEM('density measure',
POSITIVE_RATIO_MEASURE(7850.),#3168);
#3204=MEASURE_REPRESENTATION_ITEM('density measure',
POSITIVE_RATIO_MEASURE(7850.),#3169);
#3205=MEASURE_REPRESENTATION_ITEM('density measure',
POSITIVE_RATIO_MEASURE(7850.),#3170);
#3206=MEASURE_REPRESENTATION_ITEM('density measure',
POSITIVE_RATIO_MEASURE(7850.),#3171);
#3207=MEASURE_REPRESENTATION_ITEM('density measure',
POSITIVE_RATIO_MEASURE(7850.),#3172);
#3208=MEASURE_REPRESENTATION_ITEM('density measure',
POSITIVE_RATIO_MEASURE(7850.),#3173);
#3209=MEASURE_REPRESENTATION_ITEM('density measure',
POSITIVE_RATIO_MEASURE(7850.),#3174);
#3210=MEASURE_REPRESENTATION_ITEM('density measure',
POSITIVE_RATIO_MEASURE(7850.),#3175);
#3211=MEASURE_REPRESENTATION_ITEM('density measure',
POSITIVE_RATIO_MEASURE(7850.),#3176);
#3212=MEASURE_REPRESENTATION_ITEM('density measure',
POSITIVE_RATIO_MEASURE(7850.),#3177);
#3213=MEASURE_REPRESENTATION_ITEM('density measure',
POSITIVE_RATIO_MEASURE(7850.),#3178);
#3214=MEASURE_REPRESENTATION_ITEM('density measure',
POSITIVE_RATIO_MEASURE(7850.),#3179);
#3215=MEASURE_REPRESENTATION_ITEM('density measure',
POSITIVE_RATIO_MEASURE(7850.),#3180);
#3216=MEASURE_REPRESENTATION_ITEM('density measure',
POSITIVE_RATIO_MEASURE(7850.),#3181);
#3217=MEASURE_REPRESENTATION_ITEM('density measure',
POSITIVE_RATIO_MEASURE(7850.),#3182);
#3218=MEASURE_REPRESENTATION_ITEM('density measure',
POSITIVE_RATIO_MEASURE(7850.),#3183);
#3219=MEASURE_REPRESENTATION_ITEM('density measure',
POSITIVE_RATIO_MEASURE(7850.),#3184);
#3220=MEASURE_REPRESENTATION_ITEM('density measure',
POSITIVE_RATIO_MEASURE(7850.),#3185);
#3221=MEASURE_REPRESENTATION_ITEM('density measure',
POSITIVE_RATIO_MEASURE(7850.),#3186);
#3222=PROPERTY_DEFINITION_REPRESENTATION(#3397,#3292);
#3223=PROPERTY_DEFINITION_REPRESENTATION(#3398,#3293);
#3224=PROPERTY_DEFINITION_REPRESENTATION(#3399,#3294);
#3225=PROPERTY_DEFINITION_REPRESENTATION(#3400,#3295);
#3226=PROPERTY_DEFINITION_REPRESENTATION(#3401,#3296);
#3227=PROPERTY_DEFINITION_REPRESENTATION(#3402,#3297);
#3228=PROPERTY_DEFINITION_REPRESENTATION(#3403,#3298);
#3229=PROPERTY_DEFINITION_REPRESENTATION(#3404,#3299);
#3230=PROPERTY_DEFINITION_REPRESENTATION(#3405,#3300);
#3231=PROPERTY_DEFINITION_REPRESENTATION(#3406,#3301);
#3232=PROPERTY_DEFINITION_REPRESENTATION(#3407,#3302);
#3233=PROPERTY_DEFINITION_REPRESENTATION(#3408,#3303);
#3234=PROPERTY_DEFINITION_REPRESENTATION(#3409,#3304);
#3235=PROPERTY_DEFINITION_REPRESENTATION(#3410,#3305);
#3236=PROPERTY_DEFINITION_REPRESENTATION(#3411,#3306);
#3237=PROPERTY_DEFINITION_REPRESENTATION(#3412,#3307);
#3238=PROPERTY_DEFINITION_REPRESENTATION(#3413,#3308);
#3239=PROPERTY_DEFINITION_REPRESENTATION(#3414,#3309);
#3240=PROPERTY_DEFINITION_REPRESENTATION(#3415,#3310);
#3241=PROPERTY_DEFINITION_REPRESENTATION(#3416,#3311);
#3242=PROPERTY_DEFINITION_REPRESENTATION(#3417,#3312);
#3243=PROPERTY_DEFINITION_REPRESENTATION(#3418,#3313);
#3244=PROPERTY_DEFINITION_REPRESENTATION(#3419,#3314);
#3245=PROPERTY_DEFINITION_REPRESENTATION(#3420,#3315);
#3246=PROPERTY_DEFINITION_REPRESENTATION(#3421,#3316);
#3247=PROPERTY_DEFINITION_REPRESENTATION(#3422,#3317);
#3248=PROPERTY_DEFINITION_REPRESENTATION(#3423,#3318);
#3249=PROPERTY_DEFINITION_REPRESENTATION(#3424,#3319);
#3250=PROPERTY_DEFINITION_REPRESENTATION(#3425,#3320);
#3251=PROPERTY_DEFINITION_REPRESENTATION(#3426,#3321);
#3252=PROPERTY_DEFINITION_REPRESENTATION(#3427,#3322);
#3253=PROPERTY_DEFINITION_REPRESENTATION(#3428,#3323);
#3254=PROPERTY_DEFINITION_REPRESENTATION(#3429,#3324);
#3255=PROPERTY_DEFINITION_REPRESENTATION(#3430,#3325);
#3256=PROPERTY_DEFINITION_REPRESENTATION(#3431,#3326);
#3257=PROPERTY_DEFINITION_REPRESENTATION(#3432,#3327);
#3258=PROPERTY_DEFINITION_REPRESENTATION(#3433,#3328);
#3259=PROPERTY_DEFINITION_REPRESENTATION(#3434,#3329);
#3260=PROPERTY_DEFINITION_REPRESENTATION(#3435,#3330);
#3261=PROPERTY_DEFINITION_REPRESENTATION(#3436,#3331);
#3262=PROPERTY_DEFINITION_REPRESENTATION(#3437,#3332);
#3263=PROPERTY_DEFINITION_REPRESENTATION(#3438,#3333);
#3264=PROPERTY_DEFINITION_REPRESENTATION(#3439,#3334);
#3265=PROPERTY_DEFINITION_REPRESENTATION(#3440,#3335);
#3266=PROPERTY_DEFINITION_REPRESENTATION(#3441,#3336);
#3267=PROPERTY_DEFINITION_REPRESENTATION(#3442,#3337);
#3268=PROPERTY_DEFINITION_REPRESENTATION(#3443,#3338);
#3269=PROPERTY_DEFINITION_REPRESENTATION(#3444,#3339);
#3270=PROPERTY_DEFINITION_REPRESENTATION(#3445,#3340);
#3271=PROPERTY_DEFINITION_REPRESENTATION(#3446,#3341);
#3272=PROPERTY_DEFINITION_REPRESENTATION(#3447,#3342);
#3273=PROPERTY_DEFINITION_REPRESENTATION(#3448,#3343);
#3274=PROPERTY_DEFINITION_REPRESENTATION(#3449,#3344);
#3275=PROPERTY_DEFINITION_REPRESENTATION(#3450,#3345);
#3276=PROPERTY_DEFINITION_REPRESENTATION(#3451,#3346);
#3277=PROPERTY_DEFINITION_REPRESENTATION(#3452,#3347);
#3278=PROPERTY_DEFINITION_REPRESENTATION(#3453,#3348);
#3279=PROPERTY_DEFINITION_REPRESENTATION(#3454,#3349);
#3280=PROPERTY_DEFINITION_REPRESENTATION(#3455,#3350);
#3281=PROPERTY_DEFINITION_REPRESENTATION(#3456,#3351);
#3282=PROPERTY_DEFINITION_REPRESENTATION(#3457,#3352);
#3283=PROPERTY_DEFINITION_REPRESENTATION(#3458,#3353);
#3284=PROPERTY_DEFINITION_REPRESENTATION(#3459,#3354);
#3285=PROPERTY_DEFINITION_REPRESENTATION(#3460,#3355);
#3286=PROPERTY_DEFINITION_REPRESENTATION(#3461,#3356);
#3287=PROPERTY_DEFINITION_REPRESENTATION(#3462,#3357);
#3288=PROPERTY_DEFINITION_REPRESENTATION(#3463,#3358);
#3289=PROPERTY_DEFINITION_REPRESENTATION(#3464,#3359);
#3290=PROPERTY_DEFINITION_REPRESENTATION(#3465,#3360);
#3291=PROPERTY_DEFINITION_REPRESENTATION(#3466,#3361);
#3292=REPRESENTATION('material name',(#3362),#5688);
#3293=REPRESENTATION('density',(#3187),#5688);
#3294=REPRESENTATION('material name',(#3363),#5689);
#3295=REPRESENTATION('density',(#3188),#5689);
#3296=REPRESENTATION('material name',(#3364),#5690);
#3297=REPRESENTATION('density',(#3189),#5690);
#3298=REPRESENTATION('material name',(#3365),#5691);
#3299=REPRESENTATION('density',(#3190),#5691);
#3300=REPRESENTATION('material name',(#3366),#5692);
#3301=REPRESENTATION('density',(#3191),#5692);
#3302=REPRESENTATION('material name',(#3367),#5693);
#3303=REPRESENTATION('density',(#3192),#5693);
#3304=REPRESENTATION('material name',(#3368),#5694);
#3305=REPRESENTATION('density',(#3193),#5694);
#3306=REPRESENTATION('material name',(#3369),#5695);
#3307=REPRESENTATION('density',(#3194),#5695);
#3308=REPRESENTATION('material name',(#3370),#5696);
#3309=REPRESENTATION('density',(#3195),#5696);
#3310=REPRESENTATION('material name',(#3371),#5697);
#3311=REPRESENTATION('density',(#3196),#5697);
#3312=REPRESENTATION('material name',(#3372),#5698);
#3313=REPRESENTATION('density',(#3197),#5698);
#3314=REPRESENTATION('material name',(#3373),#5699);
#3315=REPRESENTATION('density',(#3198),#5699);
#3316=REPRESENTATION('material name',(#3374),#5700);
#3317=REPRESENTATION('density',(#3199),#5700);
#3318=REPRESENTATION('material name',(#3375),#5701);
#3319=REPRESENTATION('density',(#3200),#5701);
#3320=REPRESENTATION('material name',(#3376),#5702);
#3321=REPRESENTATION('density',(#3201),#5702);
#3322=REPRESENTATION('material name',(#3377),#5703);
#3323=REPRESENTATION('density',(#3202),#5703);
#3324=REPRESENTATION('material name',(#3378),#5704);
#3325=REPRESENTATION('density',(#3203),#5704);
#3326=REPRESENTATION('material name',(#3379),#5705);
#3327=REPRESENTATION('density',(#3204),#5705);
#3328=REPRESENTATION('material name',(#3380),#5706);
#3329=REPRESENTATION('density',(#3205),#5706);
#3330=REPRESENTATION('material name',(#3381),#5707);
#3331=REPRESENTATION('density',(#3206),#5707);
#3332=REPRESENTATION('material name',(#3382),#5708);
#3333=REPRESENTATION('density',(#3207),#5708);
#3334=REPRESENTATION('material name',(#3383),#5709);
#3335=REPRESENTATION('density',(#3208),#5709);
#3336=REPRESENTATION('material name',(#3384),#5710);
#3337=REPRESENTATION('density',(#3209),#5710);
#3338=REPRESENTATION('material name',(#3385),#5711);
#3339=REPRESENTATION('density',(#3210),#5711);
#3340=REPRESENTATION('material name',(#3386),#5712);
#3341=REPRESENTATION('density',(#3211),#5712);
#3342=REPRESENTATION('material name',(#3387),#5713);
#3343=REPRESENTATION('density',(#3212),#5713);
#3344=REPRESENTATION('material name',(#3388),#5714);
#3345=REPRESENTATION('density',(#3213),#5714);
#3346=REPRESENTATION('material name',(#3389),#5715);
#3347=REPRESENTATION('density',(#3214),#5715);
#3348=REPRESENTATION('material name',(#3390),#5716);
#3349=REPRESENTATION('density',(#3215),#5716);
#3350=REPRESENTATION('material name',(#3391),#5717);
#3351=REPRESENTATION('density',(#3216),#5717);
#3352=REPRESENTATION('material name',(#3392),#5718);
#3353=REPRESENTATION('density',(#3217),#5718);
#3354=REPRESENTATION('material name',(#3393),#5719);
#3355=REPRESENTATION('density',(#3218),#5719);
#3356=REPRESENTATION('material name',(#3394),#5720);
#3357=REPRESENTATION('density',(#3219),#5720);
#3358=REPRESENTATION('material name',(#3395),#5721);
#3359=REPRESENTATION('density',(#3220),#5721);
#3360=REPRESENTATION('material name',(#3396),#5722);
#3361=REPRESENTATION('density',(#3221),#5722);
#3362=DESCRIPTIVE_REPRESENTATION_ITEM('Steel','Steel');
#3363=DESCRIPTIVE_REPRESENTATION_ITEM('Steel','Steel');
#3364=DESCRIPTIVE_REPRESENTATION_ITEM('Steel','Steel');
#3365=DESCRIPTIVE_REPRESENTATION_ITEM('Steel','Steel');
#3366=DESCRIPTIVE_REPRESENTATION_ITEM('Steel','Steel');
#3367=DESCRIPTIVE_REPRESENTATION_ITEM('Steel','Steel');
#3368=DESCRIPTIVE_REPRESENTATION_ITEM('Steel','Steel');
#3369=DESCRIPTIVE_REPRESENTATION_ITEM('Steel','Steel');
#3370=DESCRIPTIVE_REPRESENTATION_ITEM('Steel','Steel');
#3371=DESCRIPTIVE_REPRESENTATION_ITEM('Steel','Steel');
#3372=DESCRIPTIVE_REPRESENTATION_ITEM('Steel','Steel');
#3373=DESCRIPTIVE_REPRESENTATION_ITEM('Steel','Steel');
#3374=DESCRIPTIVE_REPRESENTATION_ITEM('Steel','Steel');
#3375=DESCRIPTIVE_REPRESENTATION_ITEM('Steel','Steel');
#3376=DESCRIPTIVE_REPRESENTATION_ITEM('Steel','Steel');
#3377=DESCRIPTIVE_REPRESENTATION_ITEM('Steel','Steel');
#3378=DESCRIPTIVE_REPRESENTATION_ITEM('Steel','Steel');
#3379=DESCRIPTIVE_REPRESENTATION_ITEM('Steel','Steel');
#3380=DESCRIPTIVE_REPRESENTATION_ITEM('Steel','Steel');
#3381=DESCRIPTIVE_REPRESENTATION_ITEM('Steel','Steel');
#3382=DESCRIPTIVE_REPRESENTATION_ITEM('Steel','Steel');
#3383=DESCRIPTIVE_REPRESENTATION_ITEM('Steel','Steel');
#3384=DESCRIPTIVE_REPRESENTATION_ITEM('Steel','Steel');
#3385=DESCRIPTIVE_REPRESENTATION_ITEM('Steel','Steel');
#3386=DESCRIPTIVE_REPRESENTATION_ITEM('Steel','Steel');
#3387=DESCRIPTIVE_REPRESENTATION_ITEM('Steel','Steel');
#3388=DESCRIPTIVE_REPRESENTATION_ITEM('Steel','Steel');
#3389=DESCRIPTIVE_REPRESENTATION_ITEM('Steel','Steel');
#3390=DESCRIPTIVE_REPRESENTATION_ITEM('Steel','Steel');
#3391=DESCRIPTIVE_REPRESENTATION_ITEM('Steel','Steel');
#3392=DESCRIPTIVE_REPRESENTATION_ITEM('Steel','Steel');
#3393=DESCRIPTIVE_REPRESENTATION_ITEM('Steel','Steel');
#3394=DESCRIPTIVE_REPRESENTATION_ITEM('Steel','Steel');
#3395=DESCRIPTIVE_REPRESENTATION_ITEM('Steel','Steel');
#3396=DESCRIPTIVE_REPRESENTATION_ITEM('Steel','Steel');
#3397=PROPERTY_DEFINITION('material property','material name',#5873);
#3398=PROPERTY_DEFINITION('material property','density of part',#5873);
#3399=PROPERTY_DEFINITION('material property','material name',#5874);
#3400=PROPERTY_DEFINITION('material property','density of part',#5874);
#3401=PROPERTY_DEFINITION('material property','material name',#5875);
#3402=PROPERTY_DEFINITION('material property','density of part',#5875);
#3403=PROPERTY_DEFINITION('material property','material name',#5876);
#3404=PROPERTY_DEFINITION('material property','density of part',#5876);
#3405=PROPERTY_DEFINITION('material property','material name',#5877);
#3406=PROPERTY_DEFINITION('material property','density of part',#5877);
#3407=PROPERTY_DEFINITION('material property','material name',#5878);
#3408=PROPERTY_DEFINITION('material property','density of part',#5878);
#3409=PROPERTY_DEFINITION('material property','material name',#5879);
#3410=PROPERTY_DEFINITION('material property','density of part',#5879);
#3411=PROPERTY_DEFINITION('material property','material name',#5880);
#3412=PROPERTY_DEFINITION('material property','density of part',#5880);
#3413=PROPERTY_DEFINITION('material property','material name',#5881);
#3414=PROPERTY_DEFINITION('material property','density of part',#5881);
#3415=PROPERTY_DEFINITION('material property','material name',#5882);
#3416=PROPERTY_DEFINITION('material property','density of part',#5882);
#3417=PROPERTY_DEFINITION('material property','material name',#5883);
#3418=PROPERTY_DEFINITION('material property','density of part',#5883);
#3419=PROPERTY_DEFINITION('material property','material name',#5884);
#3420=PROPERTY_DEFINITION('material property','density of part',#5884);
#3421=PROPERTY_DEFINITION('material property','material name',#5885);
#3422=PROPERTY_DEFINITION('material property','density of part',#5885);
#3423=PROPERTY_DEFINITION('material property','material name',#5886);
#3424=PROPERTY_DEFINITION('material property','density of part',#5886);
#3425=PROPERTY_DEFINITION('material property','material name',#5887);
#3426=PROPERTY_DEFINITION('material property','density of part',#5887);
#3427=PROPERTY_DEFINITION('material property','material name',#5888);
#3428=PROPERTY_DEFINITION('material property','density of part',#5888);
#3429=PROPERTY_DEFINITION('material property','material name',#5889);
#3430=PROPERTY_DEFINITION('material property','density of part',#5889);
#3431=PROPERTY_DEFINITION('material property','material name',#5890);
#3432=PROPERTY_DEFINITION('material property','density of part',#5890);
#3433=PROPERTY_DEFINITION('material property','material name',#5891);
#3434=PROPERTY_DEFINITION('material property','density of part',#5891);
#3435=PROPERTY_DEFINITION('material property','material name',#5892);
#3436=PROPERTY_DEFINITION('material property','density of part',#5892);
#3437=PROPERTY_DEFINITION('material property','material name',#5893);
#3438=PROPERTY_DEFINITION('material property','density of part',#5893);
#3439=PROPERTY_DEFINITION('material property','material name',#5894);
#3440=PROPERTY_DEFINITION('material property','density of part',#5894);
#3441=PROPERTY_DEFINITION('material property','material name',#5895);
#3442=PROPERTY_DEFINITION('material property','density of part',#5895);
#3443=PROPERTY_DEFINITION('material property','material name',#5896);
#3444=PROPERTY_DEFINITION('material property','density of part',#5896);
#3445=PROPERTY_DEFINITION('material property','material name',#5897);
#3446=PROPERTY_DEFINITION('material property','density of part',#5897);
#3447=PROPERTY_DEFINITION('material property','material name',#5898);
#3448=PROPERTY_DEFINITION('material property','density of part',#5898);
#3449=PROPERTY_DEFINITION('material property','material name',#5899);
#3450=PROPERTY_DEFINITION('material property','density of part',#5899);
#3451=PROPERTY_DEFINITION('material property','material name',#5900);
#3452=PROPERTY_DEFINITION('material property','density of part',#5900);
#3453=PROPERTY_DEFINITION('material property','material name',#5901);
#3454=PROPERTY_DEFINITION('material property','density of part',#5901);
#3455=PROPERTY_DEFINITION('material property','material name',#5902);
#3456=PROPERTY_DEFINITION('material property','density of part',#5902);
#3457=PROPERTY_DEFINITION('material property','material name',#5903);
#3458=PROPERTY_DEFINITION('material property','density of part',#5903);
#3459=PROPERTY_DEFINITION('material property','material name',#5904);
#3460=PROPERTY_DEFINITION('material property','density of part',#5904);
#3461=PROPERTY_DEFINITION('material property','material name',#5905);
#3462=PROPERTY_DEFINITION('material property','density of part',#5905);
#3463=PROPERTY_DEFINITION('material property','material name',#5906);
#3464=PROPERTY_DEFINITION('material property','density of part',#5906);
#3465=PROPERTY_DEFINITION('material property','material name',#5907);
#3466=PROPERTY_DEFINITION('material property','density of part',#5907);
#3467=AXIS2_PLACEMENT_3D('',#4795,#3819,#3820);
#3468=AXIS2_PLACEMENT_3D('',#4796,#3821,#3822);
#3469=AXIS2_PLACEMENT_3D('',#4797,#3823,#3824);
#3470=AXIS2_PLACEMENT_3D('',#4799,#3825,#3826);
#3471=AXIS2_PLACEMENT_3D('',#4802,#3828,#3829);
#3472=AXIS2_PLACEMENT_3D('',#4803,#3830,#3831);
#3473=AXIS2_PLACEMENT_3D('',#4805,#3832,#3833);
#3474=AXIS2_PLACEMENT_3D('',#4808,#3835,#3836);
#3475=AXIS2_PLACEMENT_3D('',#4809,#3837,#3838);
#3476=AXIS2_PLACEMENT_3D('',#4810,#3839,#3840);
#3477=AXIS2_PLACEMENT_3D('',#4811,#3841,#3842);
#3478=AXIS2_PLACEMENT_3D('',#4812,#3843,#3844);
#3479=AXIS2_PLACEMENT_3D('',#4814,#3845,#3846);
#3480=AXIS2_PLACEMENT_3D('',#4817,#3848,#3849);
#3481=AXIS2_PLACEMENT_3D('',#4818,#3850,#3851);
#3482=AXIS2_PLACEMENT_3D('',#4820,#3852,#3853);
#3483=AXIS2_PLACEMENT_3D('',#4823,#3855,#3856);
#3484=AXIS2_PLACEMENT_3D('',#4824,#3857,#3858);
#3485=AXIS2_PLACEMENT_3D('',#4825,#3859,#3860);
#3486=AXIS2_PLACEMENT_3D('',#4826,#3861,#3862);
#3487=AXIS2_PLACEMENT_3D('',#4827,#3863,#3864);
#3488=AXIS2_PLACEMENT_3D('',#4829,#3865,#3866);
#3489=AXIS2_PLACEMENT_3D('',#4832,#3868,#3869);
#3490=AXIS2_PLACEMENT_3D('',#4833,#3870,#3871);
#3491=AXIS2_PLACEMENT_3D('',#4834,#3872,#3873);
#3492=AXIS2_PLACEMENT_3D('',#4835,#3874,#3875);
#3493=AXIS2_PLACEMENT_3D('',#4836,#3876,#3877);
#3494=AXIS2_PLACEMENT_3D('',#4838,#3878,#3879);
#3495=AXIS2_PLACEMENT_3D('',#4841,#3881,#3882);
#3496=AXIS2_PLACEMENT_3D('',#4842,#3883,#3884);
#3497=AXIS2_PLACEMENT_3D('',#4844,#3885,#3886);
#3498=AXIS2_PLACEMENT_3D('',#4847,#3888,#3889);
#3499=AXIS2_PLACEMENT_3D('',#4848,#3890,#3891);
#3500=AXIS2_PLACEMENT_3D('',#4849,#3892,#3893);
#3501=AXIS2_PLACEMENT_3D('',#4850,#3894,#3895);
#3502=AXIS2_PLACEMENT_3D('',#4851,#3896,#3897);
#3503=AXIS2_PLACEMENT_3D('',#4853,#3898,#3899);
#3504=AXIS2_PLACEMENT_3D('',#4856,#3901,#3902);
#3505=AXIS2_PLACEMENT_3D('',#4857,#3903,#3904);
#3506=AXIS2_PLACEMENT_3D('',#4859,#3905,#3906);
#3507=AXIS2_PLACEMENT_3D('',#4862,#3908,#3909);
#3508=AXIS2_PLACEMENT_3D('',#4863,#3910,#3911);
#3509=AXIS2_PLACEMENT_3D('',#4864,#3912,#3913);
#3510=AXIS2_PLACEMENT_3D('',#4865,#3914,#3915);
#3511=AXIS2_PLACEMENT_3D('',#4866,#3916,#3917);
#3512=AXIS2_PLACEMENT_3D('',#4868,#3918,#3919);
#3513=AXIS2_PLACEMENT_3D('',#4871,#3921,#3922);
#3514=AXIS2_PLACEMENT_3D('',#4872,#3923,#3924);
#3515=AXIS2_PLACEMENT_3D('',#4874,#3925,#3926);
#3516=AXIS2_PLACEMENT_3D('',#4877,#3928,#3929);
#3517=AXIS2_PLACEMENT_3D('',#4878,#3930,#3931);
#3518=AXIS2_PLACEMENT_3D('',#4879,#3932,#3933);
#3519=AXIS2_PLACEMENT_3D('',#4880,#3934,#3935);
#3520=AXIS2_PLACEMENT_3D('',#4881,#3936,#3937);
#3521=AXIS2_PLACEMENT_3D('',#4890,#3942,#3943);
#3522=AXIS2_PLACEMENT_3D('',#4899,#3948,#3949);
#3523=AXIS2_PLACEMENT_3D('',#4902,#3952,#3953);
#3524=AXIS2_PLACEMENT_3D('',#4905,#3956,#3957);
#3525=AXIS2_PLACEMENT_3D('',#4906,#3958,#3959);
#3526=AXIS2_PLACEMENT_3D('',#4907,#3960,#3961);
#3527=AXIS2_PLACEMENT_3D('',#4908,#3962,#3963);
#3528=AXIS2_PLACEMENT_3D('',#4917,#3968,#3969);
#3529=AXIS2_PLACEMENT_3D('',#4926,#3974,#3975);
#3530=AXIS2_PLACEMENT_3D('',#4929,#3978,#3979);
#3531=AXIS2_PLACEMENT_3D('',#4932,#3982,#3983);
#3532=AXIS2_PLACEMENT_3D('',#4933,#3984,#3985);
#3533=AXIS2_PLACEMENT_3D('',#4934,#3986,#3987);
#3534=AXIS2_PLACEMENT_3D('',#4935,#3988,#3989);
#3535=AXIS2_PLACEMENT_3D('',#4944,#3994,#3995);
#3536=AXIS2_PLACEMENT_3D('',#4953,#4000,#4001);
#3537=AXIS2_PLACEMENT_3D('',#4956,#4004,#4005);
#3538=AXIS2_PLACEMENT_3D('',#4959,#4008,#4009);
#3539=AXIS2_PLACEMENT_3D('',#4960,#4010,#4011);
#3540=AXIS2_PLACEMENT_3D('',#4961,#4012,#4013);
#3541=AXIS2_PLACEMENT_3D('',#4962,#4014,#4015);
#3542=AXIS2_PLACEMENT_3D('',#4971,#4020,#4021);
#3543=AXIS2_PLACEMENT_3D('',#4980,#4026,#4027);
#3544=AXIS2_PLACEMENT_3D('',#4983,#4030,#4031);
#3545=AXIS2_PLACEMENT_3D('',#4986,#4034,#4035);
#3546=AXIS2_PLACEMENT_3D('',#4987,#4036,#4037);
#3547=AXIS2_PLACEMENT_3D('',#4988,#4038,#4039);
#3548=AXIS2_PLACEMENT_3D('',#4989,#4040,#4041);
#3549=AXIS2_PLACEMENT_3D('',#4998,#4046,#4047);
#3550=AXIS2_PLACEMENT_3D('',#5007,#4052,#4053);
#3551=AXIS2_PLACEMENT_3D('',#5010,#4056,#4057);
#3552=AXIS2_PLACEMENT_3D('',#5013,#4060,#4061);
#3553=AXIS2_PLACEMENT_3D('',#5014,#4062,#4063);
#3554=AXIS2_PLACEMENT_3D('',#5015,#4064,#4065);
#3555=AXIS2_PLACEMENT_3D('',#5016,#4066,#4067);
#3556=AXIS2_PLACEMENT_3D('',#5025,#4072,#4073);
#3557=AXIS2_PLACEMENT_3D('',#5034,#4078,#4079);
#3558=AXIS2_PLACEMENT_3D('',#5037,#4082,#4083);
#3559=AXIS2_PLACEMENT_3D('',#5040,#4086,#4087);
#3560=AXIS2_PLACEMENT_3D('',#5041,#4088,#4089);
#3561=AXIS2_PLACEMENT_3D('',#5042,#4090,#4091);
#3562=AXIS2_PLACEMENT_3D('',#5043,#4092,#4093);
#3563=AXIS2_PLACEMENT_3D('',#5052,#4098,#4099);
#3564=AXIS2_PLACEMENT_3D('',#5061,#4104,#4105);
#3565=AXIS2_PLACEMENT_3D('',#5064,#4108,#4109);
#3566=AXIS2_PLACEMENT_3D('',#5067,#4112,#4113);
#3567=AXIS2_PLACEMENT_3D('',#5068,#4114,#4115);
#3568=AXIS2_PLACEMENT_3D('',#5069,#4116,#4117);
#3569=AXIS2_PLACEMENT_3D('',#5070,#4118,#4119);
#3570=AXIS2_PLACEMENT_3D('',#5079,#4124,#4125);
#3571=AXIS2_PLACEMENT_3D('',#5088,#4130,#4131);
#3572=AXIS2_PLACEMENT_3D('',#5091,#4134,#4135);
#3573=AXIS2_PLACEMENT_3D('',#5094,#4138,#4139);
#3574=AXIS2_PLACEMENT_3D('',#5095,#4140,#4141);
#3575=AXIS2_PLACEMENT_3D('',#5096,#4142,#4143);
#3576=AXIS2_PLACEMENT_3D('',#5097,#4144,#4145);
#3577=AXIS2_PLACEMENT_3D('',#5106,#4150,#4151);
#3578=AXIS2_PLACEMENT_3D('',#5115,#4156,#4157);
#3579=AXIS2_PLACEMENT_3D('',#5118,#4160,#4161);
#3580=AXIS2_PLACEMENT_3D('',#5121,#4164,#4165);
#3581=AXIS2_PLACEMENT_3D('',#5122,#4166,#4167);
#3582=AXIS2_PLACEMENT_3D('',#5123,#4168,#4169);
#3583=AXIS2_PLACEMENT_3D('',#5124,#4170,#4171);
#3584=AXIS2_PLACEMENT_3D('',#5133,#4176,#4177);
#3585=AXIS2_PLACEMENT_3D('',#5142,#4182,#4183);
#3586=AXIS2_PLACEMENT_3D('',#5145,#4186,#4187);
#3587=AXIS2_PLACEMENT_3D('',#5148,#4190,#4191);
#3588=AXIS2_PLACEMENT_3D('',#5149,#4192,#4193);
#3589=AXIS2_PLACEMENT_3D('',#5150,#4194,#4195);
#3590=AXIS2_PLACEMENT_3D('',#5151,#4196,#4197);
#3591=AXIS2_PLACEMENT_3D('',#5160,#4202,#4203);
#3592=AXIS2_PLACEMENT_3D('',#5169,#4208,#4209);
#3593=AXIS2_PLACEMENT_3D('',#5172,#4212,#4213);
#3594=AXIS2_PLACEMENT_3D('',#5175,#4216,#4217);
#3595=AXIS2_PLACEMENT_3D('',#5176,#4218,#4219);
#3596=AXIS2_PLACEMENT_3D('',#5177,#4220,#4221);
#3597=AXIS2_PLACEMENT_3D('',#5178,#4222,#4223);
#3598=AXIS2_PLACEMENT_3D('',#5187,#4228,#4229);
#3599=AXIS2_PLACEMENT_3D('',#5196,#4234,#4235);
#3600=AXIS2_PLACEMENT_3D('',#5199,#4238,#4239);
#3601=AXIS2_PLACEMENT_3D('',#5202,#4242,#4243);
#3602=AXIS2_PLACEMENT_3D('',#5203,#4244,#4245);
#3603=AXIS2_PLACEMENT_3D('',#5204,#4246,#4247);
#3604=AXIS2_PLACEMENT_3D('',#5205,#4248,#4249);
#3605=AXIS2_PLACEMENT_3D('',#5214,#4254,#4255);
#3606=AXIS2_PLACEMENT_3D('',#5223,#4260,#4261);
#3607=AXIS2_PLACEMENT_3D('',#5226,#4264,#4265);
#3608=AXIS2_PLACEMENT_3D('',#5229,#4268,#4269);
#3609=AXIS2_PLACEMENT_3D('',#5230,#4270,#4271);
#3610=AXIS2_PLACEMENT_3D('',#5231,#4272,#4273);
#3611=AXIS2_PLACEMENT_3D('',#5232,#4274,#4275);
#3612=AXIS2_PLACEMENT_3D('',#5241,#4280,#4281);
#3613=AXIS2_PLACEMENT_3D('',#5250,#4286,#4287);
#3614=AXIS2_PLACEMENT_3D('',#5253,#4290,#4291);
#3615=AXIS2_PLACEMENT_3D('',#5256,#4294,#4295);
#3616=AXIS2_PLACEMENT_3D('',#5257,#4296,#4297);
#3617=AXIS2_PLACEMENT_3D('',#5258,#4298,#4299);
#3618=AXIS2_PLACEMENT_3D('',#5259,#4300,#4301);
#3619=AXIS2_PLACEMENT_3D('',#5268,#4306,#4307);
#3620=AXIS2_PLACEMENT_3D('',#5277,#4312,#4313);
#3621=AXIS2_PLACEMENT_3D('',#5280,#4316,#4317);
#3622=AXIS2_PLACEMENT_3D('',#5283,#4320,#4321);
#3623=AXIS2_PLACEMENT_3D('',#5284,#4322,#4323);
#3624=AXIS2_PLACEMENT_3D('',#5285,#4324,#4325);
#3625=AXIS2_PLACEMENT_3D('',#5286,#4326,#4327);
#3626=AXIS2_PLACEMENT_3D('',#5295,#4332,#4333);
#3627=AXIS2_PLACEMENT_3D('',#5304,#4338,#4339);
#3628=AXIS2_PLACEMENT_3D('',#5307,#4342,#4343);
#3629=AXIS2_PLACEMENT_3D('',#5310,#4346,#4347);
#3630=AXIS2_PLACEMENT_3D('',#5311,#4348,#4349);
#3631=AXIS2_PLACEMENT_3D('',#5312,#4350,#4351);
#3632=AXIS2_PLACEMENT_3D('',#5313,#4352,#4353);
#3633=AXIS2_PLACEMENT_3D('',#5322,#4358,#4359);
#3634=AXIS2_PLACEMENT_3D('',#5331,#4364,#4365);
#3635=AXIS2_PLACEMENT_3D('',#5334,#4368,#4369);
#3636=AXIS2_PLACEMENT_3D('',#5337,#4372,#4373);
#3637=AXIS2_PLACEMENT_3D('',#5338,#4374,#4375);
#3638=AXIS2_PLACEMENT_3D('',#5339,#4376,#4377);
#3639=AXIS2_PLACEMENT_3D('',#5340,#4378,#4379);
#3640=AXIS2_PLACEMENT_3D('',#5349,#4384,#4385);
#3641=AXIS2_PLACEMENT_3D('',#5358,#4390,#4391);
#3642=AXIS2_PLACEMENT_3D('',#5361,#4394,#4395);
#3643=AXIS2_PLACEMENT_3D('',#5364,#4398,#4399);
#3644=AXIS2_PLACEMENT_3D('',#5365,#4400,#4401);
#3645=AXIS2_PLACEMENT_3D('',#5366,#4402,#4403);
#3646=AXIS2_PLACEMENT_3D('',#5367,#4404,#4405);
#3647=AXIS2_PLACEMENT_3D('',#5376,#4410,#4411);
#3648=AXIS2_PLACEMENT_3D('',#5385,#4416,#4417);
#3649=AXIS2_PLACEMENT_3D('',#5388,#4420,#4421);
#3650=AXIS2_PLACEMENT_3D('',#5391,#4424,#4425);
#3651=AXIS2_PLACEMENT_3D('',#5392,#4426,#4427);
#3652=AXIS2_PLACEMENT_3D('',#5393,#4428,#4429);
#3653=AXIS2_PLACEMENT_3D('',#5394,#4430,#4431);
#3654=AXIS2_PLACEMENT_3D('',#5396,#4432,#4433);
#3655=AXIS2_PLACEMENT_3D('',#5399,#4435,#4436);
#3656=AXIS2_PLACEMENT_3D('',#5400,#4437,#4438);
#3657=AXIS2_PLACEMENT_3D('',#5402,#4439,#4440);
#3658=AXIS2_PLACEMENT_3D('',#5405,#4442,#4443);
#3659=AXIS2_PLACEMENT_3D('',#5406,#4444,#4445);
#3660=AXIS2_PLACEMENT_3D('',#5407,#4446,#4447);
#3661=AXIS2_PLACEMENT_3D('',#5408,#4448,#4449);
#3662=AXIS2_PLACEMENT_3D('',#5409,#4450,#4451);
#3663=AXIS2_PLACEMENT_3D('',#5411,#4452,#4453);
#3664=AXIS2_PLACEMENT_3D('',#5414,#4455,#4456);
#3665=AXIS2_PLACEMENT_3D('',#5415,#4457,#4458);
#3666=AXIS2_PLACEMENT_3D('',#5416,#4459,#4460);
#3667=AXIS2_PLACEMENT_3D('',#5417,#4461,#4462);
#3668=AXIS2_PLACEMENT_3D('',#5418,#4463,#4464);
#3669=AXIS2_PLACEMENT_3D('',#5420,#4465,#4466);
#3670=AXIS2_PLACEMENT_3D('',#5423,#4468,#4469);
#3671=AXIS2_PLACEMENT_3D('',#5424,#4470,#4471);
#3672=AXIS2_PLACEMENT_3D('',#5425,#4472,#4473);
#3673=AXIS2_PLACEMENT_3D('',#5426,#4474,#4475);
#3674=AXIS2_PLACEMENT_3D('',#5427,#4476,#4477);
#3675=AXIS2_PLACEMENT_3D('',#5429,#4478,#4479);
#3676=AXIS2_PLACEMENT_3D('',#5432,#4481,#4482);
#3677=AXIS2_PLACEMENT_3D('',#5433,#4483,#4484);
#3678=AXIS2_PLACEMENT_3D('',#5435,#4485,#4486);
#3679=AXIS2_PLACEMENT_3D('',#5438,#4488,#4489);
#3680=AXIS2_PLACEMENT_3D('',#5439,#4490,#4491);
#3681=AXIS2_PLACEMENT_3D('',#5440,#4492,#4493);
#3682=AXIS2_PLACEMENT_3D('',#5441,#4494,#4495);
#3683=AXIS2_PLACEMENT_3D('',#5442,#4496,#4497);
#3684=AXIS2_PLACEMENT_3D('',#5444,#4498,#4499);
#3685=AXIS2_PLACEMENT_3D('',#5447,#4501,#4502);
#3686=AXIS2_PLACEMENT_3D('',#5448,#4503,#4504);
#3687=AXIS2_PLACEMENT_3D('',#5449,#4505,#4506);
#3688=AXIS2_PLACEMENT_3D('',#5450,#4507,#4508);
#3689=AXIS2_PLACEMENT_3D('',#5451,#4509,#4510);
#3690=AXIS2_PLACEMENT_3D('',#5453,#4511,#4512);
#3691=AXIS2_PLACEMENT_3D('',#5455,#4513,#4514);
#3692=AXIS2_PLACEMENT_3D('',#5456,#4515,#4516);
#3693=AXIS2_PLACEMENT_3D('',#5458,#4517,#4518);
#3694=AXIS2_PLACEMENT_3D('',#5460,#4520,#4521);
#3695=AXIS2_PLACEMENT_3D('',#5462,#4522,#4523);
#3696=AXIS2_PLACEMENT_3D('',#5464,#4525,#4526);
#3697=AXIS2_PLACEMENT_3D('',#5466,#4527,#4528);
#3698=AXIS2_PLACEMENT_3D('',#5468,#4530,#4531);
#3699=AXIS2_PLACEMENT_3D('',#5470,#4532,#4533);
#3700=AXIS2_PLACEMENT_3D('',#5472,#4535,#4536);
#3701=AXIS2_PLACEMENT_3D('',#5474,#4537,#4538);
#3702=AXIS2_PLACEMENT_3D('',#5476,#4540,#4541);
#3703=AXIS2_PLACEMENT_3D('',#5478,#4542,#4543);
#3704=AXIS2_PLACEMENT_3D('',#5480,#4545,#4546);
#3705=AXIS2_PLACEMENT_3D('',#5483,#4548,#4549);
#3706=AXIS2_PLACEMENT_3D('',#5484,#4550,#4551);
#3707=AXIS2_PLACEMENT_3D('',#5487,#4553,#4554);
#3708=AXIS2_PLACEMENT_3D('',#5488,#4555,#4556);
#3709=AXIS2_PLACEMENT_3D('',#5491,#4558,#4559);
#3710=AXIS2_PLACEMENT_3D('',#5492,#4560,#4561);
#3711=AXIS2_PLACEMENT_3D('',#5495,#4563,#4564);
#3712=AXIS2_PLACEMENT_3D('',#5496,#4565,#4566);
#3713=AXIS2_PLACEMENT_3D('',#5498,#4567,#4568);
#3714=AXIS2_PLACEMENT_3D('',#5500,#4570,#4571);
#3715=AXIS2_PLACEMENT_3D('',#5502,#4572,#4573);
#3716=AXIS2_PLACEMENT_3D('',#5503,#4574,#4575);
#3717=AXIS2_PLACEMENT_3D('',#5505,#4577,#4578);
#3718=AXIS2_PLACEMENT_3D('',#5506,#4579,#4580);
#3719=AXIS2_PLACEMENT_3D('',#5508,#4581,#4582);
#3720=AXIS2_PLACEMENT_3D('',#5509,#4583,#4584);
#3721=AXIS2_PLACEMENT_3D('',#5510,#4585,#4586);
#3722=AXIS2_PLACEMENT_3D('',#5511,#4587,#4588);
#3723=AXIS2_PLACEMENT_3D('',#5513,#4589,#4590);
#3724=AXIS2_PLACEMENT_3D('',#5514,#4591,#4592);
#3725=AXIS2_PLACEMENT_3D('',#5515,#4593,#4594);
#3726=AXIS2_PLACEMENT_3D('',#5516,#4595,#4596);
#3727=AXIS2_PLACEMENT_3D('',#5519,#4597,#4598);
#3728=AXIS2_PLACEMENT_3D('',#5521,#4599,#4600);
#3729=AXIS2_PLACEMENT_3D('',#5525,#4602,#4603);
#3730=AXIS2_PLACEMENT_3D('',#5527,#4604,#4605);
#3731=AXIS2_PLACEMENT_3D('',#5528,#4606,#4607);
#3732=AXIS2_PLACEMENT_3D('',#5529,#4608,#4609);
#3733=AXIS2_PLACEMENT_3D('',#5530,#4610,#4611);
#3734=AXIS2_PLACEMENT_3D('',#5532,#4613,#4614);
#3735=AXIS2_PLACEMENT_3D('',#5533,#4615,#4616);
#3736=AXIS2_PLACEMENT_3D('',#5536,#4618,#4619);
#3737=AXIS2_PLACEMENT_3D('',#5537,#4620,#4621);
#3738=AXIS2_PLACEMENT_3D('',#5539,#4623,#4624);
#3739=AXIS2_PLACEMENT_3D('',#5541,#4625,#4626);
#3740=AXIS2_PLACEMENT_3D('',#5544,#4628,#4629);
#3741=AXIS2_PLACEMENT_3D('',#5545,#4630,#4631);
#3742=AXIS2_PLACEMENT_3D('',#5546,#4632,#4633);
#3743=AXIS2_PLACEMENT_3D('',#5547,#4634,#4635);
#3744=AXIS2_PLACEMENT_3D('',#5549,#4636,#4637);
#3745=AXIS2_PLACEMENT_3D('',#5550,#4638,#4639);
#3746=AXIS2_PLACEMENT_3D('',#5551,#4640,#4641);
#3747=AXIS2_PLACEMENT_3D('',#5553,#4642,#4643);
#3748=AXIS2_PLACEMENT_3D('',#5554,#4644,#4645);
#3749=AXIS2_PLACEMENT_3D('',#5557,#4647,#4648);
#3750=AXIS2_PLACEMENT_3D('',#5558,#4649,#4650);
#3751=AXIS2_PLACEMENT_3D('',#5561,#4652,#4653);
#3752=AXIS2_PLACEMENT_3D('',#5562,#4654,#4655);
#3753=AXIS2_PLACEMENT_3D('',#5563,#4656,#4657);
#3754=AXIS2_PLACEMENT_3D('',#5564,#4658,#4659);
#3755=AXIS2_PLACEMENT_3D('',#5565,#4660,#4661);
#3756=AXIS2_PLACEMENT_3D('',#5568,#4662,#4663);
#3757=AXIS2_PLACEMENT_3D('',#5570,#4664,#4665);
#3758=AXIS2_PLACEMENT_3D('',#5574,#4667,#4668);
#3759=AXIS2_PLACEMENT_3D('',#5576,#4669,#4670);
#3760=AXIS2_PLACEMENT_3D('',#5577,#4671,#4672);
#3761=AXIS2_PLACEMENT_3D('',#5579,#4673,#4674);
#3762=AXIS2_PLACEMENT_3D('',#5580,#4675,#4676);
#3763=AXIS2_PLACEMENT_3D('',#5581,#4677,#4678);
#3764=AXIS2_PLACEMENT_3D('',#5583,#4680,#4681);
#3765=AXIS2_PLACEMENT_3D('',#5585,#4682,#4683);
#3766=AXIS2_PLACEMENT_3D('',#5587,#4685,#4686);
#3767=AXIS2_PLACEMENT_3D('',#5588,#4687,#4688);
#3768=AXIS2_PLACEMENT_3D('',#5590,#4689,#4690);
#3769=AXIS2_PLACEMENT_3D('',#5593,#4692,#4693);
#3770=AXIS2_PLACEMENT_3D('',#5594,#4694,#4695);
#3771=AXIS2_PLACEMENT_3D('',#5595,#4696,#4697);
#3772=AXIS2_PLACEMENT_3D('',#5597,#4699,#4700);
#3773=AXIS2_PLACEMENT_3D('',#5598,#4701,#4702);
#3774=AXIS2_PLACEMENT_3D('',#5600,#4703,#4704);
#3775=AXIS2_PLACEMENT_3D('',#5601,#4705,#4706);
#3776=AXIS2_PLACEMENT_3D('',#5602,#4707,#4708);
#3777=AXIS2_PLACEMENT_3D('',#5604,#4709,#4710);
#3778=AXIS2_PLACEMENT_3D('',#5605,#4711,#4712);
#3779=AXIS2_PLACEMENT_3D('',#5608,#4714,#4715);
#3780=AXIS2_PLACEMENT_3D('',#5609,#4716,#4717);
#3781=AXIS2_PLACEMENT_3D('',#5612,#4719,#4720);
#3782=AXIS2_PLACEMENT_3D('',#5613,#4721,#4722);
#3783=AXIS2_PLACEMENT_3D('',#5614,#4723,#4724);
#3784=AXIS2_PLACEMENT_3D('',#5615,#4725,#4726);
#3785=AXIS2_PLACEMENT_3D('',#5616,#4727,#4728);
#3786=AXIS2_PLACEMENT_3D('',#5617,#4729,#4730);
#3787=AXIS2_PLACEMENT_3D('',#5618,#4731,#4732);
#3788=AXIS2_PLACEMENT_3D('',#5619,#4733,#4734);
#3789=AXIS2_PLACEMENT_3D('',#5620,#4735,#4736);
#3790=AXIS2_PLACEMENT_3D('',#5621,#4737,#4738);
#3791=AXIS2_PLACEMENT_3D('',#5622,#4739,#4740);
#3792=AXIS2_PLACEMENT_3D('',#5623,#4741,#4742);
#3793=AXIS2_PLACEMENT_3D('',#5624,#4743,#4744);
#3794=AXIS2_PLACEMENT_3D('',#5625,#4745,#4746);
#3795=AXIS2_PLACEMENT_3D('',#5626,#4747,#4748);
#3796=AXIS2_PLACEMENT_3D('',#5627,#4749,#4750);
#3797=AXIS2_PLACEMENT_3D('',#5628,#4751,#4752);
#3798=AXIS2_PLACEMENT_3D('',#5629,#4753,#4754);
#3799=AXIS2_PLACEMENT_3D('',#5630,#4755,#4756);
#3800=AXIS2_PLACEMENT_3D('',#5631,#4757,#4758);
#3801=AXIS2_PLACEMENT_3D('',#5632,#4759,#4760);
#3802=AXIS2_PLACEMENT_3D('',#5633,#4761,#4762);
#3803=AXIS2_PLACEMENT_3D('',#5634,#4763,#4764);
#3804=AXIS2_PLACEMENT_3D('',#5635,#4765,#4766);
#3805=AXIS2_PLACEMENT_3D('',#5636,#4767,#4768);
#3806=AXIS2_PLACEMENT_3D('',#5637,#4769,#4770);
#3807=AXIS2_PLACEMENT_3D('',#5638,#4771,#4772);
#3808=AXIS2_PLACEMENT_3D('',#5639,#4773,#4774);
#3809=AXIS2_PLACEMENT_3D('',#5640,#4775,#4776);
#3810=AXIS2_PLACEMENT_3D('',#5641,#4777,#4778);
#3811=AXIS2_PLACEMENT_3D('',#5642,#4779,#4780);
#3812=AXIS2_PLACEMENT_3D('',#5643,#4781,#4782);
#3813=AXIS2_PLACEMENT_3D('',#5644,#4783,#4784);
#3814=AXIS2_PLACEMENT_3D('',#5645,#4785,#4786);
#3815=AXIS2_PLACEMENT_3D('',#5646,#4787,#4788);
#3816=AXIS2_PLACEMENT_3D('',#5647,#4789,#4790);
#3817=AXIS2_PLACEMENT_3D('',#5648,#4791,#4792);
#3818=AXIS2_PLACEMENT_3D('',#5649,#4793,#4794);
#3819=DIRECTION('axis',(0.,0.,1.));
#3820=DIRECTION('refdir',(1.,0.,0.));
#3821=DIRECTION('axis',(0.,0.,1.));
#3822=DIRECTION('refdir',(1.,0.,0.));
#3823=DIRECTION('center_axis',(0.,0.,-1.));
#3824=DIRECTION('ref_axis',(1.,0.,0.));
#3825=DIRECTION('center_axis',(0.,0.,1.));
#3826=DIRECTION('ref_axis',(1.,0.,0.));
#3827=DIRECTION('',(0.,0.,1.));
#3828=DIRECTION('center_axis',(0.,0.,1.));
#3829=DIRECTION('ref_axis',(1.,0.,0.));
#3830=DIRECTION('center_axis',(0.,0.,-1.));
#3831=DIRECTION('ref_axis',(1.,0.,0.));
#3832=DIRECTION('center_axis',(0.,0.,1.));
#3833=DIRECTION('ref_axis',(1.,0.,0.));
#3834=DIRECTION('',(0.,0.,-1.));
#3835=DIRECTION('center_axis',(0.,0.,1.));
#3836=DIRECTION('ref_axis',(1.,0.,0.));
#3837=DIRECTION('center_axis',(0.,0.,1.));
#3838=DIRECTION('ref_axis',(1.,0.,0.));
#3839=DIRECTION('center_axis',(0.,0.,1.));
#3840=DIRECTION('ref_axis',(1.,0.,0.));
#3841=DIRECTION('axis',(0.,0.,1.));
#3842=DIRECTION('refdir',(1.,0.,0.));
#3843=DIRECTION('center_axis',(0.,0.,-1.));
#3844=DIRECTION('ref_axis',(1.,0.,0.));
#3845=DIRECTION('center_axis',(0.,0.,1.));
#3846=DIRECTION('ref_axis',(1.,0.,0.));
#3847=DIRECTION('',(0.,0.,1.));
#3848=DIRECTION('center_axis',(0.,0.,1.));
#3849=DIRECTION('ref_axis',(1.,0.,0.));
#3850=DIRECTION('center_axis',(0.,0.,-1.));
#3851=DIRECTION('ref_axis',(1.,0.,0.));
#3852=DIRECTION('center_axis',(0.,0.,1.));
#3853=DIRECTION('ref_axis',(1.,0.,0.));
#3854=DIRECTION('',(0.,0.,-1.));
#3855=DIRECTION('center_axis',(0.,0.,1.));
#3856=DIRECTION('ref_axis',(1.,0.,0.));
#3857=DIRECTION('center_axis',(0.,0.,1.));
#3858=DIRECTION('ref_axis',(1.,0.,0.));
#3859=DIRECTION('center_axis',(0.,0.,1.));
#3860=DIRECTION('ref_axis',(1.,0.,0.));
#3861=DIRECTION('axis',(0.,0.,1.));
#3862=DIRECTION('refdir',(1.,0.,0.));
#3863=DIRECTION('center_axis',(0.,0.,-1.));
#3864=DIRECTION('ref_axis',(1.,0.,0.));
#3865=DIRECTION('center_axis',(0.,0.,1.));
#3866=DIRECTION('ref_axis',(1.,0.,0.));
#3867=DIRECTION('',(0.,0.,1.));
#3868=DIRECTION('center_axis',(0.,0.,1.));
#3869=DIRECTION('ref_axis',(1.,0.,0.));
#3870=DIRECTION('center_axis',(0.,0.,1.));
#3871=DIRECTION('ref_axis',(1.,0.,0.));
#3872=DIRECTION('center_axis',(0.,0.,1.));
#3873=DIRECTION('ref_axis',(1.,0.,0.));
#3874=DIRECTION('axis',(0.,0.,1.));
#3875=DIRECTION('refdir',(1.,0.,0.));
#3876=DIRECTION('center_axis',(0.,0.,-1.));
#3877=DIRECTION('ref_axis',(1.,0.,0.));
#3878=DIRECTION('center_axis',(0.,0.,1.));
#3879=DIRECTION('ref_axis',(1.,0.,0.));
#3880=DIRECTION('',(0.,0.,1.));
#3881=DIRECTION('center_axis',(0.,0.,1.));
#3882=DIRECTION('ref_axis',(1.,0.,0.));
#3883=DIRECTION('center_axis',(0.,0.,-1.));
#3884=DIRECTION('ref_axis',(1.,0.,0.));
#3885=DIRECTION('center_axis',(0.,0.,1.));
#3886=DIRECTION('ref_axis',(1.,0.,0.));
#3887=DIRECTION('',(0.,0.,-1.));
#3888=DIRECTION('center_axis',(0.,0.,1.));
#3889=DIRECTION('ref_axis',(1.,0.,0.));
#3890=DIRECTION('center_axis',(0.,0.,1.));
#3891=DIRECTION('ref_axis',(1.,0.,0.));
#3892=DIRECTION('center_axis',(0.,0.,1.));
#3893=DIRECTION('ref_axis',(1.,0.,0.));
#3894=DIRECTION('axis',(0.,0.,1.));
#3895=DIRECTION('refdir',(1.,0.,0.));
#3896=DIRECTION('center_axis',(0.,0.,-1.));
#3897=DIRECTION('ref_axis',(1.,0.,0.));
#3898=DIRECTION('center_axis',(0.,0.,1.));
#3899=DIRECTION('ref_axis',(1.,0.,0.));
#3900=DIRECTION('',(0.,0.,1.));
#3901=DIRECTION('center_axis',(0.,0.,1.));
#3902=DIRECTION('ref_axis',(1.,0.,0.));
#3903=DIRECTION('center_axis',(0.,0.,-1.));
#3904=DIRECTION('ref_axis',(1.,0.,0.));
#3905=DIRECTION('center_axis',(0.,0.,1.));
#3906=DIRECTION('ref_axis',(1.,0.,0.));
#3907=DIRECTION('',(0.,0.,-1.));
#3908=DIRECTION('center_axis',(0.,0.,1.));
#3909=DIRECTION('ref_axis',(1.,0.,0.));
#3910=DIRECTION('center_axis',(0.,0.,1.));
#3911=DIRECTION('ref_axis',(1.,0.,0.));
#3912=DIRECTION('center_axis',(0.,0.,1.));
#3913=DIRECTION('ref_axis',(1.,0.,0.));
#3914=DIRECTION('axis',(0.,0.,1.));
#3915=DIRECTION('refdir',(1.,0.,0.));
#3916=DIRECTION('center_axis',(0.,0.,-1.));
#3917=DIRECTION('ref_axis',(1.,0.,0.));
#3918=DIRECTION('center_axis',(0.,0.,1.));
#3919=DIRECTION('ref_axis',(1.,0.,0.));
#3920=DIRECTION('',(0.,0.,1.));
#3921=DIRECTION('center_axis',(0.,0.,1.));
#3922=DIRECTION('ref_axis',(1.,0.,0.));
#3923=DIRECTION('center_axis',(0.,0.,-1.));
#3924=DIRECTION('ref_axis',(1.,0.,0.));
#3925=DIRECTION('center_axis',(0.,0.,1.));
#3926=DIRECTION('ref_axis',(1.,0.,0.));
#3927=DIRECTION('',(0.,0.,-1.));
#3928=DIRECTION('center_axis',(0.,0.,1.));
#3929=DIRECTION('ref_axis',(1.,0.,0.));
#3930=DIRECTION('center_axis',(0.,0.,1.));
#3931=DIRECTION('ref_axis',(1.,0.,0.));
#3932=DIRECTION('center_axis',(0.,0.,1.));
#3933=DIRECTION('ref_axis',(1.,0.,0.));
#3934=DIRECTION('axis',(0.,0.,1.));
#3935=DIRECTION('refdir',(1.,0.,0.));
#3936=DIRECTION('center_axis',(1.,0.,0.));
#3937=DIRECTION('ref_axis',(0.,0.,1.));
#3938=DIRECTION('',(0.,0.,1.));
#3939=DIRECTION('',(0.,1.,0.));
#3940=DIRECTION('',(0.,0.,1.));
#3941=DIRECTION('',(0.,1.,0.));
#3942=DIRECTION('center_axis',(1.,0.,0.));
#3943=DIRECTION('ref_axis',(0.,0.,1.));
#3944=DIRECTION('',(0.,0.,1.));
#3945=DIRECTION('',(0.,1.,0.));
#3946=DIRECTION('',(0.,0.,1.));
#3947=DIRECTION('',(0.,1.,0.));
#3948=DIRECTION('center_axis',(0.,1.,0.));
#3949=DIRECTION('ref_axis',(0.,0.,1.));
#3950=DIRECTION('',(1.,0.,0.));
#3951=DIRECTION('',(1.,0.,0.));
#3952=DIRECTION('center_axis',(0.,1.,0.));
#3953=DIRECTION('ref_axis',(0.,0.,1.));
#3954=DIRECTION('',(1.,0.,0.));
#3955=DIRECTION('',(1.,0.,0.));
#3956=DIRECTION('center_axis',(0.,0.,1.));
#3957=DIRECTION('ref_axis',(1.,0.,0.));
#3958=DIRECTION('center_axis',(0.,0.,1.));
#3959=DIRECTION('ref_axis',(1.,0.,0.));
#3960=DIRECTION('axis',(0.,0.,1.));
#3961=DIRECTION('refdir',(1.,0.,0.));
#3962=DIRECTION('center_axis',(0.866025403784329,-0.50000000000019,0.));
#3963=DIRECTION('ref_axis',(0.,0.,1.));
#3964=DIRECTION('',(0.,0.,1.));
#3965=DIRECTION('',(0.50000000000019,0.866025403784329,0.));
#3966=DIRECTION('',(0.,0.,1.));
#3967=DIRECTION('',(0.50000000000019,0.866025403784329,0.));
#3968=DIRECTION('center_axis',(0.866025403784329,-0.50000000000019,0.));
#3969=DIRECTION('ref_axis',(0.,0.,1.));
#3970=DIRECTION('',(0.,0.,1.));
#3971=DIRECTION('',(0.50000000000019,0.866025403784329,0.));
#3972=DIRECTION('',(0.,0.,1.));
#3973=DIRECTION('',(0.50000000000019,0.866025403784329,0.));
#3974=DIRECTION('center_axis',(0.50000000000019,0.866025403784329,0.));
#3975=DIRECTION('ref_axis',(0.,0.,1.));
#3976=DIRECTION('',(0.866025403784329,-0.50000000000019,0.));
#3977=DIRECTION('',(0.866025403784329,-0.50000000000019,0.));
#3978=DIRECTION('center_axis',(0.50000000000019,0.866025403784329,0.));
#3979=DIRECTION('ref_axis',(0.,0.,1.));
#3980=DIRECTION('',(0.866025403784329,-0.50000000000019,0.));
#3981=DIRECTION('',(0.866025403784329,-0.50000000000019,0.));
#3982=DIRECTION('center_axis',(0.,0.,1.));
#3983=DIRECTION('ref_axis',(0.866025403784329,-0.50000000000019,0.));
#3984=DIRECTION('center_axis',(0.,0.,1.));
#3985=DIRECTION('ref_axis',(0.866025403784329,-0.50000000000019,0.));
#3986=DIRECTION('axis',(0.,0.,1.));
#3987=DIRECTION('refdir',(1.,0.,0.));
#3988=DIRECTION('center_axis',(0.50000000000019,-0.866025403784329,0.));
#3989=DIRECTION('ref_axis',(0.,0.,1.));
#3990=DIRECTION('',(0.,0.,1.));
#3991=DIRECTION('',(0.866025403784329,0.50000000000019,0.));
#3992=DIRECTION('',(0.,0.,1.));
#3993=DIRECTION('',(0.866025403784329,0.50000000000019,0.));
#3994=DIRECTION('center_axis',(0.50000000000019,-0.866025403784329,0.));
#3995=DIRECTION('ref_axis',(0.,0.,1.));
#3996=DIRECTION('',(0.,0.,1.));
#3997=DIRECTION('',(0.866025403784329,0.50000000000019,0.));
#3998=DIRECTION('',(0.,0.,1.));
#3999=DIRECTION('',(0.866025403784329,0.50000000000019,0.));
#4000=DIRECTION('center_axis',(0.866025403784329,0.50000000000019,0.));
#4001=DIRECTION('ref_axis',(0.,0.,1.));
#4002=DIRECTION('',(0.50000000000019,-0.866025403784329,0.));
#4003=DIRECTION('',(0.50000000000019,-0.866025403784329,0.));
#4004=DIRECTION('center_axis',(0.866025403784329,0.50000000000019,0.));
#4005=DIRECTION('ref_axis',(0.,0.,1.));
#4006=DIRECTION('',(0.50000000000019,-0.866025403784329,0.));
#4007=DIRECTION('',(0.50000000000019,-0.866025403784329,0.));
#4008=DIRECTION('center_axis',(0.,0.,1.));
#4009=DIRECTION('ref_axis',(0.50000000000019,-0.866025403784329,0.));
#4010=DIRECTION('center_axis',(0.,0.,1.));
#4011=DIRECTION('ref_axis',(0.50000000000019,-0.866025403784329,0.));
#4012=DIRECTION('axis',(0.,0.,1.));
#4013=DIRECTION('refdir',(1.,0.,0.));
#4014=DIRECTION('center_axis',(-0.50000000000019,-0.866025403784329,0.));
#4015=DIRECTION('ref_axis',(0.,0.,1.));
#4016=DIRECTION('',(0.,0.,1.));
#4017=DIRECTION('',(0.866025403784329,-0.50000000000019,0.));
#4018=DIRECTION('',(0.,0.,1.));
#4019=DIRECTION('',(0.866025403784329,-0.50000000000019,0.));
#4020=DIRECTION('center_axis',(-0.50000000000019,-0.866025403784329,0.));
#4021=DIRECTION('ref_axis',(0.,0.,1.));
#4022=DIRECTION('',(0.,0.,1.));
#4023=DIRECTION('',(0.866025403784329,-0.50000000000019,0.));
#4024=DIRECTION('',(0.,0.,1.));
#4025=DIRECTION('',(0.866025403784329,-0.50000000000019,0.));
#4026=DIRECTION('center_axis',(0.866025403784329,-0.50000000000019,0.));
#4027=DIRECTION('ref_axis',(0.,0.,1.));
#4028=DIRECTION('',(-0.50000000000019,-0.866025403784329,0.));
#4029=DIRECTION('',(-0.50000000000019,-0.866025403784329,0.));
#4030=DIRECTION('center_axis',(0.866025403784329,-0.50000000000019,0.));
#4031=DIRECTION('ref_axis',(0.,0.,1.));
#4032=DIRECTION('',(-0.50000000000019,-0.866025403784329,0.));
#4033=DIRECTION('',(-0.50000000000019,-0.866025403784329,0.));
#4034=DIRECTION('center_axis',(0.,0.,1.));
#4035=DIRECTION('ref_axis',(-0.50000000000019,-0.866025403784329,0.));
#4036=DIRECTION('center_axis',(0.,0.,1.));
#4037=DIRECTION('ref_axis',(-0.50000000000019,-0.866025403784329,0.));
#4038=DIRECTION('axis',(0.,0.,1.));
#4039=DIRECTION('refdir',(1.,0.,0.));
#4040=DIRECTION('center_axis',(-0.866025403784329,-0.50000000000019,0.));
#4041=DIRECTION('ref_axis',(0.,0.,1.));
#4042=DIRECTION('',(0.,0.,1.));
#4043=DIRECTION('',(0.50000000000019,-0.866025403784329,0.));
#4044=DIRECTION('',(0.,0.,1.));
#4045=DIRECTION('',(0.50000000000019,-0.866025403784329,0.));
#4046=DIRECTION('center_axis',(-0.866025403784329,-0.50000000000019,0.));
#4047=DIRECTION('ref_axis',(0.,0.,1.));
#4048=DIRECTION('',(0.,0.,1.));
#4049=DIRECTION('',(0.50000000000019,-0.866025403784329,0.));
#4050=DIRECTION('',(0.,0.,1.));
#4051=DIRECTION('',(0.50000000000019,-0.866025403784329,0.));
#4052=DIRECTION('center_axis',(0.50000000000019,-0.866025403784329,0.));
#4053=DIRECTION('ref_axis',(0.,0.,1.));
#4054=DIRECTION('',(-0.866025403784329,-0.50000000000019,0.));
#4055=DIRECTION('',(-0.866025403784329,-0.50000000000019,0.));
#4056=DIRECTION('center_axis',(0.50000000000019,-0.866025403784329,0.));
#4057=DIRECTION('ref_axis',(0.,0.,1.));
#4058=DIRECTION('',(-0.866025403784329,-0.50000000000019,0.));
#4059=DIRECTION('',(-0.866025403784329,-0.50000000000019,0.));
#4060=DIRECTION('center_axis',(0.,0.,1.));
#4061=DIRECTION('ref_axis',(-0.866025403784329,-0.50000000000019,0.));
#4062=DIRECTION('center_axis',(0.,0.,1.));
#4063=DIRECTION('ref_axis',(-0.866025403784329,-0.50000000000019,0.));
#4064=DIRECTION('axis',(0.,0.,1.));
#4065=DIRECTION('refdir',(1.,0.,0.));
#4066=DIRECTION('center_axis',(-1.,-1.224646799147E-16,0.));
#4067=DIRECTION('ref_axis',(0.,0.,1.));
#4068=DIRECTION('',(0.,0.,1.));
#4069=DIRECTION('',(1.224646799147E-16,-1.,0.));
#4070=DIRECTION('',(0.,0.,1.));
#4071=DIRECTION('',(1.224646799147E-16,-1.,0.));
#4072=DIRECTION('center_axis',(-1.,-1.224646799147E-16,0.));
#4073=DIRECTION('ref_axis',(0.,0.,1.));
#4074=DIRECTION('',(0.,0.,1.));
#4075=DIRECTION('',(1.224646799147E-16,-1.,0.));
#4076=DIRECTION('',(0.,0.,1.));
#4077=DIRECTION('',(1.224646799147E-16,-1.,0.));
#4078=DIRECTION('center_axis',(1.224646799147E-16,-1.,0.));
#4079=DIRECTION('ref_axis',(0.,0.,1.));
#4080=DIRECTION('',(-1.,-1.224646799147E-16,0.));
#4081=DIRECTION('',(-1.,-1.224646799147E-16,0.));
#4082=DIRECTION('center_axis',(1.224646799147E-16,-1.,0.));
#4083=DIRECTION('ref_axis',(0.,0.,1.));
#4084=DIRECTION('',(-1.,-1.224646799147E-16,0.));
#4085=DIRECTION('',(-1.,-1.224646799147E-16,0.));
#4086=DIRECTION('center_axis',(0.,0.,1.));
#4087=DIRECTION('ref_axis',(-1.,-1.224646799147E-16,0.));
#4088=DIRECTION('center_axis',(0.,0.,1.));
#4089=DIRECTION('ref_axis',(-1.,-1.224646799147E-16,0.));
#4090=DIRECTION('axis',(0.,0.,1.));
#4091=DIRECTION('refdir',(1.,0.,0.));
#4092=DIRECTION('center_axis',(-0.866025403784329,0.50000000000019,0.));
#4093=DIRECTION('ref_axis',(0.,0.,1.));
#4094=DIRECTION('',(0.,0.,1.));
#4095=DIRECTION('',(-0.50000000000019,-0.866025403784329,0.));
#4096=DIRECTION('',(0.,0.,1.));
#4097=DIRECTION('',(-0.50000000000019,-0.866025403784329,0.));
#4098=DIRECTION('center_axis',(-0.866025403784329,0.50000000000019,0.));
#4099=DIRECTION('ref_axis',(0.,0.,1.));
#4100=DIRECTION('',(0.,0.,1.));
#4101=DIRECTION('',(-0.50000000000019,-0.866025403784329,0.));
#4102=DIRECTION('',(0.,0.,1.));
#4103=DIRECTION('',(-0.50000000000019,-0.866025403784329,0.));
#4104=DIRECTION('center_axis',(-0.50000000000019,-0.866025403784329,0.));
#4105=DIRECTION('ref_axis',(0.,0.,1.));
#4106=DIRECTION('',(-0.866025403784329,0.50000000000019,0.));
#4107=DIRECTION('',(-0.866025403784329,0.50000000000019,0.));
#4108=DIRECTION('center_axis',(-0.50000000000019,-0.866025403784329,0.));
#4109=DIRECTION('ref_axis',(0.,0.,1.));
#4110=DIRECTION('',(-0.866025403784329,0.50000000000019,0.));
#4111=DIRECTION('',(-0.866025403784329,0.50000000000019,0.));
#4112=DIRECTION('center_axis',(0.,0.,1.));
#4113=DIRECTION('ref_axis',(-0.866025403784329,0.50000000000019,0.));
#4114=DIRECTION('center_axis',(0.,0.,1.));
#4115=DIRECTION('ref_axis',(-0.866025403784329,0.50000000000019,0.));
#4116=DIRECTION('axis',(0.,0.,1.));
#4117=DIRECTION('refdir',(1.,0.,0.));
#4118=DIRECTION('center_axis',(-0.50000000000019,0.866025403784329,0.));
#4119=DIRECTION('ref_axis',(0.,0.,1.));
#4120=DIRECTION('',(0.,0.,1.));
#4121=DIRECTION('',(-0.866025403784329,-0.50000000000019,0.));
#4122=DIRECTION('',(0.,0.,1.));
#4123=DIRECTION('',(-0.866025403784329,-0.50000000000019,0.));
#4124=DIRECTION('center_axis',(-0.50000000000019,0.866025403784329,0.));
#4125=DIRECTION('ref_axis',(0.,0.,1.));
#4126=DIRECTION('',(0.,0.,1.));
#4127=DIRECTION('',(-0.866025403784329,-0.50000000000019,0.));
#4128=DIRECTION('',(0.,0.,1.));
#4129=DIRECTION('',(-0.866025403784329,-0.50000000000019,0.));
#4130=DIRECTION('center_axis',(-0.866025403784329,-0.50000000000019,0.));
#4131=DIRECTION('ref_axis',(0.,0.,1.));
#4132=DIRECTION('',(-0.50000000000019,0.866025403784329,0.));
#4133=DIRECTION('',(-0.50000000000019,0.866025403784329,0.));
#4134=DIRECTION('center_axis',(-0.866025403784329,-0.50000000000019,0.));
#4135=DIRECTION('ref_axis',(0.,0.,1.));
#4136=DIRECTION('',(-0.50000000000019,0.866025403784329,0.));
#4137=DIRECTION('',(-0.50000000000019,0.866025403784329,0.));
#4138=DIRECTION('center_axis',(0.,0.,1.));
#4139=DIRECTION('ref_axis',(-0.50000000000019,0.866025403784329,0.));
#4140=DIRECTION('center_axis',(0.,0.,1.));
#4141=DIRECTION('ref_axis',(-0.50000000000019,0.866025403784329,0.));
#4142=DIRECTION('axis',(0.,0.,1.));
#4143=DIRECTION('refdir',(1.,0.,0.));
#4144=DIRECTION('center_axis',(-2.22044604925E-16,1.,0.));
#4145=DIRECTION('ref_axis',(0.,0.,1.));
#4146=DIRECTION('',(0.,0.,1.));
#4147=DIRECTION('',(-1.,-2.22044604925E-16,0.));
#4148=DIRECTION('',(0.,0.,1.));
#4149=DIRECTION('',(-1.,-2.22044604925E-16,0.));
#4150=DIRECTION('center_axis',(-2.22044604925E-16,1.,0.));
#4151=DIRECTION('ref_axis',(0.,0.,1.));
#4152=DIRECTION('',(0.,0.,1.));
#4153=DIRECTION('',(-1.,-2.22044604925E-16,0.));
#4154=DIRECTION('',(0.,0.,1.));
#4155=DIRECTION('',(-1.,-2.22044604925E-16,0.));
#4156=DIRECTION('center_axis',(-1.,-2.22044604925E-16,0.));
#4157=DIRECTION('ref_axis',(0.,0.,1.));
#4158=DIRECTION('',(-2.22044604925E-16,1.,0.));
#4159=DIRECTION('',(-2.22044604925E-16,1.,0.));
#4160=DIRECTION('center_axis',(-1.,-2.22044604925E-16,0.));
#4161=DIRECTION('ref_axis',(0.,0.,1.));
#4162=DIRECTION('',(-2.22044604925E-16,1.,0.));
#4163=DIRECTION('',(-2.22044604925E-16,1.,0.));
#4164=DIRECTION('center_axis',(0.,0.,1.));
#4165=DIRECTION('ref_axis',(-2.22044604925E-16,1.,0.));
#4166=DIRECTION('center_axis',(0.,0.,1.));
#4167=DIRECTION('ref_axis',(-2.22044604925E-16,1.,0.));
#4168=DIRECTION('axis',(0.,0.,1.));
#4169=DIRECTION('refdir',(1.,0.,0.));
#4170=DIRECTION('center_axis',(0.50000000000019,0.866025403784329,0.));
#4171=DIRECTION('ref_axis',(0.,0.,1.));
#4172=DIRECTION('',(0.,0.,1.));
#4173=DIRECTION('',(-0.866025403784329,0.50000000000019,0.));
#4174=DIRECTION('',(0.,0.,1.));
#4175=DIRECTION('',(-0.866025403784329,0.50000000000019,0.));
#4176=DIRECTION('center_axis',(0.50000000000019,0.866025403784329,0.));
#4177=DIRECTION('ref_axis',(0.,0.,1.));
#4178=DIRECTION('',(0.,0.,1.));
#4179=DIRECTION('',(-0.866025403784329,0.50000000000019,0.));
#4180=DIRECTION('',(0.,0.,1.));
#4181=DIRECTION('',(-0.866025403784329,0.50000000000019,0.));
#4182=DIRECTION('center_axis',(-0.866025403784329,0.50000000000019,0.));
#4183=DIRECTION('ref_axis',(0.,0.,1.));
#4184=DIRECTION('',(0.50000000000019,0.866025403784329,0.));
#4185=DIRECTION('',(0.50000000000019,0.866025403784329,0.));
#4186=DIRECTION('center_axis',(-0.866025403784329,0.50000000000019,0.));
#4187=DIRECTION('ref_axis',(0.,0.,1.));
#4188=DIRECTION('',(0.50000000000019,0.866025403784329,0.));
#4189=DIRECTION('',(0.50000000000019,0.866025403784329,0.));
#4190=DIRECTION('center_axis',(0.,0.,1.));
#4191=DIRECTION('ref_axis',(0.50000000000019,0.866025403784329,0.));
#4192=DIRECTION('center_axis',(0.,0.,1.));
#4193=DIRECTION('ref_axis',(0.50000000000019,0.866025403784329,0.));
#4194=DIRECTION('axis',(0.,0.,1.));
#4195=DIRECTION('refdir',(1.,0.,0.));
#4196=DIRECTION('center_axis',(0.866025403784329,0.50000000000019,0.));
#4197=DIRECTION('ref_axis',(0.,0.,1.));
#4198=DIRECTION('',(0.,0.,1.));
#4199=DIRECTION('',(-0.50000000000019,0.866025403784329,0.));
#4200=DIRECTION('',(0.,0.,1.));
#4201=DIRECTION('',(-0.50000000000019,0.866025403784329,0.));
#4202=DIRECTION('center_axis',(0.866025403784329,0.50000000000019,0.));
#4203=DIRECTION('ref_axis',(0.,0.,1.));
#4204=DIRECTION('',(0.,0.,1.));
#4205=DIRECTION('',(-0.50000000000019,0.866025403784329,0.));
#4206=DIRECTION('',(0.,0.,1.));
#4207=DIRECTION('',(-0.50000000000019,0.866025403784329,0.));
#4208=DIRECTION('center_axis',(-0.50000000000019,0.866025403784329,0.));
#4209=DIRECTION('ref_axis',(0.,0.,1.));
#4210=DIRECTION('',(0.866025403784329,0.50000000000019,0.));
#4211=DIRECTION('',(0.866025403784329,0.50000000000019,0.));
#4212=DIRECTION('center_axis',(-0.50000000000019,0.866025403784329,0.));
#4213=DIRECTION('ref_axis',(0.,0.,1.));
#4214=DIRECTION('',(0.866025403784329,0.50000000000019,0.));
#4215=DIRECTION('',(0.866025403784329,0.50000000000019,0.));
#4216=DIRECTION('center_axis',(0.,0.,1.));
#4217=DIRECTION('ref_axis',(0.866025403784329,0.50000000000019,0.));
#4218=DIRECTION('center_axis',(0.,0.,1.));
#4219=DIRECTION('ref_axis',(0.866025403784329,0.50000000000019,0.));
#4220=DIRECTION('axis',(0.,0.,1.));
#4221=DIRECTION('refdir',(1.,0.,0.));
#4222=DIRECTION('center_axis',(1.,0.,0.));
#4223=DIRECTION('ref_axis',(0.,0.,1.));
#4224=DIRECTION('',(0.,0.,1.));
#4225=DIRECTION('',(0.,1.,0.));
#4226=DIRECTION('',(0.,0.,1.));
#4227=DIRECTION('',(0.,1.,0.));
#4228=DIRECTION('center_axis',(1.,0.,0.));
#4229=DIRECTION('ref_axis',(0.,0.,1.));
#4230=DIRECTION('',(0.,0.,1.));
#4231=DIRECTION('',(0.,1.,0.));
#4232=DIRECTION('',(0.,0.,1.));
#4233=DIRECTION('',(0.,1.,0.));
#4234=DIRECTION('center_axis',(0.,1.,0.));
#4235=DIRECTION('ref_axis',(0.,0.,1.));
#4236=DIRECTION('',(1.,0.,0.));
#4237=DIRECTION('',(1.,0.,0.));
#4238=DIRECTION('center_axis',(0.,1.,0.));
#4239=DIRECTION('ref_axis',(0.,0.,1.));
#4240=DIRECTION('',(1.,0.,0.));
#4241=DIRECTION('',(1.,0.,0.));
#4242=DIRECTION('center_axis',(0.,0.,1.));
#4243=DIRECTION('ref_axis',(1.,0.,0.));
#4244=DIRECTION('center_axis',(0.,0.,1.));
#4245=DIRECTION('ref_axis',(1.,0.,0.));
#4246=DIRECTION('axis',(0.,0.,1.));
#4247=DIRECTION('refdir',(1.,0.,0.));
#4248=DIRECTION('center_axis',(0.707106781186548,-0.707106781186548,0.));
#4249=DIRECTION('ref_axis',(0.,0.,1.));
#4250=DIRECTION('',(0.,0.,1.));
#4251=DIRECTION('',(0.707106781186548,0.707106781186548,0.));
#4252=DIRECTION('',(0.,0.,1.));
#4253=DIRECTION('',(0.707106781186548,0.707106781186548,0.));
#4254=DIRECTION('center_axis',(0.707106781186548,-0.707106781186548,0.));
#4255=DIRECTION('ref_axis',(0.,0.,1.));
#4256=DIRECTION('',(0.,0.,1.));
#4257=DIRECTION('',(0.707106781186548,0.707106781186548,0.));
#4258=DIRECTION('',(0.,0.,1.));
#4259=DIRECTION('',(0.707106781186548,0.707106781186548,0.));
#4260=DIRECTION('center_axis',(0.707106781186548,0.707106781186548,0.));
#4261=DIRECTION('ref_axis',(0.,0.,1.));
#4262=DIRECTION('',(0.707106781186548,-0.707106781186548,0.));
#4263=DIRECTION('',(0.707106781186548,-0.707106781186548,0.));
#4264=DIRECTION('center_axis',(0.707106781186548,0.707106781186548,0.));
#4265=DIRECTION('ref_axis',(0.,0.,1.));
#4266=DIRECTION('',(0.707106781186548,-0.707106781186548,0.));
#4267=DIRECTION('',(0.707106781186548,-0.707106781186548,0.));
#4268=DIRECTION('center_axis',(0.,0.,1.));
#4269=DIRECTION('ref_axis',(0.707106781186548,-0.707106781186548,0.));
#4270=DIRECTION('center_axis',(0.,0.,1.));
#4271=DIRECTION('ref_axis',(0.707106781186548,-0.707106781186548,0.));
#4272=DIRECTION('axis',(0.,0.,1.));
#4273=DIRECTION('refdir',(1.,0.,0.));
#4274=DIRECTION('center_axis',(1.110223024625E-16,-1.,0.));
#4275=DIRECTION('ref_axis',(0.,0.,1.));
#4276=DIRECTION('',(0.,0.,1.));
#4277=DIRECTION('',(1.,1.110223024625E-16,0.));
#4278=DIRECTION('',(0.,0.,1.));
#4279=DIRECTION('',(1.,1.110223024625E-16,0.));
#4280=DIRECTION('center_axis',(1.110223024625E-16,-1.,0.));
#4281=DIRECTION('ref_axis',(0.,0.,1.));
#4282=DIRECTION('',(0.,0.,1.));
#4283=DIRECTION('',(1.,1.110223024625E-16,0.));
#4284=DIRECTION('',(0.,0.,1.));
#4285=DIRECTION('',(1.,1.110223024625E-16,0.));
#4286=DIRECTION('center_axis',(1.,1.110223024625E-16,0.));
#4287=DIRECTION('ref_axis',(0.,0.,1.));
#4288=DIRECTION('',(1.110223024625E-16,-1.,0.));
#4289=DIRECTION('',(1.110223024625E-16,-1.,0.));
#4290=DIRECTION('center_axis',(1.,1.110223024625E-16,0.));
#4291=DIRECTION('ref_axis',(0.,0.,1.));
#4292=DIRECTION('',(1.110223024625E-16,-1.,0.));
#4293=DIRECTION('',(1.110223024625E-16,-1.,0.));
#4294=DIRECTION('center_axis',(0.,0.,1.));
#4295=DIRECTION('ref_axis',(1.110223024625E-16,-1.,0.));
#4296=DIRECTION('center_axis',(0.,0.,1.));
#4297=DIRECTION('ref_axis',(1.110223024625E-16,-1.,0.));
#4298=DIRECTION('axis',(0.,0.,1.));
#4299=DIRECTION('refdir',(1.,0.,0.));
#4300=DIRECTION('center_axis',(-0.707106781186548,-0.707106781186548,0.));
#4301=DIRECTION('ref_axis',(0.,0.,1.));
#4302=DIRECTION('',(0.,0.,1.));
#4303=DIRECTION('',(0.707106781186548,-0.707106781186548,0.));
#4304=DIRECTION('',(0.,0.,1.));
#4305=DIRECTION('',(0.707106781186548,-0.707106781186548,0.));
#4306=DIRECTION('center_axis',(-0.707106781186548,-0.707106781186548,0.));
#4307=DIRECTION('ref_axis',(0.,0.,1.));
#4308=DIRECTION('',(0.,0.,1.));
#4309=DIRECTION('',(0.707106781186548,-0.707106781186548,0.));
#4310=DIRECTION('',(0.,0.,1.));
#4311=DIRECTION('',(0.707106781186548,-0.707106781186548,0.));
#4312=DIRECTION('center_axis',(0.707106781186548,-0.707106781186548,0.));
#4313=DIRECTION('ref_axis',(0.,0.,1.));
#4314=DIRECTION('',(-0.707106781186548,-0.707106781186548,0.));
#4315=DIRECTION('',(-0.707106781186548,-0.707106781186548,0.));
#4316=DIRECTION('center_axis',(0.707106781186548,-0.707106781186548,0.));
#4317=DIRECTION('ref_axis',(0.,0.,1.));
#4318=DIRECTION('',(-0.707106781186548,-0.707106781186548,0.));
#4319=DIRECTION('',(-0.707106781186548,-0.707106781186548,0.));
#4320=DIRECTION('center_axis',(0.,0.,1.));
#4321=DIRECTION('ref_axis',(-0.707106781186548,-0.707106781186548,0.));
#4322=DIRECTION('center_axis',(0.,0.,1.));
#4323=DIRECTION('ref_axis',(-0.707106781186548,-0.707106781186548,0.));
#4324=DIRECTION('axis',(0.,0.,1.));
#4325=DIRECTION('refdir',(1.,0.,0.));
#4326=DIRECTION('center_axis',(-1.,-1.224646799147E-16,0.));
#4327=DIRECTION('ref_axis',(0.,0.,1.));
#4328=DIRECTION('',(0.,0.,1.));
#4329=DIRECTION('',(1.224646799147E-16,-1.,0.));
#4330=DIRECTION('',(0.,0.,1.));
#4331=DIRECTION('',(1.224646799147E-16,-1.,0.));
#4332=DIRECTION('center_axis',(-1.,-1.224646799147E-16,0.));
#4333=DIRECTION('ref_axis',(0.,0.,1.));
#4334=DIRECTION('',(0.,0.,1.));
#4335=DIRECTION('',(1.224646799147E-16,-1.,0.));
#4336=DIRECTION('',(0.,0.,1.));
#4337=DIRECTION('',(1.224646799147E-16,-1.,0.));
#4338=DIRECTION('center_axis',(1.224646799147E-16,-1.,0.));
#4339=DIRECTION('ref_axis',(0.,0.,1.));
#4340=DIRECTION('',(-1.,-1.224646799147E-16,0.));
#4341=DIRECTION('',(-1.,-1.224646799147E-16,0.));
#4342=DIRECTION('center_axis',(1.224646799147E-16,-1.,0.));
#4343=DIRECTION('ref_axis',(0.,0.,1.));
#4344=DIRECTION('',(-1.,-1.224646799147E-16,0.));
#4345=DIRECTION('',(-1.,-1.224646799147E-16,0.));
#4346=DIRECTION('center_axis',(0.,0.,1.));
#4347=DIRECTION('ref_axis',(-1.,-1.224646799147E-16,0.));
#4348=DIRECTION('center_axis',(0.,0.,1.));
#4349=DIRECTION('ref_axis',(-1.,-1.224646799147E-16,0.));
#4350=DIRECTION('axis',(0.,0.,1.));
#4351=DIRECTION('refdir',(1.,0.,0.));
#4352=DIRECTION('center_axis',(-0.707106781186548,0.707106781186548,0.));
#4353=DIRECTION('ref_axis',(0.,0.,1.));
#4354=DIRECTION('',(0.,0.,1.));
#4355=DIRECTION('',(-0.707106781186548,-0.707106781186548,0.));
#4356=DIRECTION('',(0.,0.,1.));
#4357=DIRECTION('',(-0.707106781186548,-0.707106781186548,0.));
#4358=DIRECTION('center_axis',(-0.707106781186548,0.707106781186548,0.));
#4359=DIRECTION('ref_axis',(0.,0.,1.));
#4360=DIRECTION('',(0.,0.,1.));
#4361=DIRECTION('',(-0.707106781186548,-0.707106781186548,0.));
#4362=DIRECTION('',(0.,0.,1.));
#4363=DIRECTION('',(-0.707106781186548,-0.707106781186548,0.));
#4364=DIRECTION('center_axis',(-0.707106781186548,-0.707106781186548,0.));
#4365=DIRECTION('ref_axis',(0.,0.,1.));
#4366=DIRECTION('',(-0.707106781186548,0.707106781186548,0.));
#4367=DIRECTION('',(-0.707106781186548,0.707106781186548,0.));
#4368=DIRECTION('center_axis',(-0.707106781186548,-0.707106781186548,0.));
#4369=DIRECTION('ref_axis',(0.,0.,1.));
#4370=DIRECTION('',(-0.707106781186548,0.707106781186548,0.));
#4371=DIRECTION('',(-0.707106781186548,0.707106781186548,0.));
#4372=DIRECTION('center_axis',(0.,0.,1.));
#4373=DIRECTION('ref_axis',(-0.707106781186548,0.707106781186548,0.));
#4374=DIRECTION('center_axis',(0.,0.,1.));
#4375=DIRECTION('ref_axis',(-0.707106781186548,0.707106781186548,0.));
#4376=DIRECTION('axis',(0.,0.,1.));
#4377=DIRECTION('refdir',(1.,0.,0.));
#4378=DIRECTION('center_axis',(-2.22044604925E-16,1.,0.));
#4379=DIRECTION('ref_axis',(0.,0.,1.));
#4380=DIRECTION('',(0.,0.,1.));
#4381=DIRECTION('',(-1.,-2.22044604925E-16,0.));
#4382=DIRECTION('',(0.,0.,1.));
#4383=DIRECTION('',(-1.,-2.22044604925E-16,0.));
#4384=DIRECTION('center_axis',(-2.22044604925E-16,1.,0.));
#4385=DIRECTION('ref_axis',(0.,0.,1.));
#4386=DIRECTION('',(0.,0.,1.));
#4387=DIRECTION('',(-1.,-2.22044604925E-16,0.));
#4388=DIRECTION('',(0.,0.,1.));
#4389=DIRECTION('',(-1.,-2.22044604925E-16,0.));
#4390=DIRECTION('center_axis',(-1.,-2.22044604925E-16,0.));
#4391=DIRECTION('ref_axis',(0.,0.,1.));
#4392=DIRECTION('',(-2.22044604925E-16,1.,0.));
#4393=DIRECTION('',(-2.22044604925E-16,1.,0.));
#4394=DIRECTION('center_axis',(-1.,-2.22044604925E-16,0.));
#4395=DIRECTION('ref_axis',(0.,0.,1.));
#4396=DIRECTION('',(-2.22044604925E-16,1.,0.));
#4397=DIRECTION('',(-2.22044604925E-16,1.,0.));
#4398=DIRECTION('center_axis',(0.,0.,1.));
#4399=DIRECTION('ref_axis',(-2.22044604925E-16,1.,0.));
#4400=DIRECTION('center_axis',(0.,0.,1.));
#4401=DIRECTION('ref_axis',(-2.22044604925E-16,1.,0.));
#4402=DIRECTION('axis',(0.,0.,1.));
#4403=DIRECTION('refdir',(1.,0.,0.));
#4404=DIRECTION('center_axis',(0.707106781186548,0.707106781186548,0.));
#4405=DIRECTION('ref_axis',(0.,0.,1.));
#4406=DIRECTION('',(0.,0.,1.));
#4407=DIRECTION('',(-0.707106781186548,0.707106781186548,0.));
#4408=DIRECTION('',(0.,0.,1.));
#4409=DIRECTION('',(-0.707106781186548,0.707106781186548,0.));
#4410=DIRECTION('center_axis',(0.707106781186548,0.707106781186548,0.));
#4411=DIRECTION('ref_axis',(0.,0.,1.));
#4412=DIRECTION('',(0.,0.,1.));
#4413=DIRECTION('',(-0.707106781186548,0.707106781186548,0.));
#4414=DIRECTION('',(0.,0.,1.));
#4415=DIRECTION('',(-0.707106781186548,0.707106781186548,0.));
#4416=DIRECTION('center_axis',(-0.707106781186548,0.707106781186548,0.));
#4417=DIRECTION('ref_axis',(0.,0.,1.));
#4418=DIRECTION('',(0.707106781186548,0.707106781186548,0.));
#4419=DIRECTION('',(0.707106781186548,0.707106781186548,0.));
#4420=DIRECTION('center_axis',(-0.707106781186548,0.707106781186548,0.));
#4421=DIRECTION('ref_axis',(0.,0.,1.));
#4422=DIRECTION('',(0.707106781186548,0.707106781186548,0.));
#4423=DIRECTION('',(0.707106781186548,0.707106781186548,0.));
#4424=DIRECTION('center_axis',(0.,0.,1.));
#4425=DIRECTION('ref_axis',(0.707106781186548,0.707106781186548,0.));
#4426=DIRECTION('center_axis',(0.,0.,1.));
#4427=DIRECTION('ref_axis',(0.707106781186548,0.707106781186548,0.));
#4428=DIRECTION('axis',(0.,0.,1.));
#4429=DIRECTION('refdir',(1.,0.,0.));
#4430=DIRECTION('center_axis',(0.,0.,-1.));
#4431=DIRECTION('ref_axis',(1.,0.,0.));
#4432=DIRECTION('center_axis',(0.,0.,1.));
#4433=DIRECTION('ref_axis',(1.,0.,0.));
#4434=DIRECTION('',(0.,0.,1.));
#4435=DIRECTION('center_axis',(0.,0.,1.));
#4436=DIRECTION('ref_axis',(1.,0.,0.));
#4437=DIRECTION('center_axis',(0.,0.,-1.));
#4438=DIRECTION('ref_axis',(1.,0.,0.));
#4439=DIRECTION('center_axis',(0.,0.,1.));
#4440=DIRECTION('ref_axis',(1.,0.,0.));
#4441=DIRECTION('',(0.,0.,-1.));
#4442=DIRECTION('center_axis',(0.,0.,1.));
#4443=DIRECTION('ref_axis',(1.,0.,0.));
#4444=DIRECTION('center_axis',(0.,0.,1.));
#4445=DIRECTION('ref_axis',(1.,0.,0.));
#4446=DIRECTION('center_axis',(0.,0.,1.));
#4447=DIRECTION('ref_axis',(1.,0.,0.));
#4448=DIRECTION('axis',(0.,0.,1.));
#4449=DIRECTION('refdir',(1.,0.,0.));
#4450=DIRECTION('center_axis',(0.,0.,-1.));
#4451=DIRECTION('ref_axis',(1.,0.,0.));
#4452=DIRECTION('center_axis',(0.,0.,1.));
#4453=DIRECTION('ref_axis',(1.,0.,0.));
#4454=DIRECTION('',(0.,0.,1.));
#4455=DIRECTION('center_axis',(0.,0.,1.));
#4456=DIRECTION('ref_axis',(1.,0.,0.));
#4457=DIRECTION('center_axis',(0.,0.,1.));
#4458=DIRECTION('ref_axis',(1.,0.,0.));
#4459=DIRECTION('center_axis',(0.,0.,1.));
#4460=DIRECTION('ref_axis',(1.,0.,0.));
#4461=DIRECTION('axis',(0.,0.,1.));
#4462=DIRECTION('refdir',(1.,0.,0.));
#4463=DIRECTION('center_axis',(0.,0.,-1.));
#4464=DIRECTION('ref_axis',(1.,0.,0.));
#4465=DIRECTION('center_axis',(0.,0.,1.));
#4466=DIRECTION('ref_axis',(1.,0.,0.));
#4467=DIRECTION('',(0.,0.,1.));
#4468=DIRECTION('center_axis',(0.,0.,1.));
#4469=DIRECTION('ref_axis',(1.,0.,0.));
#4470=DIRECTION('center_axis',(0.,0.,1.));
#4471=DIRECTION('ref_axis',(1.,0.,0.));
#4472=DIRECTION('center_axis',(0.,0.,1.));
#4473=DIRECTION('ref_axis',(1.,0.,0.));
#4474=DIRECTION('axis',(0.,0.,1.));
#4475=DIRECTION('refdir',(1.,0.,0.));
#4476=DIRECTION('center_axis',(0.,0.,-1.));
#4477=DIRECTION('ref_axis',(1.,0.,0.));
#4478=DIRECTION('center_axis',(0.,0.,1.));
#4479=DIRECTION('ref_axis',(1.,0.,0.));
#4480=DIRECTION('',(0.,0.,1.));
#4481=DIRECTION('center_axis',(0.,0.,1.));
#4482=DIRECTION('ref_axis',(1.,0.,0.));
#4483=DIRECTION('center_axis',(0.,0.,-1.));
#4484=DIRECTION('ref_axis',(1.,0.,0.));
#4485=DIRECTION('center_axis',(0.,0.,1.));
#4486=DIRECTION('ref_axis',(1.,0.,0.));
#4487=DIRECTION('',(0.,0.,-1.));
#4488=DIRECTION('center_axis',(0.,0.,1.));
#4489=DIRECTION('ref_axis',(1.,0.,0.));
#4490=DIRECTION('center_axis',(0.,0.,1.));
#4491=DIRECTION('ref_axis',(1.,0.,0.));
#4492=DIRECTION('center_axis',(0.,0.,1.));
#4493=DIRECTION('ref_axis',(1.,0.,0.));
#4494=DIRECTION('axis',(0.,0.,1.));
#4495=DIRECTION('refdir',(1.,0.,0.));
#4496=DIRECTION('center_axis',(0.,1.,-1.110223024625E-16));
#4497=DIRECTION('ref_axis',(1.,0.,0.));
#4498=DIRECTION('center_axis',(0.,-1.,1.110223024625E-16));
#4499=DIRECTION('ref_axis',(1.,0.,0.));
#4500=DIRECTION('',(0.,-1.,1.110223024625E-16));
#4501=DIRECTION('center_axis',(0.,-1.,1.110223024625E-16));
#4502=DIRECTION('ref_axis',(1.,0.,0.));
#4503=DIRECTION('center_axis',(0.,-1.,1.110223024625E-16));
#4504=DIRECTION('ref_axis',(1.,0.,0.));
#4505=DIRECTION('center_axis',(0.,-1.,1.110223024625E-16));
#4506=DIRECTION('ref_axis',(1.,0.,0.));
#4507=DIRECTION('axis',(0.,0.,1.));
#4508=DIRECTION('refdir',(1.,0.,0.));
#4509=DIRECTION('center_axis',(0.,0.,1.));
#4510=DIRECTION('ref_axis',(1.,0.,0.));
#4511=DIRECTION('center_axis',(0.,0.,1.));
#4512=DIRECTION('ref_axis',(1.,0.,0.));
#4513=DIRECTION('center_axis',(0.,0.,1.));
#4514=DIRECTION('ref_axis',(1.,0.,0.));
#4515=DIRECTION('center_axis',(0.,0.,1.));
#4516=DIRECTION('ref_axis',(1.,0.,0.));
#4517=DIRECTION('center_axis',(0.,0.,1.));
#4518=DIRECTION('ref_axis',(1.,0.,0.));
#4519=DIRECTION('',(0.184288535050485,2.25688364569132E-17,-0.982872186934266));
#4520=DIRECTION('center_axis',(0.,0.,1.));
#4521=DIRECTION('ref_axis',(1.,0.,0.));
#4522=DIRECTION('center_axis',(0.,0.,1.));
#4523=DIRECTION('ref_axis',(1.,0.,0.));
#4524=DIRECTION('',(0.173785333908812,2.1282565291018E-17,-0.984783558817978));
#4525=DIRECTION('center_axis',(0.,0.,1.));
#4526=DIRECTION('ref_axis',(1.,0.,0.));
#4527=DIRECTION('center_axis',(0.,0.,1.));
#4528=DIRECTION('ref_axis',(1.,0.,0.));
#4529=DIRECTION('',(0.0830454798537387,1.01701381086537E-17,-0.99654575824488));
#4530=DIRECTION('center_axis',(0.,0.,1.));
#4531=DIRECTION('ref_axis',(1.,0.,0.));
#4532=DIRECTION('center_axis',(0.,0.,1.));
#4533=DIRECTION('ref_axis',(1.,0.,0.));
#4534=DIRECTION('',(0.0333148302326413,4.07989002085416E-18,-0.999444906979154));
#4535=DIRECTION('center_axis',(0.,0.,1.));
#4536=DIRECTION('ref_axis',(1.,0.,0.));
#4537=DIRECTION('center_axis',(0.,0.,1.));
#4538=DIRECTION('ref_axis',(1.,0.,0.));
#4539=DIRECTION('',(0.0062498779332637,7.65389300603306E-19,-0.999980469322186));
#4540=DIRECTION('center_axis',(0.,0.,1.));
#4541=DIRECTION('ref_axis',(1.,0.,0.));
#4542=DIRECTION('center_axis',(0.,0.,1.));
#4543=DIRECTION('ref_axis',(1.,0.,0.));
#4544=DIRECTION('',(0.,0.,-1.));
#4545=DIRECTION('center_axis',(0.,0.,-1.));
#4546=DIRECTION('ref_axis',(1.,0.,0.));
#4547=DIRECTION('',(0.0133321483061538,-1.6327172748889E-18,0.999911122961207));
#4548=DIRECTION('center_axis',(0.,0.,1.));
#4549=DIRECTION('ref_axis',(1.,0.,0.));
#4550=DIRECTION('center_axis',(0.,0.,-1.));
#4551=DIRECTION('ref_axis',(1.,0.,0.));
#4552=DIRECTION('',(0.0554700196225261,-6.79311819793674E-18,0.998460353205412));
#4553=DIRECTION('center_axis',(0.,0.,1.));
#4554=DIRECTION('ref_axis',(1.,0.,0.));
#4555=DIRECTION('center_axis',(0.,0.,-1.));
#4556=DIRECTION('ref_axis',(1.,0.,0.));
#4557=DIRECTION('',(0.115880699560188,-1.4191292779934E-17,0.993263139087242));
#4558=DIRECTION('center_axis',(0.,0.,1.));
#4559=DIRECTION('ref_axis',(1.,0.,0.));
#4560=DIRECTION('center_axis',(0.,0.,-1.));
#4561=DIRECTION('ref_axis',(1.,0.,0.));
#4562=DIRECTION('',(0.0995037190209969,-1.21856911002321E-17,0.995037190209989));
#4563=DIRECTION('center_axis',(0.,0.,1.));
#4564=DIRECTION('ref_axis',(1.,0.,0.));
#4565=DIRECTION('center_axis',(0.,0.,1.));
#4566=DIRECTION('ref_axis',(1.,0.,0.));
#4567=DIRECTION('center_axis',(0.,0.,1.));
#4568=DIRECTION('ref_axis',(1.,0.,0.));
#4569=DIRECTION('',(0.,0.,-1.));
#4570=DIRECTION('center_axis',(0.,0.,1.));
#4571=DIRECTION('ref_axis',(1.,0.,0.));
#4572=DIRECTION('center_axis',(0.,0.,1.));
#4573=DIRECTION('ref_axis',(1.,0.,0.));
#4574=DIRECTION('center_axis',(0.,0.,-1.));
#4575=DIRECTION('ref_axis',(1.,0.,0.));
#4576=DIRECTION('',(0.,0.,-1.));
#4577=DIRECTION('axis',(0.,0.,1.));
#4578=DIRECTION('refdir',(1.,0.,0.));
#4579=DIRECTION('center_axis',(0.,0.,1.));
#4580=DIRECTION('ref_axis',(1.,0.,0.));
#4581=DIRECTION('center_axis',(1.22464679914735E-16,-1.,0.));
#4582=DIRECTION('ref_axis',(-1.,-1.22464679914735E-16,0.));
#4583=DIRECTION('center_axis',(0.,0.,-1.));
#4584=DIRECTION('ref_axis',(1.,0.,0.));
#4585=DIRECTION('axis',(0.,0.,1.));
#4586=DIRECTION('refdir',(1.,0.,0.));
#4587=DIRECTION('center_axis',(0.,0.,1.));
#4588=DIRECTION('ref_axis',(1.,0.,0.));
#4589=DIRECTION('center_axis',(1.22464679914735E-16,-1.,0.));
#4590=DIRECTION('ref_axis',(-1.,-1.22464679914735E-16,0.));
#4591=DIRECTION('center_axis',(0.,0.,-1.));
#4592=DIRECTION('ref_axis',(1.,0.,0.));
#4593=DIRECTION('axis',(0.,0.,1.));
#4594=DIRECTION('refdir',(1.,0.,0.));
#4595=DIRECTION('center_axis',(0.,0.,1.));
#4596=DIRECTION('ref_axis',(1.,0.,0.));
#4597=DIRECTION('center_axis',(0.,0.,1.));
#4598=DIRECTION('ref_axis',(1.,0.,0.));
#4599=DIRECTION('center_axis',(-0.707106781186548,0.,0.707106781186548));
#4600=DIRECTION('ref_axis',(0.707106781186548,0.,0.707106781186548));
#4601=DIRECTION('',(0.,0.,-1.));
#4602=DIRECTION('center_axis',(0.707106781186548,0.,0.707106781186548));
#4603=DIRECTION('ref_axis',(-0.707106781186548,0.,0.707106781186548));
#4604=DIRECTION('center_axis',(0.,0.,1.));
#4605=DIRECTION('ref_axis',(1.,0.,0.));
#4606=DIRECTION('center_axis',(0.707106781186548,0.,0.707106781186548));
#4607=DIRECTION('ref_axis',(-0.707106781186548,0.,0.707106781186548));
#4608=DIRECTION('center_axis',(-0.707106781186548,0.,0.707106781186548));
#4609=DIRECTION('ref_axis',(0.707106781186548,0.,0.707106781186548));
#4610=DIRECTION('center_axis',(0.,0.,1.));
#4611=DIRECTION('ref_axis',(1.,0.,0.));
#4612=DIRECTION('',(0.,1.,0.));
#4613=DIRECTION('center_axis',(1.,0.,0.));
#4614=DIRECTION('ref_axis',(0.,0.,1.));
#4615=DIRECTION('center_axis',(1.,0.,0.));
#4616=DIRECTION('ref_axis',(0.,0.,1.));
#4617=DIRECTION('',(-1.,0.,0.));
#4618=DIRECTION('center_axis',(1.,0.,0.));
#4619=DIRECTION('ref_axis',(0.,0.,1.));
#4620=DIRECTION('center_axis',(0.,0.,1.));
#4621=DIRECTION('ref_axis',(1.,0.,0.));
#4622=DIRECTION('',(0.,1.,0.));
#4623=DIRECTION('center_axis',(1.,0.,0.));
#4624=DIRECTION('ref_axis',(0.,0.,1.));
#4625=DIRECTION('center_axis',(1.,0.,0.));
#4626=DIRECTION('ref_axis',(0.,0.,1.));
#4627=DIRECTION('',(-1.,0.,0.));
#4628=DIRECTION('center_axis',(1.,0.,0.));
#4629=DIRECTION('ref_axis',(0.,0.,1.));
#4630=DIRECTION('center_axis',(1.,0.,0.));
#4631=DIRECTION('ref_axis',(0.,0.,1.));
#4632=DIRECTION('center_axis',(1.,0.,0.));
#4633=DIRECTION('ref_axis',(0.,0.,1.));
#4634=DIRECTION('center_axis',(1.,0.,0.));
#4635=DIRECTION('ref_axis',(0.,0.,1.));
#4636=DIRECTION('center_axis',(1.,0.,0.));
#4637=DIRECTION('ref_axis',(0.,0.,1.));
#4638=DIRECTION('center_axis',(1.,0.,0.));
#4639=DIRECTION('ref_axis',(0.,0.,1.));
#4640=DIRECTION('center_axis',(1.,0.,0.));
#4641=DIRECTION('ref_axis',(0.,0.,1.));
#4642=DIRECTION('center_axis',(1.,0.,0.));
#4643=DIRECTION('ref_axis',(0.,0.,1.));
#4644=DIRECTION('center_axis',(1.,0.,0.));
#4645=DIRECTION('ref_axis',(0.,0.,1.));
#4646=DIRECTION('',(-1.,0.,0.));
#4647=DIRECTION('center_axis',(1.,0.,0.));
#4648=DIRECTION('ref_axis',(0.,0.,1.));
#4649=DIRECTION('center_axis',(1.,0.,0.));
#4650=DIRECTION('ref_axis',(0.,0.,1.));
#4651=DIRECTION('',(-1.,0.,0.));
#4652=DIRECTION('center_axis',(1.,0.,0.));
#4653=DIRECTION('ref_axis',(0.,0.,1.));
#4654=DIRECTION('center_axis',(1.,0.,0.));
#4655=DIRECTION('ref_axis',(0.,0.,1.));
#4656=DIRECTION('center_axis',(1.,0.,0.));
#4657=DIRECTION('ref_axis',(0.,0.,1.));
#4658=DIRECTION('axis',(0.,0.,1.));
#4659=DIRECTION('refdir',(1.,0.,0.));
#4660=DIRECTION('center_axis',(0.,0.,1.));
#4661=DIRECTION('ref_axis',(1.,0.,0.));
#4662=DIRECTION('center_axis',(0.707106781186548,0.,0.707106781186548));
#4663=DIRECTION('ref_axis',(-0.707106781186548,0.,0.707106781186548));
#4664=DIRECTION('center_axis',(0.,0.,1.));
#4665=DIRECTION('ref_axis',(1.,0.,0.));
#4666=DIRECTION('',(0.,0.,-1.));
#4667=DIRECTION('center_axis',(0.,0.,1.));
#4668=DIRECTION('ref_axis',(1.,0.,0.));
#4669=DIRECTION('center_axis',(-0.707106781186548,0.,0.707106781186548));
#4670=DIRECTION('ref_axis',(0.707106781186548,0.,0.707106781186548));
#4671=DIRECTION('center_axis',(0.,0.,1.));
#4672=DIRECTION('ref_axis',(1.,0.,0.));
#4673=DIRECTION('center_axis',(0.,0.,1.));
#4674=DIRECTION('ref_axis',(1.,0.,0.));
#4675=DIRECTION('center_axis',(0.707106781186548,0.,0.707106781186548));
#4676=DIRECTION('ref_axis',(-0.707106781186548,0.,0.707106781186548));
#4677=DIRECTION('center_axis',(0.,0.,1.));
#4678=DIRECTION('ref_axis',(1.,0.,0.));
#4679=DIRECTION('',(0.,1.,0.));
#4680=DIRECTION('center_axis',(1.,0.,0.));
#4681=DIRECTION('ref_axis',(0.,0.,1.));
#4682=DIRECTION('center_axis',(1.,0.,0.));
#4683=DIRECTION('ref_axis',(0.,0.,1.));
#4684=DIRECTION('',(-1.,0.,0.));
#4685=DIRECTION('center_axis',(1.,0.,0.));
#4686=DIRECTION('ref_axis',(0.,0.,1.));
#4687=DIRECTION('center_axis',(1.,0.,0.));
#4688=DIRECTION('ref_axis',(0.,0.,1.));
#4689=DIRECTION('center_axis',(1.,0.,0.));
#4690=DIRECTION('ref_axis',(0.,0.,1.));
#4691=DIRECTION('',(-1.,0.,0.));
#4692=DIRECTION('center_axis',(1.,0.,0.));
#4693=DIRECTION('ref_axis',(0.,0.,1.));
#4694=DIRECTION('center_axis',(1.,0.,0.));
#4695=DIRECTION('ref_axis',(0.,0.,1.));
#4696=DIRECTION('center_axis',(0.,0.,1.));
#4697=DIRECTION('ref_axis',(1.,0.,0.));
#4698=DIRECTION('',(0.,1.,0.));
#4699=DIRECTION('center_axis',(1.,0.,0.));
#4700=DIRECTION('ref_axis',(0.,0.,1.));
#4701=DIRECTION('center_axis',(-1.,0.,0.));
#4702=DIRECTION('ref_axis',(0.,0.,-1.));
#4703=DIRECTION('center_axis',(-1.,0.,0.));
#4704=DIRECTION('ref_axis',(0.,0.,-1.));
#4705=DIRECTION('center_axis',(1.,0.,0.));
#4706=DIRECTION('ref_axis',(0.,0.,1.));
#4707=DIRECTION('center_axis',(-1.,0.,0.));
#4708=DIRECTION('ref_axis',(0.,0.,-1.));
#4709=DIRECTION('center_axis',(-1.,0.,0.));
#4710=DIRECTION('ref_axis',(0.,0.,-1.));
#4711=DIRECTION('center_axis',(-1.,0.,0.));
#4712=DIRECTION('ref_axis',(0.,0.,-1.));
#4713=DIRECTION('',(1.,0.,0.));
#4714=DIRECTION('center_axis',(-1.,0.,0.));
#4715=DIRECTION('ref_axis',(0.,0.,-1.));
#4716=DIRECTION('center_axis',(-1.,0.,0.));
#4717=DIRECTION('ref_axis',(0.,0.,-1.));
#4718=DIRECTION('',(1.,0.,0.));
#4719=DIRECTION('center_axis',(-1.,0.,0.));
#4720=DIRECTION('ref_axis',(0.,0.,-1.));
#4721=DIRECTION('center_axis',(-1.,0.,0.));
#4722=DIRECTION('ref_axis',(0.,0.,-1.));
#4723=DIRECTION('center_axis',(-1.,0.,0.));
#4724=DIRECTION('ref_axis',(0.,0.,-1.));
#4725=DIRECTION('',(0.,0.,1.));
#4726=DIRECTION('',(1.,0.,0.));
#4727=DIRECTION('',(0.,0.,1.));
#4728=DIRECTION('',(1.,0.,0.));
#4729=DIRECTION('',(0.,0.,1.));
#4730=DIRECTION('',(1.,0.,0.));
#4731=DIRECTION('',(0.,0.,1.));
#4732=DIRECTION('',(1.,0.,0.));
#4733=DIRECTION('',(0.,0.,1.));
#4734=DIRECTION('',(1.,0.,0.));
#4735=DIRECTION('',(0.,0.,1.));
#4736=DIRECTION('',(1.,0.,0.));
#4737=DIRECTION('',(0.,0.,1.));
#4738=DIRECTION('',(1.,0.,0.));
#4739=DIRECTION('',(0.,0.,1.));
#4740=DIRECTION('',(1.,0.,0.));
#4741=DIRECTION('',(0.,0.,1.));
#4742=DIRECTION('',(1.,0.,0.));
#4743=DIRECTION('',(0.,0.,1.));
#4744=DIRECTION('',(1.,0.,0.));
#4745=DIRECTION('',(0.,0.,1.));
#4746=DIRECTION('',(1.,0.,0.));
#4747=DIRECTION('',(0.,0.,1.));
#4748=DIRECTION('',(1.,0.,0.));
#4749=DIRECTION('',(0.,0.,1.));
#4750=DIRECTION('',(1.,0.,0.));
#4751=DIRECTION('',(0.,0.,1.));
#4752=DIRECTION('',(1.,0.,0.));
#4753=DIRECTION('',(0.,0.,1.));
#4754=DIRECTION('',(1.,0.,0.));
#4755=DIRECTION('',(0.,0.,1.));
#4756=DIRECTION('',(1.,0.,0.));
#4757=DIRECTION('',(0.,0.,1.));
#4758=DIRECTION('',(1.,0.,0.));
#4759=DIRECTION('',(0.,0.,1.));
#4760=DIRECTION('',(1.,0.,0.));
#4761=DIRECTION('',(0.,0.,1.));
#4762=DIRECTION('',(1.,0.,0.));
#4763=DIRECTION('',(0.,0.,1.));
#4764=DIRECTION('',(1.,0.,0.));
#4765=DIRECTION('',(0.,0.,1.));
#4766=DIRECTION('',(1.,0.,0.));
#4767=DIRECTION('',(0.,0.,1.));
#4768=DIRECTION('',(1.,0.,0.));
#4769=DIRECTION('',(0.,0.,1.));
#4770=DIRECTION('',(1.,0.,0.));
#4771=DIRECTION('',(0.,0.,1.));
#4772=DIRECTION('',(1.,0.,0.));
#4773=DIRECTION('',(0.,0.,1.));
#4774=DIRECTION('',(1.,0.,0.));
#4775=DIRECTION('',(0.,0.,1.));
#4776=DIRECTION('',(1.,0.,0.));
#4777=DIRECTION('',(0.,0.,1.));
#4778=DIRECTION('',(1.,0.,0.));
#4779=DIRECTION('',(0.,0.,1.));
#4780=DIRECTION('',(1.,0.,0.));
#4781=DIRECTION('',(0.,0.,1.));
#4782=DIRECTION('',(1.,0.,0.));
#4783=DIRECTION('',(0.,0.,1.));
#4784=DIRECTION('',(1.,0.,0.));
#4785=DIRECTION('',(0.,0.,1.));
#4786=DIRECTION('',(1.,0.,0.));
#4787=DIRECTION('',(0.,0.,1.));
#4788=DIRECTION('',(1.,0.,0.));
#4789=DIRECTION('',(0.,0.,1.));
#4790=DIRECTION('',(1.,0.,0.));
#4791=DIRECTION('',(0.,0.,1.));
#4792=DIRECTION('',(1.,0.,0.));
#4793=DIRECTION('',(0.,0.,1.));
#4794=DIRECTION('',(1.,0.,0.));
#4795=CARTESIAN_POINT('',(0.,0.,0.));
#4796=CARTESIAN_POINT('',(0.,0.,0.));
#4797=CARTESIAN_POINT('Origin',(0.,0.,0.));
#4798=CARTESIAN_POINT('',(-166.5,2.03903692058E-14,0.));
#4799=CARTESIAN_POINT('Origin',(0.,0.,0.));
#4800=CARTESIAN_POINT('',(-166.5,2.03903692058E-14,560.));
#4801=CARTESIAN_POINT('',(-166.5,2.03903692058034E-14,0.));
#4802=CARTESIAN_POINT('Origin',(0.,0.,560.));
#4803=CARTESIAN_POINT('Origin',(7.811275817029E-13,-4.096822980959E-15,
0.));
#4804=CARTESIAN_POINT('',(-165.9999999999,1.623231388489E-14,560.));
#4805=CARTESIAN_POINT('Origin',(7.811275817029E-13,-4.096822980959E-15,
560.));
#4806=CARTESIAN_POINT('',(-165.9999999999,1.623231388489E-14,0.));
#4807=CARTESIAN_POINT('',(-165.999999999999,1.62323138848871E-14,0.));
#4808=CARTESIAN_POINT('Origin',(7.811275817029E-13,-4.096822980959E-15,
0.));
#4809=CARTESIAN_POINT('Origin',(-8.409962136459E-15,1.002313453765E-14,
0.));
#4810=CARTESIAN_POINT('Origin',(-8.409962136459E-15,1.002313453765E-14,
560.));
#4811=CARTESIAN_POINT('',(0.,0.,0.));
#4812=CARTESIAN_POINT('Origin',(0.,0.,0.));
#4813=CARTESIAN_POINT('',(-201.5,2.467663300282E-14,0.));
#4814=CARTESIAN_POINT('Origin',(0.,0.,0.));
#4815=CARTESIAN_POINT('',(-201.5,2.467663300282E-14,560.));
#4816=CARTESIAN_POINT('',(-201.5,2.46766330028192E-14,0.));
#4817=CARTESIAN_POINT('Origin',(0.,0.,560.));
#4818=CARTESIAN_POINT('Origin',(9.478604832373E-13,-9.027242697498E-15,
0.));
#4819=CARTESIAN_POINT('',(-166.4999999999,1.136312650831E-14,560.));
#4820=CARTESIAN_POINT('Origin',(9.478604832373E-13,-9.027242697498E-15,
560.));
#4821=CARTESIAN_POINT('',(-166.4999999999,1.136312650831E-14,0.));
#4822=CARTESIAN_POINT('',(-166.499999999999,1.13631265083054E-14,0.));
#4823=CARTESIAN_POINT('Origin',(9.478604832373E-13,-9.027242697498E-15,
0.));
#4824=CARTESIAN_POINT('Origin',(-1.389834933717E-14,1.957115434008E-14,
0.));
#4825=CARTESIAN_POINT('Origin',(-1.389834933717E-14,1.957115434008E-14,
560.));
#4826=CARTESIAN_POINT('',(0.,0.,0.));
#4827=CARTESIAN_POINT('Origin',(0.,0.,0.));
#4828=CARTESIAN_POINT('',(-141.,1.726751986798E-14,0.));
#4829=CARTESIAN_POINT('Origin',(0.,0.,0.));
#4830=CARTESIAN_POINT('',(-141.,1.726751986798E-14,1.));
#4831=CARTESIAN_POINT('',(-141.,1.72675198679777E-14,0.));
#4832=CARTESIAN_POINT('Origin',(0.,0.,1.));
#4833=CARTESIAN_POINT('Origin',(-4.965456367803E-15,4.175072779613E-15,
0.));
#4834=CARTESIAN_POINT('Origin',(-4.965456367803E-15,4.175072779613E-15,
1.));
#4835=CARTESIAN_POINT('',(0.,0.,0.));
#4836=CARTESIAN_POINT('Origin',(0.,0.,0.));
#4837=CARTESIAN_POINT('',(-166.5,2.03903692058E-14,0.));
#4838=CARTESIAN_POINT('Origin',(0.,0.,0.));
#4839=CARTESIAN_POINT('',(-166.5,2.03903692058E-14,0.5));
#4840=CARTESIAN_POINT('',(-166.5,2.03903692058034E-14,0.));
#4841=CARTESIAN_POINT('Origin',(0.,0.,0.5));
#4842=CARTESIAN_POINT('Origin',(7.811275817029E-13,-4.096822980959E-15,
0.));
#4843=CARTESIAN_POINT('',(-165.9999999999,1.623231388489E-14,0.5));
#4844=CARTESIAN_POINT('Origin',(7.811275817029E-13,-4.096822980959E-15,
0.5));
#4845=CARTESIAN_POINT('',(-165.9999999999,1.623231388489E-14,0.));
#4846=CARTESIAN_POINT('',(-165.999999999999,1.62323138848871E-14,0.));
#4847=CARTESIAN_POINT('Origin',(7.811275817029E-13,-4.096822980959E-15,
0.));
#4848=CARTESIAN_POINT('Origin',(-8.409962136459E-15,1.002313453765E-14,
0.));
#4849=CARTESIAN_POINT('Origin',(-8.409962136459E-15,1.002313453765E-14,
0.5));
#4850=CARTESIAN_POINT('',(0.,0.,0.));
#4851=CARTESIAN_POINT('Origin',(0.,0.,0.));
#4852=CARTESIAN_POINT('',(-201.5,2.467663300282E-14,0.));
#4853=CARTESIAN_POINT('Origin',(0.,0.,0.));
#4854=CARTESIAN_POINT('',(-201.5,2.467663300282E-14,35.));
#4855=CARTESIAN_POINT('',(-201.5,2.46766330028192E-14,0.));
#4856=CARTESIAN_POINT('Origin',(0.,0.,35.));
#4857=CARTESIAN_POINT('Origin',(9.478604832373E-13,-9.027242697498E-15,
0.));
#4858=CARTESIAN_POINT('',(-166.4999999999,1.136312650831E-14,35.));
#4859=CARTESIAN_POINT('Origin',(9.478604832373E-13,-9.027242697498E-15,
35.));
#4860=CARTESIAN_POINT('',(-166.4999999999,1.136312650831E-14,0.));
#4861=CARTESIAN_POINT('',(-166.499999999999,1.13631265083054E-14,0.));
#4862=CARTESIAN_POINT('Origin',(9.478604832373E-13,-9.027242697498E-15,
0.));
#4863=CARTESIAN_POINT('Origin',(-1.389834933717E-14,1.957115434008E-14,
0.));
#4864=CARTESIAN_POINT('Origin',(-1.389834933717E-14,1.957115434008E-14,
35.));
#4865=CARTESIAN_POINT('',(0.,0.,0.));
#4866=CARTESIAN_POINT('Origin',(0.,0.,0.));
#4867=CARTESIAN_POINT('',(-205.5,2.516649172248E-14,0.));
#4868=CARTESIAN_POINT('Origin',(0.,0.,0.));
#4869=CARTESIAN_POINT('',(-205.5,2.516649172248E-14,4.));
#4870=CARTESIAN_POINT('',(-205.5,2.51664917224781E-14,0.));
#4871=CARTESIAN_POINT('Origin',(0.,0.,4.));
#4872=CARTESIAN_POINT('Origin',(9.78094058841E-13,1.991594237459E-14,0.));
#4873=CARTESIAN_POINT('',(-201.4999999999,4.459257537741E-14,4.));
#4874=CARTESIAN_POINT('Origin',(9.78094058841E-13,1.991594237459E-14,4.));
#4875=CARTESIAN_POINT('',(-201.4999999999,4.459257537741E-14,0.));
#4876=CARTESIAN_POINT('',(-201.499999999999,4.45925753774092E-14,0.));
#4877=CARTESIAN_POINT('Origin',(9.78094058841E-13,1.991594237459E-14,0.));
#4878=CARTESIAN_POINT('Origin',(-6.81391092808E-15,-1.57491964608E-15,0.));
#4879=CARTESIAN_POINT('Origin',(-6.81391092808E-15,-1.57491964608E-15,4.));
#4880=CARTESIAN_POINT('',(0.,0.,0.));
#4881=CARTESIAN_POINT('Origin',(-27.5,141.,35.));
#4882=CARTESIAN_POINT('',(-27.5,141.,35.));
#4883=CARTESIAN_POINT('',(-27.5,141.,455.));
#4884=CARTESIAN_POINT('',(-27.5,141.,35.));
#4885=CARTESIAN_POINT('',(-27.5,166.,455.));
#4886=CARTESIAN_POINT('',(-27.5,141.,455.));
#4887=CARTESIAN_POINT('',(-27.5,166.,35.));
#4888=CARTESIAN_POINT('',(-27.5,166.,35.));
#4889=CARTESIAN_POINT('',(-27.5,141.,35.));
#4890=CARTESIAN_POINT('Origin',(27.5,141.,35.));
#4891=CARTESIAN_POINT('',(27.5,141.,35.));
#4892=CARTESIAN_POINT('',(27.5,141.,455.));
#4893=CARTESIAN_POINT('',(27.5,141.,35.));
#4894=CARTESIAN_POINT('',(27.5,166.,35.));
#4895=CARTESIAN_POINT('',(27.5,141.,35.));
#4896=CARTESIAN_POINT('',(27.5,166.,455.));
#4897=CARTESIAN_POINT('',(27.5,166.,35.));
#4898=CARTESIAN_POINT('',(27.5,141.,455.));
#4899=CARTESIAN_POINT('Origin',(-27.5,141.,35.));
#4900=CARTESIAN_POINT('',(-27.5,141.,35.));
#4901=CARTESIAN_POINT('',(-27.5,141.,455.));
#4902=CARTESIAN_POINT('Origin',(-27.5,166.,35.));
#4903=CARTESIAN_POINT('',(-27.5,166.,35.));
#4904=CARTESIAN_POINT('',(-27.5,166.,455.));
#4905=CARTESIAN_POINT('Origin',(-27.5,141.,35.));
#4906=CARTESIAN_POINT('Origin',(-27.5,141.,455.));
#4907=CARTESIAN_POINT('',(0.,0.,0.));
#4908=CARTESIAN_POINT('Origin',(46.684301395928,135.8595819336,35.));
#4909=CARTESIAN_POINT('',(46.684301395928,135.8595819336,35.));
#4910=CARTESIAN_POINT('',(46.684301395928,135.8595819336,455.));
#4911=CARTESIAN_POINT('',(46.684301395928,135.8595819336,35.));
#4912=CARTESIAN_POINT('',(59.184301395928,157.51021702821,455.));
#4913=CARTESIAN_POINT('',(46.684301395928,135.8595819336,455.));
#4914=CARTESIAN_POINT('',(59.184301395928,157.51021702821,35.));
#4915=CARTESIAN_POINT('',(59.184301395928,157.51021702821,35.));
#4916=CARTESIAN_POINT('',(46.684301395928,135.8595819336,35.));
#4917=CARTESIAN_POINT('Origin',(94.315698604072,108.3595819336,35.));
#4918=CARTESIAN_POINT('',(94.315698604072,108.3595819336,35.));
#4919=CARTESIAN_POINT('',(94.315698604072,108.3595819336,455.));
#4920=CARTESIAN_POINT('',(94.315698604072,108.3595819336,35.));
#4921=CARTESIAN_POINT('',(106.81569860407,130.01021702821,35.));
#4922=CARTESIAN_POINT('',(94.315698604072,108.3595819336,35.));
#4923=CARTESIAN_POINT('',(106.81569860407,130.01021702821,455.));
#4924=CARTESIAN_POINT('',(106.81569860407,130.01021702821,35.));
#4925=CARTESIAN_POINT('',(94.315698604072,108.3595819336,455.));
#4926=CARTESIAN_POINT('Origin',(46.684301395928,135.8595819336,35.));
#4927=CARTESIAN_POINT('',(46.684301395928,135.8595819336,35.));
#4928=CARTESIAN_POINT('',(46.684301395928,135.8595819336,455.));
#4929=CARTESIAN_POINT('Origin',(59.184301395928,157.51021702821,35.));
#4930=CARTESIAN_POINT('',(59.184301395928,157.51021702821,35.));
#4931=CARTESIAN_POINT('',(59.184301395928,157.51021702821,455.));
#4932=CARTESIAN_POINT('Origin',(46.684301395928,135.8595819336,35.));
#4933=CARTESIAN_POINT('Origin',(46.684301395928,135.8595819336,455.));
#4934=CARTESIAN_POINT('',(0.,0.,0.));
#4935=CARTESIAN_POINT('Origin',(108.3595819336,94.315698604072,35.));
#4936=CARTESIAN_POINT('',(108.3595819336,94.315698604072,35.));
#4937=CARTESIAN_POINT('',(108.3595819336,94.315698604072,455.));
#4938=CARTESIAN_POINT('',(108.3595819336,94.315698604072,35.));
#4939=CARTESIAN_POINT('',(130.01021702821,106.81569860407,455.));
#4940=CARTESIAN_POINT('',(108.3595819336,94.315698604072,455.));
#4941=CARTESIAN_POINT('',(130.01021702821,106.81569860407,35.));
#4942=CARTESIAN_POINT('',(130.01021702821,106.81569860407,35.));
#4943=CARTESIAN_POINT('',(108.3595819336,94.315698604072,35.));
#4944=CARTESIAN_POINT('Origin',(135.8595819336,46.684301395928,35.));
#4945=CARTESIAN_POINT('',(135.8595819336,46.684301395928,35.));
#4946=CARTESIAN_POINT('',(135.8595819336,46.684301395928,455.));
#4947=CARTESIAN_POINT('',(135.8595819336,46.684301395928,35.));
#4948=CARTESIAN_POINT('',(157.51021702821,59.184301395928,35.));
#4949=CARTESIAN_POINT('',(135.8595819336,46.684301395928,35.));
#4950=CARTESIAN_POINT('',(157.51021702821,59.184301395928,455.));
#4951=CARTESIAN_POINT('',(157.51021702821,59.184301395928,35.));
#4952=CARTESIAN_POINT('',(135.8595819336,46.684301395928,455.));
#4953=CARTESIAN_POINT('Origin',(108.3595819336,94.315698604072,35.));
#4954=CARTESIAN_POINT('',(108.3595819336,94.315698604072,35.));
#4955=CARTESIAN_POINT('',(108.3595819336,94.315698604072,455.));
#4956=CARTESIAN_POINT('Origin',(130.01021702821,106.81569860407,35.));
#4957=CARTESIAN_POINT('',(130.01021702821,106.81569860407,35.));
#4958=CARTESIAN_POINT('',(130.01021702821,106.81569860407,455.));
#4959=CARTESIAN_POINT('Origin',(108.3595819336,94.315698604072,35.));
#4960=CARTESIAN_POINT('Origin',(108.3595819336,94.315698604072,455.));
#4961=CARTESIAN_POINT('',(0.,0.,0.));
#4962=CARTESIAN_POINT('Origin',(135.8595819336,-46.68430139592,35.));
#4963=CARTESIAN_POINT('',(135.8595819336,-46.68430139592,35.));
#4964=CARTESIAN_POINT('',(135.8595819336,-46.68430139592,455.));
#4965=CARTESIAN_POINT('',(135.8595819336,-46.68430139592,35.));
#4966=CARTESIAN_POINT('',(157.51021702821,-59.18430139592,455.));
#4967=CARTESIAN_POINT('',(135.8595819336,-46.68430139592,455.));
#4968=CARTESIAN_POINT('',(157.51021702821,-59.18430139592,35.));
#4969=CARTESIAN_POINT('',(157.51021702821,-59.18430139592,35.));
#4970=CARTESIAN_POINT('',(135.8595819336,-46.68430139592,35.));
#4971=CARTESIAN_POINT('Origin',(108.3595819336,-94.31569860407,35.));
#4972=CARTESIAN_POINT('',(108.3595819336,-94.31569860407,35.));
#4973=CARTESIAN_POINT('',(108.3595819336,-94.31569860407,455.));
#4974=CARTESIAN_POINT('',(108.3595819336,-94.31569860407,35.));
#4975=CARTESIAN_POINT('',(130.01021702821,-106.815698604,35.));
#4976=CARTESIAN_POINT('',(108.3595819336,-94.31569860407,35.));
#4977=CARTESIAN_POINT('',(130.01021702821,-106.815698604,455.));
#4978=CARTESIAN_POINT('',(130.01021702821,-106.815698604,35.));
#4979=CARTESIAN_POINT('',(108.3595819336,-94.31569860407,455.));
#4980=CARTESIAN_POINT('Origin',(135.8595819336,-46.68430139592,35.));
#4981=CARTESIAN_POINT('',(135.8595819336,-46.68430139592,35.));
#4982=CARTESIAN_POINT('',(135.8595819336,-46.68430139592,455.));
#4983=CARTESIAN_POINT('Origin',(157.51021702821,-59.18430139592,35.));
#4984=CARTESIAN_POINT('',(157.51021702821,-59.18430139592,35.));
#4985=CARTESIAN_POINT('',(157.51021702821,-59.18430139592,455.));
#4986=CARTESIAN_POINT('Origin',(135.8595819336,-46.68430139592,35.));
#4987=CARTESIAN_POINT('Origin',(135.8595819336,-46.68430139592,455.));
#4988=CARTESIAN_POINT('',(0.,0.,0.));
#4989=CARTESIAN_POINT('Origin',(94.315698604072,-108.3595819336,35.));
#4990=CARTESIAN_POINT('',(94.315698604072,-108.3595819336,35.));
#4991=CARTESIAN_POINT('',(94.315698604072,-108.3595819336,455.));
#4992=CARTESIAN_POINT('',(94.315698604072,-108.3595819336,35.));
#4993=CARTESIAN_POINT('',(106.81569860407,-130.0102170282,455.));
#4994=CARTESIAN_POINT('',(94.315698604072,-108.3595819336,455.));
#4995=CARTESIAN_POINT('',(106.81569860407,-130.0102170282,35.));
#4996=CARTESIAN_POINT('',(106.81569860407,-130.0102170282,35.));
#4997=CARTESIAN_POINT('',(94.315698604072,-108.3595819336,35.));
#4998=CARTESIAN_POINT('Origin',(46.684301395928,-135.8595819336,35.));
#4999=CARTESIAN_POINT('',(46.684301395928,-135.8595819336,35.));
#5000=CARTESIAN_POINT('',(46.684301395928,-135.8595819336,455.));
#5001=CARTESIAN_POINT('',(46.684301395928,-135.8595819336,35.));
#5002=CARTESIAN_POINT('',(59.184301395928,-157.5102170282,35.));
#5003=CARTESIAN_POINT('',(46.684301395928,-135.8595819336,35.));
#5004=CARTESIAN_POINT('',(59.184301395928,-157.5102170282,455.));
#5005=CARTESIAN_POINT('',(59.184301395928,-157.5102170282,35.));
#5006=CARTESIAN_POINT('',(46.684301395928,-135.8595819336,455.));
#5007=CARTESIAN_POINT('Origin',(94.315698604072,-108.3595819336,35.));
#5008=CARTESIAN_POINT('',(94.315698604072,-108.3595819336,35.));
#5009=CARTESIAN_POINT('',(94.315698604072,-108.3595819336,455.));
#5010=CARTESIAN_POINT('Origin',(106.81569860407,-130.0102170282,35.));
#5011=CARTESIAN_POINT('',(106.81569860407,-130.0102170282,35.));
#5012=CARTESIAN_POINT('',(106.81569860407,-130.0102170282,455.));
#5013=CARTESIAN_POINT('Origin',(94.315698604072,-108.3595819336,35.));
#5014=CARTESIAN_POINT('Origin',(94.315698604072,-108.3595819336,455.));
#5015=CARTESIAN_POINT('',(0.,0.,0.));
#5016=CARTESIAN_POINT('Origin',(27.5,-141.,35.));
#5017=CARTESIAN_POINT('',(27.5,-141.,35.));
#5018=CARTESIAN_POINT('',(27.5,-141.,455.));
#5019=CARTESIAN_POINT('',(27.5,-141.,35.));
#5020=CARTESIAN_POINT('',(27.5,-166.,455.));
#5021=CARTESIAN_POINT('',(27.5,-141.,455.));
#5022=CARTESIAN_POINT('',(27.5,-166.,35.));
#5023=CARTESIAN_POINT('',(27.5,-166.,35.));
#5024=CARTESIAN_POINT('',(27.5,-141.,35.));
#5025=CARTESIAN_POINT('Origin',(-27.5,-141.,35.));
#5026=CARTESIAN_POINT('',(-27.5,-141.,35.));
#5027=CARTESIAN_POINT('',(-27.5,-141.,455.));
#5028=CARTESIAN_POINT('',(-27.5,-141.,35.));
#5029=CARTESIAN_POINT('',(-27.5,-166.,35.));
#5030=CARTESIAN_POINT('',(-27.5,-141.,35.));
#5031=CARTESIAN_POINT('',(-27.5,-166.,455.));
#5032=CARTESIAN_POINT('',(-27.5,-166.,35.));
#5033=CARTESIAN_POINT('',(-27.5,-141.,455.));
#5034=CARTESIAN_POINT('Origin',(27.5,-141.,35.));
#5035=CARTESIAN_POINT('',(27.5,-141.,35.));
#5036=CARTESIAN_POINT('',(27.5,-141.,455.));
#5037=CARTESIAN_POINT('Origin',(27.5,-166.,35.));
#5038=CARTESIAN_POINT('',(27.5,-166.,35.));
#5039=CARTESIAN_POINT('',(27.5,-166.,455.));
#5040=CARTESIAN_POINT('Origin',(27.5,-141.,35.));
#5041=CARTESIAN_POINT('Origin',(27.5,-141.,455.));
#5042=CARTESIAN_POINT('',(0.,0.,0.));
#5043=CARTESIAN_POINT('Origin',(-46.68430139592,-135.8595819336,35.));
#5044=CARTESIAN_POINT('',(-46.68430139592,-135.8595819336,35.));
#5045=CARTESIAN_POINT('',(-46.68430139592,-135.8595819336,455.));
#5046=CARTESIAN_POINT('',(-46.68430139592,-135.8595819336,35.));
#5047=CARTESIAN_POINT('',(-59.18430139592,-157.5102170282,455.));
#5048=CARTESIAN_POINT('',(-46.68430139592,-135.8595819336,455.));
#5049=CARTESIAN_POINT('',(-59.18430139592,-157.5102170282,35.));
#5050=CARTESIAN_POINT('',(-59.18430139592,-157.5102170282,35.));
#5051=CARTESIAN_POINT('',(-46.68430139592,-135.8595819336,35.));
#5052=CARTESIAN_POINT('Origin',(-94.31569860407,-108.3595819336,35.));
#5053=CARTESIAN_POINT('',(-94.31569860407,-108.3595819336,35.));
#5054=CARTESIAN_POINT('',(-94.31569860407,-108.3595819336,455.));
#5055=CARTESIAN_POINT('',(-94.31569860407,-108.3595819336,35.));
#5056=CARTESIAN_POINT('',(-106.815698604,-130.0102170282,35.));
#5057=CARTESIAN_POINT('',(-94.31569860407,-108.3595819336,35.));
#5058=CARTESIAN_POINT('',(-106.815698604,-130.0102170282,455.));
#5059=CARTESIAN_POINT('',(-106.815698604,-130.0102170282,35.));
#5060=CARTESIAN_POINT('',(-94.31569860407,-108.3595819336,455.));
#5061=CARTESIAN_POINT('Origin',(-46.68430139592,-135.8595819336,35.));
#5062=CARTESIAN_POINT('',(-46.68430139592,-135.8595819336,35.));
#5063=CARTESIAN_POINT('',(-46.68430139592,-135.8595819336,455.));
#5064=CARTESIAN_POINT('Origin',(-59.18430139592,-157.5102170282,35.));
#5065=CARTESIAN_POINT('',(-59.18430139592,-157.5102170282,35.));
#5066=CARTESIAN_POINT('',(-59.18430139592,-157.5102170282,455.));
#5067=CARTESIAN_POINT('Origin',(-46.68430139592,-135.8595819336,35.));
#5068=CARTESIAN_POINT('Origin',(-46.68430139592,-135.8595819336,455.));
#5069=CARTESIAN_POINT('',(0.,0.,0.));
#5070=CARTESIAN_POINT('Origin',(-108.3595819336,-94.31569860407,35.));
#5071=CARTESIAN_POINT('',(-108.3595819336,-94.31569860407,35.));
#5072=CARTESIAN_POINT('',(-108.3595819336,-94.31569860407,455.));
#5073=CARTESIAN_POINT('',(-108.3595819336,-94.31569860407,35.));
#5074=CARTESIAN_POINT('',(-130.0102170282,-106.815698604,455.));
#5075=CARTESIAN_POINT('',(-108.3595819336,-94.31569860407,455.));
#5076=CARTESIAN_POINT('',(-130.0102170282,-106.815698604,35.));
#5077=CARTESIAN_POINT('',(-130.0102170282,-106.815698604,35.));
#5078=CARTESIAN_POINT('',(-108.3595819336,-94.31569860407,35.));
#5079=CARTESIAN_POINT('Origin',(-135.8595819336,-46.68430139592,35.));
#5080=CARTESIAN_POINT('',(-135.8595819336,-46.68430139592,35.));
#5081=CARTESIAN_POINT('',(-135.8595819336,-46.68430139592,455.));
#5082=CARTESIAN_POINT('',(-135.8595819336,-46.68430139592,35.));
#5083=CARTESIAN_POINT('',(-157.5102170282,-59.18430139592,35.));
#5084=CARTESIAN_POINT('',(-135.8595819336,-46.68430139592,35.));
#5085=CARTESIAN_POINT('',(-157.5102170282,-59.18430139592,455.));
#5086=CARTESIAN_POINT('',(-157.5102170282,-59.18430139592,35.));
#5087=CARTESIAN_POINT('',(-135.8595819336,-46.68430139592,455.));
#5088=CARTESIAN_POINT('Origin',(-108.3595819336,-94.31569860407,35.));
#5089=CARTESIAN_POINT('',(-108.3595819336,-94.31569860407,35.));
#5090=CARTESIAN_POINT('',(-108.3595819336,-94.31569860407,455.));
#5091=CARTESIAN_POINT('Origin',(-130.0102170282,-106.815698604,35.));
#5092=CARTESIAN_POINT('',(-130.0102170282,-106.815698604,35.));
#5093=CARTESIAN_POINT('',(-130.0102170282,-106.815698604,455.));
#5094=CARTESIAN_POINT('Origin',(-108.3595819336,-94.31569860407,35.));
#5095=CARTESIAN_POINT('Origin',(-108.3595819336,-94.31569860407,455.));
#5096=CARTESIAN_POINT('',(0.,0.,0.));
#5097=CARTESIAN_POINT('Origin',(-141.,-27.5,35.));
#5098=CARTESIAN_POINT('',(-141.,-27.5,35.));
#5099=CARTESIAN_POINT('',(-141.,-27.5,455.));
#5100=CARTESIAN_POINT('',(-141.,-27.5,35.));
#5101=CARTESIAN_POINT('',(-166.,-27.5,455.));
#5102=CARTESIAN_POINT('',(-141.,-27.5,455.));
#5103=CARTESIAN_POINT('',(-166.,-27.5,35.));
#5104=CARTESIAN_POINT('',(-166.,-27.5,35.));
#5105=CARTESIAN_POINT('',(-141.,-27.5,35.));
#5106=CARTESIAN_POINT('Origin',(-141.,27.5,35.));
#5107=CARTESIAN_POINT('',(-141.,27.5,35.));
#5108=CARTESIAN_POINT('',(-141.,27.5,455.));
#5109=CARTESIAN_POINT('',(-141.,27.5,35.));
#5110=CARTESIAN_POINT('',(-166.,27.5,35.));
#5111=CARTESIAN_POINT('',(-141.,27.5,35.));
#5112=CARTESIAN_POINT('',(-166.,27.5,455.));
#5113=CARTESIAN_POINT('',(-166.,27.5,35.));
#5114=CARTESIAN_POINT('',(-141.,27.5,455.));
#5115=CARTESIAN_POINT('Origin',(-141.,-27.5,35.));
#5116=CARTESIAN_POINT('',(-141.,-27.5,35.));
#5117=CARTESIAN_POINT('',(-141.,-27.5,455.));
#5118=CARTESIAN_POINT('Origin',(-166.,-27.5,35.));
#5119=CARTESIAN_POINT('',(-166.,-27.5,35.));
#5120=CARTESIAN_POINT('',(-166.,-27.5,455.));
#5121=CARTESIAN_POINT('Origin',(-141.,-27.5,35.));
#5122=CARTESIAN_POINT('Origin',(-141.,-27.5,455.));
#5123=CARTESIAN_POINT('',(0.,0.,0.));
#5124=CARTESIAN_POINT('Origin',(-135.8595819336,46.684301395928,35.));
#5125=CARTESIAN_POINT('',(-135.8595819336,46.684301395928,35.));
#5126=CARTESIAN_POINT('',(-135.8595819336,46.684301395928,455.));
#5127=CARTESIAN_POINT('',(-135.8595819336,46.684301395928,35.));
#5128=CARTESIAN_POINT('',(-157.5102170282,59.184301395928,455.));
#5129=CARTESIAN_POINT('',(-135.8595819336,46.684301395928,455.));
#5130=CARTESIAN_POINT('',(-157.5102170282,59.184301395928,35.));
#5131=CARTESIAN_POINT('',(-157.5102170282,59.184301395928,35.));
#5132=CARTESIAN_POINT('',(-135.8595819336,46.684301395928,35.));
#5133=CARTESIAN_POINT('Origin',(-108.3595819336,94.315698604072,35.));
#5134=CARTESIAN_POINT('',(-108.3595819336,94.315698604072,35.));
#5135=CARTESIAN_POINT('',(-108.3595819336,94.315698604072,455.));
#5136=CARTESIAN_POINT('',(-108.3595819336,94.315698604072,35.));
#5137=CARTESIAN_POINT('',(-130.0102170282,106.81569860407,35.));
#5138=CARTESIAN_POINT('',(-108.3595819336,94.315698604072,35.));
#5139=CARTESIAN_POINT('',(-130.0102170282,106.81569860407,455.));
#5140=CARTESIAN_POINT('',(-130.0102170282,106.81569860407,35.));
#5141=CARTESIAN_POINT('',(-108.3595819336,94.315698604072,455.));
#5142=CARTESIAN_POINT('Origin',(-135.8595819336,46.684301395928,35.));
#5143=CARTESIAN_POINT('',(-135.8595819336,46.684301395928,35.));
#5144=CARTESIAN_POINT('',(-135.8595819336,46.684301395928,455.));
#5145=CARTESIAN_POINT('Origin',(-157.5102170282,59.184301395928,35.));
#5146=CARTESIAN_POINT('',(-157.5102170282,59.184301395928,35.));
#5147=CARTESIAN_POINT('',(-157.5102170282,59.184301395928,455.));
#5148=CARTESIAN_POINT('Origin',(-135.8595819336,46.684301395928,35.));
#5149=CARTESIAN_POINT('Origin',(-135.8595819336,46.684301395928,455.));
#5150=CARTESIAN_POINT('',(0.,0.,0.));
#5151=CARTESIAN_POINT('Origin',(-94.31569860407,108.3595819336,35.));
#5152=CARTESIAN_POINT('',(-94.31569860407,108.3595819336,35.));
#5153=CARTESIAN_POINT('',(-94.31569860407,108.3595819336,455.));
#5154=CARTESIAN_POINT('',(-94.31569860407,108.3595819336,35.));
#5155=CARTESIAN_POINT('',(-106.815698604,130.01021702821,455.));
#5156=CARTESIAN_POINT('',(-94.31569860407,108.3595819336,455.));
#5157=CARTESIAN_POINT('',(-106.815698604,130.01021702821,35.));
#5158=CARTESIAN_POINT('',(-106.815698604,130.01021702821,35.));
#5159=CARTESIAN_POINT('',(-94.31569860407,108.3595819336,35.));
#5160=CARTESIAN_POINT('Origin',(-46.68430139592,135.8595819336,35.));
#5161=CARTESIAN_POINT('',(-46.68430139592,135.8595819336,35.));
#5162=CARTESIAN_POINT('',(-46.68430139592,135.8595819336,455.));
#5163=CARTESIAN_POINT('',(-46.68430139592,135.8595819336,35.));
#5164=CARTESIAN_POINT('',(-59.18430139592,157.51021702821,35.));
#5165=CARTESIAN_POINT('',(-46.68430139592,135.8595819336,35.));
#5166=CARTESIAN_POINT('',(-59.18430139592,157.51021702821,455.));
#5167=CARTESIAN_POINT('',(-59.18430139592,157.51021702821,35.));
#5168=CARTESIAN_POINT('',(-46.68430139592,135.8595819336,455.));
#5169=CARTESIAN_POINT('Origin',(-94.31569860407,108.3595819336,35.));
#5170=CARTESIAN_POINT('',(-94.31569860407,108.3595819336,35.));
#5171=CARTESIAN_POINT('',(-94.31569860407,108.3595819336,455.));
#5172=CARTESIAN_POINT('Origin',(-106.815698604,130.01021702821,35.));
#5173=CARTESIAN_POINT('',(-106.815698604,130.01021702821,35.));
#5174=CARTESIAN_POINT('',(-106.815698604,130.01021702821,455.));
#5175=CARTESIAN_POINT('Origin',(-94.31569860407,108.3595819336,35.));
#5176=CARTESIAN_POINT('Origin',(-94.31569860407,108.3595819336,455.));
#5177=CARTESIAN_POINT('',(0.,0.,0.));
#5178=CARTESIAN_POINT('Origin',(65.,-17.5,0.));
#5179=CARTESIAN_POINT('',(65.,-17.5,0.));
#5180=CARTESIAN_POINT('',(65.,-17.5,25.));
#5181=CARTESIAN_POINT('',(65.,-17.5,0.));
#5182=CARTESIAN_POINT('',(65.,17.5,25.));
#5183=CARTESIAN_POINT('',(65.,-17.5,25.));
#5184=CARTESIAN_POINT('',(65.,17.5,0.));
#5185=CARTESIAN_POINT('',(65.,17.5,0.));
#5186=CARTESIAN_POINT('',(65.,-17.5,0.));
#5187=CARTESIAN_POINT('Origin',(135.,-17.5,0.));
#5188=CARTESIAN_POINT('',(135.,-17.5,0.));
#5189=CARTESIAN_POINT('',(135.,-17.5,25.));
#5190=CARTESIAN_POINT('',(135.,-17.5,0.));
#5191=CARTESIAN_POINT('',(135.,17.5,0.));
#5192=CARTESIAN_POINT('',(135.,-17.5,0.));
#5193=CARTESIAN_POINT('',(135.,17.5,25.));
#5194=CARTESIAN_POINT('',(135.,17.5,0.));
#5195=CARTESIAN_POINT('',(135.,-17.5,25.));
#5196=CARTESIAN_POINT('Origin',(65.,-17.5,0.));
#5197=CARTESIAN_POINT('',(65.,-17.5,0.));
#5198=CARTESIAN_POINT('',(65.,-17.5,25.));
#5199=CARTESIAN_POINT('Origin',(65.,17.5,0.));
#5200=CARTESIAN_POINT('',(65.,17.5,0.));
#5201=CARTESIAN_POINT('',(65.,17.5,25.));
#5202=CARTESIAN_POINT('Origin',(65.,-17.5,0.));
#5203=CARTESIAN_POINT('Origin',(65.,-17.5,25.));
#5204=CARTESIAN_POINT('',(0.,0.,0.));
#5205=CARTESIAN_POINT('Origin',(33.587572106361,-58.33630944789,0.));
#5206=CARTESIAN_POINT('',(33.587572106361,-58.33630944789,0.));
#5207=CARTESIAN_POINT('',(33.587572106361,-58.33630944789,25.));
#5208=CARTESIAN_POINT('',(33.587572106361,-58.33630944789,0.));
#5209=CARTESIAN_POINT('',(58.33630944789,-33.58757210636,25.));
#5210=CARTESIAN_POINT('',(33.587572106361,-58.33630944789,25.));
#5211=CARTESIAN_POINT('',(58.33630944789,-33.58757210636,0.));
#5212=CARTESIAN_POINT('',(58.33630944789,-33.58757210636,0.));
#5213=CARTESIAN_POINT('',(33.587572106361,-58.33630944789,0.));
#5214=CARTESIAN_POINT('Origin',(83.085046789419,-107.8337841309,0.));
#5215=CARTESIAN_POINT('',(83.085046789419,-107.8337841309,0.));
#5216=CARTESIAN_POINT('',(83.085046789419,-107.8337841309,25.));
#5217=CARTESIAN_POINT('',(83.085046789419,-107.8337841309,0.));
#5218=CARTESIAN_POINT('',(107.83378413094,-83.08504678941,0.));
#5219=CARTESIAN_POINT('',(83.085046789419,-107.8337841309,0.));
#5220=CARTESIAN_POINT('',(107.83378413094,-83.08504678941,25.));
#5221=CARTESIAN_POINT('',(107.83378413094,-83.08504678941,0.));
#5222=CARTESIAN_POINT('',(83.085046789419,-107.8337841309,25.));
#5223=CARTESIAN_POINT('Origin',(33.587572106361,-58.33630944789,0.));
#5224=CARTESIAN_POINT('',(33.587572106361,-58.33630944789,0.));
#5225=CARTESIAN_POINT('',(33.587572106361,-58.33630944789,25.));
#5226=CARTESIAN_POINT('Origin',(58.33630944789,-33.58757210636,0.));
#5227=CARTESIAN_POINT('',(58.33630944789,-33.58757210636,0.));
#5228=CARTESIAN_POINT('',(58.33630944789,-33.58757210636,25.));
#5229=CARTESIAN_POINT('Origin',(33.587572106361,-58.33630944789,0.));
#5230=CARTESIAN_POINT('Origin',(33.587572106361,-58.33630944789,25.));
#5231=CARTESIAN_POINT('',(0.,0.,0.));
#5232=CARTESIAN_POINT('Origin',(-17.5,-65.,0.));
#5233=CARTESIAN_POINT('',(-17.5,-65.,0.));
#5234=CARTESIAN_POINT('',(-17.5,-65.,25.));
#5235=CARTESIAN_POINT('',(-17.5,-65.,0.));
#5236=CARTESIAN_POINT('',(17.5,-65.,25.));
#5237=CARTESIAN_POINT('',(-17.5,-65.,25.));
#5238=CARTESIAN_POINT('',(17.5,-65.,0.));
#5239=CARTESIAN_POINT('',(17.5,-65.,0.));
#5240=CARTESIAN_POINT('',(-17.5,-65.,0.));
#5241=CARTESIAN_POINT('Origin',(-17.5,-135.,0.));
#5242=CARTESIAN_POINT('',(-17.5,-135.,0.));
#5243=CARTESIAN_POINT('',(-17.5,-135.,25.));
#5244=CARTESIAN_POINT('',(-17.5,-135.,0.));
#5245=CARTESIAN_POINT('',(17.5,-135.,0.));
#5246=CARTESIAN_POINT('',(-17.5,-135.,0.));
#5247=CARTESIAN_POINT('',(17.5,-135.,25.));
#5248=CARTESIAN_POINT('',(17.5,-135.,0.));
#5249=CARTESIAN_POINT('',(-17.5,-135.,25.));
#5250=CARTESIAN_POINT('Origin',(-17.5,-65.,0.));
#5251=CARTESIAN_POINT('',(-17.5,-65.,0.));
#5252=CARTESIAN_POINT('',(-17.5,-65.,25.));
#5253=CARTESIAN_POINT('Origin',(17.5,-65.,0.));
#5254=CARTESIAN_POINT('',(17.5,-65.,0.));
#5255=CARTESIAN_POINT('',(17.5,-65.,25.));
#5256=CARTESIAN_POINT('Origin',(-17.5,-65.,0.));
#5257=CARTESIAN_POINT('Origin',(-17.5,-65.,25.));
#5258=CARTESIAN_POINT('',(0.,0.,0.));
#5259=CARTESIAN_POINT('Origin',(-58.33630944789,-33.58757210636,0.));
#5260=CARTESIAN_POINT('',(-58.33630944789,-33.58757210636,0.));
#5261=CARTESIAN_POINT('',(-58.33630944789,-33.58757210636,25.));
#5262=CARTESIAN_POINT('',(-58.33630944789,-33.58757210636,0.));
#5263=CARTESIAN_POINT('',(-33.58757210636,-58.33630944789,25.));
#5264=CARTESIAN_POINT('',(-58.33630944789,-33.58757210636,25.));
#5265=CARTESIAN_POINT('',(-33.58757210636,-58.33630944789,0.));
#5266=CARTESIAN_POINT('',(-33.58757210636,-58.33630944789,0.));
#5267=CARTESIAN_POINT('',(-58.33630944789,-33.58757210636,0.));
#5268=CARTESIAN_POINT('Origin',(-107.8337841309,-83.08504678941,0.));
#5269=CARTESIAN_POINT('',(-107.8337841309,-83.08504678941,0.));
#5270=CARTESIAN_POINT('',(-107.8337841309,-83.08504678941,25.));
#5271=CARTESIAN_POINT('',(-107.8337841309,-83.08504678941,0.));
#5272=CARTESIAN_POINT('',(-83.08504678941,-107.8337841309,0.));
#5273=CARTESIAN_POINT('',(-107.8337841309,-83.08504678941,0.));
#5274=CARTESIAN_POINT('',(-83.08504678941,-107.8337841309,25.));
#5275=CARTESIAN_POINT('',(-83.08504678941,-107.8337841309,0.));
#5276=CARTESIAN_POINT('',(-107.8337841309,-83.08504678941,25.));
#5277=CARTESIAN_POINT('Origin',(-58.33630944789,-33.58757210636,0.));
#5278=CARTESIAN_POINT('',(-58.33630944789,-33.58757210636,0.));
#5279=CARTESIAN_POINT('',(-58.33630944789,-33.58757210636,25.));
#5280=CARTESIAN_POINT('Origin',(-33.58757210636,-58.33630944789,0.));
#5281=CARTESIAN_POINT('',(-33.58757210636,-58.33630944789,0.));
#5282=CARTESIAN_POINT('',(-33.58757210636,-58.33630944789,25.));
#5283=CARTESIAN_POINT('Origin',(-58.33630944789,-33.58757210636,0.));
#5284=CARTESIAN_POINT('Origin',(-58.33630944789,-33.58757210636,25.));
#5285=CARTESIAN_POINT('',(0.,0.,0.));
#5286=CARTESIAN_POINT('Origin',(-65.,17.5,0.));
#5287=CARTESIAN_POINT('',(-65.,17.5,0.));
#5288=CARTESIAN_POINT('',(-65.,17.5,25.));
#5289=CARTESIAN_POINT('',(-65.,17.5,0.));
#5290=CARTESIAN_POINT('',(-65.,-17.5,25.));
#5291=CARTESIAN_POINT('',(-65.,17.5,25.));
#5292=CARTESIAN_POINT('',(-65.,-17.5,0.));
#5293=CARTESIAN_POINT('',(-65.,-17.5,0.));
#5294=CARTESIAN_POINT('',(-65.,17.5,0.));
#5295=CARTESIAN_POINT('Origin',(-135.,17.5,0.));
#5296=CARTESIAN_POINT('',(-135.,17.5,0.));
#5297=CARTESIAN_POINT('',(-135.,17.5,25.));
#5298=CARTESIAN_POINT('',(-135.,17.5,0.));
#5299=CARTESIAN_POINT('',(-135.,-17.5,0.));
#5300=CARTESIAN_POINT('',(-135.,17.5,0.));
#5301=CARTESIAN_POINT('',(-135.,-17.5,25.));
#5302=CARTESIAN_POINT('',(-135.,-17.5,0.));
#5303=CARTESIAN_POINT('',(-135.,17.5,25.));
#5304=CARTESIAN_POINT('Origin',(-65.,17.5,0.));
#5305=CARTESIAN_POINT('',(-65.,17.5,0.));
#5306=CARTESIAN_POINT('',(-65.,17.5,25.));
#5307=CARTESIAN_POINT('Origin',(-65.,-17.5,0.));
#5308=CARTESIAN_POINT('',(-65.,-17.5,0.));
#5309=CARTESIAN_POINT('',(-65.,-17.5,25.));
#5310=CARTESIAN_POINT('Origin',(-65.,17.5,0.));
#5311=CARTESIAN_POINT('Origin',(-65.,17.5,25.));
#5312=CARTESIAN_POINT('',(0.,0.,0.));
#5313=CARTESIAN_POINT('Origin',(-33.58757210636,58.33630944789,0.));
#5314=CARTESIAN_POINT('',(-33.58757210636,58.33630944789,0.));
#5315=CARTESIAN_POINT('',(-33.58757210636,58.33630944789,25.));
#5316=CARTESIAN_POINT('',(-33.58757210636,58.33630944789,0.));
#5317=CARTESIAN_POINT('',(-58.33630944789,33.587572106361,25.));
#5318=CARTESIAN_POINT('',(-33.58757210636,58.33630944789,25.));
#5319=CARTESIAN_POINT('',(-58.33630944789,33.587572106361,0.));
#5320=CARTESIAN_POINT('',(-58.33630944789,33.587572106361,0.));
#5321=CARTESIAN_POINT('',(-33.58757210636,58.33630944789,0.));
#5322=CARTESIAN_POINT('Origin',(-83.08504678941,107.83378413094,0.));
#5323=CARTESIAN_POINT('',(-83.08504678941,107.83378413094,0.));
#5324=CARTESIAN_POINT('',(-83.08504678941,107.83378413094,25.));
#5325=CARTESIAN_POINT('',(-83.08504678941,107.83378413094,0.));
#5326=CARTESIAN_POINT('',(-107.8337841309,83.085046789419,0.));
#5327=CARTESIAN_POINT('',(-83.08504678941,107.83378413094,0.));
#5328=CARTESIAN_POINT('',(-107.8337841309,83.085046789419,25.));
#5329=CARTESIAN_POINT('',(-107.8337841309,83.085046789419,0.));
#5330=CARTESIAN_POINT('',(-83.08504678941,107.83378413094,25.));
#5331=CARTESIAN_POINT('Origin',(-33.58757210636,58.33630944789,0.));
#5332=CARTESIAN_POINT('',(-33.58757210636,58.33630944789,0.));
#5333=CARTESIAN_POINT('',(-33.58757210636,58.33630944789,25.));
#5334=CARTESIAN_POINT('Origin',(-58.33630944789,33.587572106361,0.));
#5335=CARTESIAN_POINT('',(-58.33630944789,33.587572106361,0.));
#5336=CARTESIAN_POINT('',(-58.33630944789,33.587572106361,25.));
#5337=CARTESIAN_POINT('Origin',(-33.58757210636,58.33630944789,0.));
#5338=CARTESIAN_POINT('Origin',(-33.58757210636,58.33630944789,25.));
#5339=CARTESIAN_POINT('',(0.,0.,0.));
#5340=CARTESIAN_POINT('Origin',(17.5,65.,0.));
#5341=CARTESIAN_POINT('',(17.5,65.,0.));
#5342=CARTESIAN_POINT('',(17.5,65.,25.));
#5343=CARTESIAN_POINT('',(17.5,65.,0.));
#5344=CARTESIAN_POINT('',(-17.5,65.,25.));
#5345=CARTESIAN_POINT('',(17.5,65.,25.));
#5346=CARTESIAN_POINT('',(-17.5,65.,0.));
#5347=CARTESIAN_POINT('',(-17.5,65.,0.));
#5348=CARTESIAN_POINT('',(17.5,65.,0.));
#5349=CARTESIAN_POINT('Origin',(17.5,135.,0.));
#5350=CARTESIAN_POINT('',(17.5,135.,0.));
#5351=CARTESIAN_POINT('',(17.5,135.,25.));
#5352=CARTESIAN_POINT('',(17.5,135.,0.));
#5353=CARTESIAN_POINT('',(-17.5,135.,0.));
#5354=CARTESIAN_POINT('',(17.5,135.,0.));
#5355=CARTESIAN_POINT('',(-17.5,135.,25.));
#5356=CARTESIAN_POINT('',(-17.5,135.,0.));
#5357=CARTESIAN_POINT('',(17.5,135.,25.));
#5358=CARTESIAN_POINT('Origin',(17.5,65.,0.));
#5359=CARTESIAN_POINT('',(17.5,65.,0.));
#5360=CARTESIAN_POINT('',(17.5,65.,25.));
#5361=CARTESIAN_POINT('Origin',(-17.5,65.,0.));
#5362=CARTESIAN_POINT('',(-17.5,65.,0.));
#5363=CARTESIAN_POINT('',(-17.5,65.,25.));
#5364=CARTESIAN_POINT('Origin',(17.5,65.,0.));
#5365=CARTESIAN_POINT('Origin',(17.5,65.,25.));
#5366=CARTESIAN_POINT('',(0.,0.,0.));
#5367=CARTESIAN_POINT('Origin',(58.33630944789,33.587572106361,0.));
#5368=CARTESIAN_POINT('',(58.33630944789,33.587572106361,0.));
#5369=CARTESIAN_POINT('',(58.33630944789,33.587572106361,25.));
#5370=CARTESIAN_POINT('',(58.33630944789,33.587572106361,0.));
#5371=CARTESIAN_POINT('',(33.587572106361,58.33630944789,25.));
#5372=CARTESIAN_POINT('',(58.33630944789,33.587572106361,25.));
#5373=CARTESIAN_POINT('',(33.587572106361,58.33630944789,0.));
#5374=CARTESIAN_POINT('',(33.587572106361,58.33630944789,0.));
#5375=CARTESIAN_POINT('',(58.33630944789,33.587572106361,0.));
#5376=CARTESIAN_POINT('Origin',(107.83378413094,83.085046789419,0.));
#5377=CARTESIAN_POINT('',(107.83378413094,83.085046789419,0.));
#5378=CARTESIAN_POINT('',(107.83378413094,83.085046789419,25.));
#5379=CARTESIAN_POINT('',(107.83378413094,83.085046789419,0.));
#5380=CARTESIAN_POINT('',(83.085046789419,107.83378413094,0.));
#5381=CARTESIAN_POINT('',(107.83378413094,83.085046789419,0.));
#5382=CARTESIAN_POINT('',(83.085046789419,107.83378413094,25.));
#5383=CARTESIAN_POINT('',(83.085046789419,107.83378413094,0.));
#5384=CARTESIAN_POINT('',(107.83378413094,83.085046789419,25.));
#5385=CARTESIAN_POINT('Origin',(58.33630944789,33.587572106361,0.));
#5386=CARTESIAN_POINT('',(58.33630944789,33.587572106361,0.));
#5387=CARTESIAN_POINT('',(58.33630944789,33.587572106361,25.));
#5388=CARTESIAN_POINT('Origin',(33.587572106361,58.33630944789,0.));
#5389=CARTESIAN_POINT('',(33.587572106361,58.33630944789,0.));
#5390=CARTESIAN_POINT('',(33.587572106361,58.33630944789,25.));
#5391=CARTESIAN_POINT('Origin',(58.33630944789,33.587572106361,0.));
#5392=CARTESIAN_POINT('Origin',(58.33630944789,33.587572106361,25.));
#5393=CARTESIAN_POINT('',(0.,0.,0.));
#5394=CARTESIAN_POINT('Origin',(0.,0.,560.));
#5395=CARTESIAN_POINT('',(-209.5,2.565635044214E-14,560.));
#5396=CARTESIAN_POINT('Origin',(0.,0.,560.));
#5397=CARTESIAN_POINT('',(-209.5,2.565635044214E-14,605.));
#5398=CARTESIAN_POINT('',(-209.5,2.56563504421371E-14,560.));
#5399=CARTESIAN_POINT('Origin',(0.,0.,605.));
#5400=CARTESIAN_POINT('Origin',(1.002831866871E-12,4.34126349295E-15,560.));
#5401=CARTESIAN_POINT('',(-140.9999999999,2.160878336093E-14,605.));
#5402=CARTESIAN_POINT('Origin',(1.002831866871E-12,4.34126349295E-15,605.));
#5403=CARTESIAN_POINT('',(-140.9999999999,2.160878336093E-14,560.));
#5404=CARTESIAN_POINT('',(-140.999999999999,2.16087833609277E-14,560.));
#5405=CARTESIAN_POINT('Origin',(1.002831866871E-12,4.34126349295E-15,560.));
#5406=CARTESIAN_POINT('Origin',(-1.336762478015E-14,4.815507966101E-15,
560.));
#5407=CARTESIAN_POINT('Origin',(-1.336762478015E-14,4.815507966101E-15,
605.));
#5408=CARTESIAN_POINT('',(0.,0.,0.));
#5409=CARTESIAN_POINT('Origin',(0.,0.,599.));
#5410=CARTESIAN_POINT('',(-209.5,2.565635044214E-14,599.));
#5411=CARTESIAN_POINT('Origin',(0.,0.,599.));
#5412=CARTESIAN_POINT('',(-209.5,2.565635044214E-14,605.));
#5413=CARTESIAN_POINT('',(-209.5,2.56563504421371E-14,599.));
#5414=CARTESIAN_POINT('Origin',(0.,0.,605.));
#5415=CARTESIAN_POINT('Origin',(-1.336762478015E-14,4.815507966101E-15,
599.));
#5416=CARTESIAN_POINT('Origin',(-1.336762478015E-14,4.815507966101E-15,
605.));
#5417=CARTESIAN_POINT('',(0.,0.,0.));
#5418=CARTESIAN_POINT('Origin',(0.,0.,565.));
#5419=CARTESIAN_POINT('',(-201.5,2.467663300282E-14,565.));
#5420=CARTESIAN_POINT('Origin',(0.,0.,565.));
#5421=CARTESIAN_POINT('',(-201.5,2.467663300282E-14,600.));
#5422=CARTESIAN_POINT('',(-201.5,2.46766330028192E-14,565.));
#5423=CARTESIAN_POINT('Origin',(0.,0.,600.));
#5424=CARTESIAN_POINT('Origin',(-1.389834933717E-14,1.957115434008E-14,
565.));
#5425=CARTESIAN_POINT('Origin',(-1.389834933717E-14,1.957115434008E-14,
600.));
#5426=CARTESIAN_POINT('',(0.,0.,0.));
#5427=CARTESIAN_POINT('Origin',(0.,0.,555.));
#5428=CARTESIAN_POINT('',(-151.,1.849216666713E-14,555.));
#5429=CARTESIAN_POINT('Origin',(0.,0.,555.));
#5430=CARTESIAN_POINT('',(-151.,1.849216666713E-14,565.));
#5431=CARTESIAN_POINT('',(-151.,1.8492166667125E-14,555.));
#5432=CARTESIAN_POINT('Origin',(0.,0.,565.));
#5433=CARTESIAN_POINT('Origin',(7.227772464421E-13,1.505785930088E-15,555.));
#5434=CARTESIAN_POINT('',(-141.9999999999,1.889577047798E-14,565.));
#5435=CARTESIAN_POINT('Origin',(7.227772464421E-13,1.505785930088E-15,565.));
#5436=CARTESIAN_POINT('',(-141.9999999999,1.889577047798E-14,555.));
#5437=CARTESIAN_POINT('',(-141.999999999999,1.88957704779804E-14,555.));
#5438=CARTESIAN_POINT('Origin',(7.227772464421E-13,1.505785930088E-15,555.));
#5439=CARTESIAN_POINT('Origin',(-9.273236395499E-15,1.238241723529E-14,
555.));
#5440=CARTESIAN_POINT('Origin',(-9.273236395499E-15,1.238241723529E-14,
565.));
#5441=CARTESIAN_POINT('',(0.,0.,0.));
#5442=CARTESIAN_POINT('Origin',(0.,0.,269.5));
#5443=CARTESIAN_POINT('',(-3.,1.519903129493E-30,269.5));
#5444=CARTESIAN_POINT('Origin',(0.,0.,269.5));
#5445=CARTESIAN_POINT('',(-3.,-180.,269.5));
#5446=CARTESIAN_POINT('',(-3.,4.0788932203401E-32,269.5));
#5447=CARTESIAN_POINT('Origin',(0.,-180.,269.5));
#5448=CARTESIAN_POINT('Origin',(-1.709300165674E-16,-9.449480682877E-34,
269.5));
#5449=CARTESIAN_POINT('Origin',(-1.709300165674E-16,-180.,269.5));
#5450=CARTESIAN_POINT('',(0.,0.,0.));
#5451=CARTESIAN_POINT('Origin',(0.,0.,0.));
#5452=CARTESIAN_POINT('',(-203.5,-2.49215623626486E-14,-1.10563423072181E-30));
#5453=CARTESIAN_POINT('Origin',(0.,0.,0.));
#5454=CARTESIAN_POINT('',(-201.5,2.46766330028192E-14,0.));
#5455=CARTESIAN_POINT('Origin',(0.,0.,0.));
#5456=CARTESIAN_POINT('Origin',(0.,0.,0.));
#5457=CARTESIAN_POINT('',(-205.000000000002,-2.5105259382521E-14,7.99999999999954));
#5458=CARTESIAN_POINT('Origin',(0.,0.,8.));
#5459=CARTESIAN_POINT('',(-203.5,-2.49215623626486E-14,0.));
#5460=CARTESIAN_POINT('Origin',(0.,0.,8.));
#5461=CARTESIAN_POINT('',(-207.999999999996,-2.54726534222645E-14,25.0000000000007));
#5462=CARTESIAN_POINT('Origin',(0.,0.,25.));
#5463=CARTESIAN_POINT('',(-205.,-2.51052593825207E-14,8.));
#5464=CARTESIAN_POINT('Origin',(0.,0.,25.));
#5465=CARTESIAN_POINT('',(-210.5,-2.57788151220518E-14,55.));
#5466=CARTESIAN_POINT('Origin',(0.,0.,55.));
#5467=CARTESIAN_POINT('',(-208.,-2.54726534222649E-14,25.));
#5468=CARTESIAN_POINT('Origin',(0.,0.,55.));
#5469=CARTESIAN_POINT('',(-212.,-2.59625121419239E-14,100.));
#5470=CARTESIAN_POINT('Origin',(0.,0.,100.));
#5471=CARTESIAN_POINT('',(-210.5,-2.57788151220518E-14,55.));
#5472=CARTESIAN_POINT('Origin',(0.,0.,100.));
#5473=CARTESIAN_POINT('',(-212.5,-2.60237444818813E-14,180.));
#5474=CARTESIAN_POINT('Origin',(0.,0.,180.));
#5475=CARTESIAN_POINT('',(-212.,-2.59625121419239E-14,100.));
#5476=CARTESIAN_POINT('Origin',(0.,0.,180.));
#5477=CARTESIAN_POINT('',(-212.5,-2.60237444818813E-14,390.));
#5478=CARTESIAN_POINT('Origin',(0.,0.,390.));
#5479=CARTESIAN_POINT('',(-212.5,-2.60237444818813E-14,180.));
#5480=CARTESIAN_POINT('Origin',(0.,0.,390.));
#5481=CARTESIAN_POINT('',(-211.5,2.59012798019665E-14,465.));
#5482=CARTESIAN_POINT('',(-212.5,2.60237444818813E-14,390.));
#5483=CARTESIAN_POINT('Origin',(0.,0.,465.));
#5484=CARTESIAN_POINT('Origin',(0.,0.,465.));
#5485=CARTESIAN_POINT('',(-209.,2.55951181021797E-14,510.));
#5486=CARTESIAN_POINT('',(-211.5,2.59012798019665E-14,465.));
#5487=CARTESIAN_POINT('Origin',(0.,0.,510.));
#5488=CARTESIAN_POINT('Origin',(0.,0.,510.));
#5489=CARTESIAN_POINT('',(-205.5,2.51664917224781E-14,540.));
#5490=CARTESIAN_POINT('',(-209.,2.55951181021797E-14,510.));
#5491=CARTESIAN_POINT('Origin',(0.,0.,540.));
#5492=CARTESIAN_POINT('Origin',(0.,0.,540.));
#5493=CARTESIAN_POINT('',(-204.,2.4982794702606E-14,555.));
#5494=CARTESIAN_POINT('',(-205.5,2.51664917224781E-14,540.));
#5495=CARTESIAN_POINT('Origin',(0.,0.,555.));
#5496=CARTESIAN_POINT('Origin',(0.,0.,555.));
#5497=CARTESIAN_POINT('',(-204.,-2.4982794702606E-14,560.));
#5498=CARTESIAN_POINT('Origin',(0.,0.,560.));
#5499=CARTESIAN_POINT('',(-204.,-2.4982794702606E-14,555.));
#5500=CARTESIAN_POINT('Origin',(0.,0.,560.));
#5501=CARTESIAN_POINT('',(-201.5,2.46766330028192E-14,560.));
#5502=CARTESIAN_POINT('Origin',(0.,0.,560.));
#5503=CARTESIAN_POINT('Origin',(0.,0.,560.));
#5504=CARTESIAN_POINT('',(-201.5,2.46766330028192E-14,560.));
#5505=CARTESIAN_POINT('',(0.,0.,0.));
#5506=CARTESIAN_POINT('Origin',(0.,0.,185.));
#5507=CARTESIAN_POINT('',(-209.6,-2.56685969101285E-14,185.));
#5508=CARTESIAN_POINT('Origin',(-211.,-2.58400474620092E-14,185.));
#5509=CARTESIAN_POINT('Origin',(0.,0.,185.));
#5510=CARTESIAN_POINT('',(0.,0.,0.));
#5511=CARTESIAN_POINT('Origin',(0.,0.,405.));
#5512=CARTESIAN_POINT('',(-209.6,-2.56685969101285E-14,405.));
#5513=CARTESIAN_POINT('Origin',(-211.,-2.58400474620092E-14,405.));
#5514=CARTESIAN_POINT('Origin',(0.,0.,405.));
#5515=CARTESIAN_POINT('',(0.,0.,0.));
#5516=CARTESIAN_POINT('Origin',(238.,0.,390.));
#5517=CARTESIAN_POINT('',(238.,-5.,470.));
#5518=CARTESIAN_POINT('',(238.,5.,470.));
#5519=CARTESIAN_POINT('Origin',(238.,0.,470.));
#5520=CARTESIAN_POINT('',(233.,-6.12323399573635E-16,465.));
#5521=CARTESIAN_POINT('Origin',(238.,0.,470.));
#5522=CARTESIAN_POINT('',(233.,-6.12323399573636E-16,395.));
#5523=CARTESIAN_POINT('',(233.,-6.12323399573677E-16,390.));
#5524=CARTESIAN_POINT('',(238.,-5.,390.));
#5525=CARTESIAN_POINT('Origin',(238.,0.,390.));
#5526=CARTESIAN_POINT('',(238.,5.,390.));
#5527=CARTESIAN_POINT('Origin',(238.,0.,390.));
#5528=CARTESIAN_POINT('Origin',(238.,0.,390.));
#5529=CARTESIAN_POINT('Origin',(238.,0.,470.));
#5530=CARTESIAN_POINT('Origin',(238.,0.,470.));
#5531=CARTESIAN_POINT('',(238.,0.,470.));
#5532=CARTESIAN_POINT('Origin',(204.,0.,470.));
#5533=CARTESIAN_POINT('Origin',(238.,0.,470.));
#5534=CARTESIAN_POINT('',(210.,6.12323399573677E-16,465.));
#5535=CARTESIAN_POINT('',(204.,6.12323399573677E-16,465.));
#5536=CARTESIAN_POINT('Origin',(210.,0.,470.));
#5537=CARTESIAN_POINT('Origin',(238.,0.,390.));
#5538=CARTESIAN_POINT('',(238.,0.,390.));
#5539=CARTESIAN_POINT('Origin',(204.,0.,390.));
#5540=CARTESIAN_POINT('',(238.,6.12323399573677E-16,385.));
#5541=CARTESIAN_POINT('Origin',(238.,0.,390.));
#5542=CARTESIAN_POINT('',(210.,6.12323399573677E-16,385.));
#5543=CARTESIAN_POINT('',(204.,6.12323399573677E-16,385.));
#5544=CARTESIAN_POINT('Origin',(210.,0.,390.));
#5545=CARTESIAN_POINT('Origin',(238.,0.,390.));
#5546=CARTESIAN_POINT('Origin',(238.,0.,470.));
#5547=CARTESIAN_POINT('Origin',(210.,0.,470.));
#5548=CARTESIAN_POINT('',(210.,1.10218211923262E-15,461.));
#5549=CARTESIAN_POINT('Origin',(210.,0.,470.));
#5550=CARTESIAN_POINT('Origin',(238.,0.,390.));
#5551=CARTESIAN_POINT('Origin',(210.,0.,390.));
#5552=CARTESIAN_POINT('',(210.,1.10218211923262E-15,381.));
#5553=CARTESIAN_POINT('Origin',(210.,0.,390.));
#5554=CARTESIAN_POINT('Origin',(202.,0.,470.));
#5555=CARTESIAN_POINT('',(202.,1.10218211923262E-15,461.));
#5556=CARTESIAN_POINT('',(202.,1.10218211923262E-15,461.));
#5557=CARTESIAN_POINT('Origin',(202.,0.,470.));
#5558=CARTESIAN_POINT('Origin',(202.,0.,390.));
#5559=CARTESIAN_POINT('',(202.,1.10218211923262E-15,381.));
#5560=CARTESIAN_POINT('',(202.,1.10218211923262E-15,381.));
#5561=CARTESIAN_POINT('Origin',(202.,0.,390.));
#5562=CARTESIAN_POINT('Origin',(202.,0.,470.));
#5563=CARTESIAN_POINT('Origin',(202.,0.,390.));
#5564=CARTESIAN_POINT('',(0.,0.,0.));
#5565=CARTESIAN_POINT('Origin',(-238.,0.,390.));
#5566=CARTESIAN_POINT('',(-238.,-5.,470.));
#5567=CARTESIAN_POINT('',(-233.,6.12323399573636E-16,465.));
#5568=CARTESIAN_POINT('Origin',(-238.,0.,470.));
#5569=CARTESIAN_POINT('',(-243.,-6.12323399573677E-16,470.));
#5570=CARTESIAN_POINT('Origin',(-238.,0.,470.));
#5571=CARTESIAN_POINT('',(-243.,-6.12323399573677E-16,390.));
#5572=CARTESIAN_POINT('',(-243.,-6.12323399573677E-16,390.));
#5573=CARTESIAN_POINT('',(-238.,-5.,390.));
#5574=CARTESIAN_POINT('Origin',(-238.,0.,390.));
#5575=CARTESIAN_POINT('',(-238.,5.,390.));
#5576=CARTESIAN_POINT('Origin',(-238.,0.,390.));
#5577=CARTESIAN_POINT('Origin',(-238.,0.,390.));
#5578=CARTESIAN_POINT('',(-238.,5.,470.));
#5579=CARTESIAN_POINT('Origin',(-238.,0.,470.));
#5580=CARTESIAN_POINT('Origin',(-238.,0.,470.));
#5581=CARTESIAN_POINT('Origin',(-238.,0.,470.));
#5582=CARTESIAN_POINT('',(-238.,0.,470.));
#5583=CARTESIAN_POINT('Origin',(-238.,0.,470.));
#5584=CARTESIAN_POINT('',(-210.,6.12323399573677E-16,465.));
#5585=CARTESIAN_POINT('Origin',(-210.,0.,470.));
#5586=CARTESIAN_POINT('',(-238.,6.12323399573677E-16,465.));
#5587=CARTESIAN_POINT('Origin',(-238.,0.,470.));
#5588=CARTESIAN_POINT('Origin',(-238.,0.,390.));
#5589=CARTESIAN_POINT('',(-210.,6.12323399573677E-16,385.));
#5590=CARTESIAN_POINT('Origin',(-210.,0.,390.));
#5591=CARTESIAN_POINT('',(-238.,6.12323399573677E-16,385.));
#5592=CARTESIAN_POINT('',(-238.,6.12323399573677E-16,385.));
#5593=CARTESIAN_POINT('Origin',(-238.,0.,390.));
#5594=CARTESIAN_POINT('Origin',(-238.,0.,390.));
#5595=CARTESIAN_POINT('Origin',(-238.,0.,390.));
#5596=CARTESIAN_POINT('',(-238.,0.,390.));
#5597=CARTESIAN_POINT('Origin',(-238.,0.,470.));
#5598=CARTESIAN_POINT('Origin',(-210.,0.,470.));
#5599=CARTESIAN_POINT('',(-210.,1.10218211923262E-15,479.));
#5600=CARTESIAN_POINT('Origin',(-210.,0.,470.));
#5601=CARTESIAN_POINT('Origin',(-238.,0.,390.));
#5602=CARTESIAN_POINT('Origin',(-210.,0.,390.));
#5603=CARTESIAN_POINT('',(-210.,1.10218211923262E-15,399.));
#5604=CARTESIAN_POINT('Origin',(-210.,0.,390.));
#5605=CARTESIAN_POINT('Origin',(-202.,0.,470.));
#5606=CARTESIAN_POINT('',(-202.,1.10218211923262E-15,479.));
#5607=CARTESIAN_POINT('',(-202.,1.10218211923262E-15,479.));
#5608=CARTESIAN_POINT('Origin',(-202.,0.,470.));
#5609=CARTESIAN_POINT('Origin',(-202.,0.,390.));
#5610=CARTESIAN_POINT('',(-202.,1.10218211923262E-15,399.));
#5611=CARTESIAN_POINT('',(-202.,1.10218211923262E-15,399.));
#5612=CARTESIAN_POINT('Origin',(-202.,0.,390.));
#5613=CARTESIAN_POINT('Origin',(-202.,0.,470.));
#5614=CARTESIAN_POINT('Origin',(-202.,0.,390.));
#5615=CARTESIAN_POINT('',(0.,0.,0.));
#5616=CARTESIAN_POINT('',(0.,0.,0.));
#5617=CARTESIAN_POINT('',(0.,0.,0.));
#5618=CARTESIAN_POINT('',(0.,0.,0.));
#5619=CARTESIAN_POINT('',(0.,0.,0.));
#5620=CARTESIAN_POINT('',(0.,0.,0.));
#5621=CARTESIAN_POINT('',(0.,0.,0.));
#5622=CARTESIAN_POINT('',(0.,0.,0.));
#5623=CARTESIAN_POINT('',(0.,0.,0.));
#5624=CARTESIAN_POINT('',(0.,0.,0.));
#5625=CARTESIAN_POINT('',(0.,0.,0.));
#5626=CARTESIAN_POINT('',(0.,0.,0.));
#5627=CARTESIAN_POINT('',(0.,0.,0.));
#5628=CARTESIAN_POINT('',(0.,0.,0.));
#5629=CARTESIAN_POINT('',(0.,0.,0.));
#5630=CARTESIAN_POINT('',(0.,0.,0.));
#5631=CARTESIAN_POINT('',(0.,0.,0.));
#5632=CARTESIAN_POINT('',(0.,0.,0.));
#5633=CARTESIAN_POINT('',(0.,0.,0.));
#5634=CARTESIAN_POINT('',(0.,0.,0.));
#5635=CARTESIAN_POINT('',(0.,0.,0.));
#5636=CARTESIAN_POINT('',(0.,0.,0.));
#5637=CARTESIAN_POINT('',(0.,0.,0.));
#5638=CARTESIAN_POINT('',(0.,0.,0.));
#5639=CARTESIAN_POINT('',(0.,0.,0.));
#5640=CARTESIAN_POINT('',(0.,0.,0.));
#5641=CARTESIAN_POINT('',(0.,0.,0.));
#5642=CARTESIAN_POINT('',(0.,0.,0.));
#5643=CARTESIAN_POINT('',(0.,0.,0.));
#5644=CARTESIAN_POINT('',(0.,0.,0.));
#5645=CARTESIAN_POINT('',(0.,0.,0.));
#5646=CARTESIAN_POINT('',(0.,0.,0.));
#5647=CARTESIAN_POINT('',(0.,0.,0.));
#5648=CARTESIAN_POINT('',(0.,0.,0.));
#5649=CARTESIAN_POINT('',(0.,0.,0.));
#5650=UNCERTAINTY_MEASURE_WITH_UNIT(LENGTH_MEASURE(0.01),#5724,
'DISTANCE_ACCURACY_VALUE',
'Maximum model space distance between geometric entities at asserted c
onnectivities');
#5651=UNCERTAINTY_MEASURE_WITH_UNIT(LENGTH_MEASURE(0.01),#5724,
'DISTANCE_ACCURACY_VALUE',
'Maximum model space distance between geometric entities at asserted c
onnectivities');
#5652=UNCERTAINTY_MEASURE_WITH_UNIT(LENGTH_MEASURE(0.01),#5724,
'DISTANCE_ACCURACY_VALUE',
'Maximum model space distance between geometric entities at asserted c
onnectivities');
#5653=UNCERTAINTY_MEASURE_WITH_UNIT(LENGTH_MEASURE(0.01),#5724,
'DISTANCE_ACCURACY_VALUE',
'Maximum model space distance between geometric entities at asserted c
onnectivities');
#5654=UNCERTAINTY_MEASURE_WITH_UNIT(LENGTH_MEASURE(0.01),#5724,
'DISTANCE_ACCURACY_VALUE',
'Maximum model space distance between geometric entities at asserted c
onnectivities');
#5655=UNCERTAINTY_MEASURE_WITH_UNIT(LENGTH_MEASURE(0.01),#5724,
'DISTANCE_ACCURACY_VALUE',
'Maximum model space distance between geometric entities at asserted c
onnectivities');
#5656=UNCERTAINTY_MEASURE_WITH_UNIT(LENGTH_MEASURE(0.01),#5724,
'DISTANCE_ACCURACY_VALUE',
'Maximum model space distance between geometric entities at asserted c
onnectivities');
#5657=UNCERTAINTY_MEASURE_WITH_UNIT(LENGTH_MEASURE(0.01),#5724,
'DISTANCE_ACCURACY_VALUE',
'Maximum model space distance between geometric entities at asserted c
onnectivities');
#5658=UNCERTAINTY_MEASURE_WITH_UNIT(LENGTH_MEASURE(0.01),#5724,
'DISTANCE_ACCURACY_VALUE',
'Maximum model space distance between geometric entities at asserted c
onnectivities');
#5659=UNCERTAINTY_MEASURE_WITH_UNIT(LENGTH_MEASURE(0.01),#5724,
'DISTANCE_ACCURACY_VALUE',
'Maximum model space distance between geometric entities at asserted c
onnectivities');
#5660=UNCERTAINTY_MEASURE_WITH_UNIT(LENGTH_MEASURE(0.01),#5724,
'DISTANCE_ACCURACY_VALUE',
'Maximum model space distance between geometric entities at asserted c
onnectivities');
#5661=UNCERTAINTY_MEASURE_WITH_UNIT(LENGTH_MEASURE(0.01),#5724,
'DISTANCE_ACCURACY_VALUE',
'Maximum model space distance between geometric entities at asserted c
onnectivities');
#5662=UNCERTAINTY_MEASURE_WITH_UNIT(LENGTH_MEASURE(0.01),#5724,
'DISTANCE_ACCURACY_VALUE',
'Maximum model space distance between geometric entities at asserted c
onnectivities');
#5663=UNCERTAINTY_MEASURE_WITH_UNIT(LENGTH_MEASURE(0.01),#5724,
'DISTANCE_ACCURACY_VALUE',
'Maximum model space distance between geometric entities at asserted c
onnectivities');
#5664=UNCERTAINTY_MEASURE_WITH_UNIT(LENGTH_MEASURE(0.01),#5724,
'DISTANCE_ACCURACY_VALUE',
'Maximum model space distance between geometric entities at asserted c
onnectivities');
#5665=UNCERTAINTY_MEASURE_WITH_UNIT(LENGTH_MEASURE(0.01),#5724,
'DISTANCE_ACCURACY_VALUE',
'Maximum model space distance between geometric entities at asserted c
onnectivities');
#5666=UNCERTAINTY_MEASURE_WITH_UNIT(LENGTH_MEASURE(0.01),#5724,
'DISTANCE_ACCURACY_VALUE',
'Maximum model space distance between geometric entities at asserted c
onnectivities');
#5667=UNCERTAINTY_MEASURE_WITH_UNIT(LENGTH_MEASURE(0.01),#5724,
'DISTANCE_ACCURACY_VALUE',
'Maximum model space distance between geometric entities at asserted c
onnectivities');
#5668=UNCERTAINTY_MEASURE_WITH_UNIT(LENGTH_MEASURE(0.01),#5724,
'DISTANCE_ACCURACY_VALUE',
'Maximum model space distance between geometric entities at asserted c
onnectivities');
#5669=UNCERTAINTY_MEASURE_WITH_UNIT(LENGTH_MEASURE(0.01),#5724,
'DISTANCE_ACCURACY_VALUE',
'Maximum model space distance between geometric entities at asserted c
onnectivities');
#5670=UNCERTAINTY_MEASURE_WITH_UNIT(LENGTH_MEASURE(0.01),#5724,
'DISTANCE_ACCURACY_VALUE',
'Maximum model space distance between geometric entities at asserted c
onnectivities');
#5671=UNCERTAINTY_MEASURE_WITH_UNIT(LENGTH_MEASURE(0.01),#5724,
'DISTANCE_ACCURACY_VALUE',
'Maximum model space distance between geometric entities at asserted c
onnectivities');
#5672=UNCERTAINTY_MEASURE_WITH_UNIT(LENGTH_MEASURE(0.01),#5724,
'DISTANCE_ACCURACY_VALUE',
'Maximum model space distance between geometric entities at asserted c
onnectivities');
#5673=UNCERTAINTY_MEASURE_WITH_UNIT(LENGTH_MEASURE(0.01),#5724,
'DISTANCE_ACCURACY_VALUE',
'Maximum model space distance between geometric entities at asserted c
onnectivities');
#5674=UNCERTAINTY_MEASURE_WITH_UNIT(LENGTH_MEASURE(0.01),#5724,
'DISTANCE_ACCURACY_VALUE',
'Maximum model space distance between geometric entities at asserted c
onnectivities');
#5675=UNCERTAINTY_MEASURE_WITH_UNIT(LENGTH_MEASURE(0.01),#5724,
'DISTANCE_ACCURACY_VALUE',
'Maximum model space distance between geometric entities at asserted c
onnectivities');
#5676=UNCERTAINTY_MEASURE_WITH_UNIT(LENGTH_MEASURE(0.01),#5724,
'DISTANCE_ACCURACY_VALUE',
'Maximum model space distance between geometric entities at asserted c
onnectivities');
#5677=UNCERTAINTY_MEASURE_WITH_UNIT(LENGTH_MEASURE(0.01),#5724,
'DISTANCE_ACCURACY_VALUE',
'Maximum model space distance between geometric entities at asserted c
onnectivities');
#5678=UNCERTAINTY_MEASURE_WITH_UNIT(LENGTH_MEASURE(0.01),#5724,
'DISTANCE_ACCURACY_VALUE',
'Maximum model space distance between geometric entities at asserted c
onnectivities');
#5679=UNCERTAINTY_MEASURE_WITH_UNIT(LENGTH_MEASURE(0.01),#5724,
'DISTANCE_ACCURACY_VALUE',
'Maximum model space distance between geometric entities at asserted c
onnectivities');
#5680=UNCERTAINTY_MEASURE_WITH_UNIT(LENGTH_MEASURE(0.01),#5724,
'DISTANCE_ACCURACY_VALUE',
'Maximum model space distance between geometric entities at asserted c
onnectivities');
#5681=UNCERTAINTY_MEASURE_WITH_UNIT(LENGTH_MEASURE(0.01),#5724,
'DISTANCE_ACCURACY_VALUE',
'Maximum model space distance between geometric entities at asserted c
onnectivities');
#5682=UNCERTAINTY_MEASURE_WITH_UNIT(LENGTH_MEASURE(0.01),#5724,
'DISTANCE_ACCURACY_VALUE',
'Maximum model space distance between geometric entities at asserted c
onnectivities');
#5683=UNCERTAINTY_MEASURE_WITH_UNIT(LENGTH_MEASURE(0.01),#5724,
'DISTANCE_ACCURACY_VALUE',
'Maximum model space distance between geometric entities at asserted c
onnectivities');
#5684=UNCERTAINTY_MEASURE_WITH_UNIT(LENGTH_MEASURE(0.01),#5724,
'DISTANCE_ACCURACY_VALUE',
'Maximum model space distance between geometric entities at asserted c
onnectivities');
#5685=UNCERTAINTY_MEASURE_WITH_UNIT(LENGTH_MEASURE(0.01),#5724,
'DISTANCE_ACCURACY_VALUE',
'Maximum model space distance between geometric entities at asserted c
onnectivities');
#5686=UNCERTAINTY_MEASURE_WITH_UNIT(LENGTH_MEASURE(0.01),#5724,
'DISTANCE_ACCURACY_VALUE',
'Maximum model space distance between geometric entities at asserted c
onnectivities');
#5687=(
GEOMETRIC_REPRESENTATION_CONTEXT(3)
GLOBAL_UNCERTAINTY_ASSIGNED_CONTEXT((#5650))
GLOBAL_UNIT_ASSIGNED_CONTEXT((#5724,#5726,#5727))
REPRESENTATION_CONTEXT('','3D')
);
#5688=(
GEOMETRIC_REPRESENTATION_CONTEXT(3)
GLOBAL_UNCERTAINTY_ASSIGNED_CONTEXT((#5651))
GLOBAL_UNIT_ASSIGNED_CONTEXT((#5724,#5726,#5727))
REPRESENTATION_CONTEXT('','3D')
);
#5689=(
GEOMETRIC_REPRESENTATION_CONTEXT(3)
GLOBAL_UNCERTAINTY_ASSIGNED_CONTEXT((#5652))
GLOBAL_UNIT_ASSIGNED_CONTEXT((#5724,#5726,#5727))
REPRESENTATION_CONTEXT('','3D')
);
#5690=(
GEOMETRIC_REPRESENTATION_CONTEXT(3)
GLOBAL_UNCERTAINTY_ASSIGNED_CONTEXT((#5653))
GLOBAL_UNIT_ASSIGNED_CONTEXT((#5724,#5726,#5727))
REPRESENTATION_CONTEXT('','3D')
);
#5691=(
GEOMETRIC_REPRESENTATION_CONTEXT(3)
GLOBAL_UNCERTAINTY_ASSIGNED_CONTEXT((#5654))
GLOBAL_UNIT_ASSIGNED_CONTEXT((#5724,#5726,#5727))
REPRESENTATION_CONTEXT('','3D')
);
#5692=(
GEOMETRIC_REPRESENTATION_CONTEXT(3)
GLOBAL_UNCERTAINTY_ASSIGNED_CONTEXT((#5655))
GLOBAL_UNIT_ASSIGNED_CONTEXT((#5724,#5726,#5727))
REPRESENTATION_CONTEXT('','3D')
);
#5693=(
GEOMETRIC_REPRESENTATION_CONTEXT(3)
GLOBAL_UNCERTAINTY_ASSIGNED_CONTEXT((#5656))
GLOBAL_UNIT_ASSIGNED_CONTEXT((#5724,#5726,#5727))
REPRESENTATION_CONTEXT('','3D')
);
#5694=(
GEOMETRIC_REPRESENTATION_CONTEXT(3)
GLOBAL_UNCERTAINTY_ASSIGNED_CONTEXT((#5657))
GLOBAL_UNIT_ASSIGNED_CONTEXT((#5724,#5726,#5727))
REPRESENTATION_CONTEXT('','3D')
);
#5695=(
GEOMETRIC_REPRESENTATION_CONTEXT(3)
GLOBAL_UNCERTAINTY_ASSIGNED_CONTEXT((#5658))
GLOBAL_UNIT_ASSIGNED_CONTEXT((#5724,#5726,#5727))
REPRESENTATION_CONTEXT('','3D')
);
#5696=(
GEOMETRIC_REPRESENTATION_CONTEXT(3)
GLOBAL_UNCERTAINTY_ASSIGNED_CONTEXT((#5659))
GLOBAL_UNIT_ASSIGNED_CONTEXT((#5724,#5726,#5727))
REPRESENTATION_CONTEXT('','3D')
);
#5697=(
GEOMETRIC_REPRESENTATION_CONTEXT(3)
GLOBAL_UNCERTAINTY_ASSIGNED_CONTEXT((#5660))
GLOBAL_UNIT_ASSIGNED_CONTEXT((#5724,#5726,#5727))
REPRESENTATION_CONTEXT('','3D')
);
#5698=(
GEOMETRIC_REPRESENTATION_CONTEXT(3)
GLOBAL_UNCERTAINTY_ASSIGNED_CONTEXT((#5661))
GLOBAL_UNIT_ASSIGNED_CONTEXT((#5724,#5726,#5727))
REPRESENTATION_CONTEXT('','3D')
);
#5699=(
GEOMETRIC_REPRESENTATION_CONTEXT(3)
GLOBAL_UNCERTAINTY_ASSIGNED_CONTEXT((#5662))
GLOBAL_UNIT_ASSIGNED_CONTEXT((#5724,#5726,#5727))
REPRESENTATION_CONTEXT('','3D')
);
#5700=(
GEOMETRIC_REPRESENTATION_CONTEXT(3)
GLOBAL_UNCERTAINTY_ASSIGNED_CONTEXT((#5663))
GLOBAL_UNIT_ASSIGNED_CONTEXT((#5724,#5726,#5727))
REPRESENTATION_CONTEXT('','3D')
);
#5701=(
GEOMETRIC_REPRESENTATION_CONTEXT(3)
GLOBAL_UNCERTAINTY_ASSIGNED_CONTEXT((#5664))
GLOBAL_UNIT_ASSIGNED_CONTEXT((#5724,#5726,#5727))
REPRESENTATION_CONTEXT('','3D')
);
#5702=(
GEOMETRIC_REPRESENTATION_CONTEXT(3)
GLOBAL_UNCERTAINTY_ASSIGNED_CONTEXT((#5665))
GLOBAL_UNIT_ASSIGNED_CONTEXT((#5724,#5726,#5727))
REPRESENTATION_CONTEXT('','3D')
);
#5703=(
GEOMETRIC_REPRESENTATION_CONTEXT(3)
GLOBAL_UNCERTAINTY_ASSIGNED_CONTEXT((#5666))
GLOBAL_UNIT_ASSIGNED_CONTEXT((#5724,#5726,#5727))
REPRESENTATION_CONTEXT('','3D')
);
#5704=(
GEOMETRIC_REPRESENTATION_CONTEXT(3)
GLOBAL_UNCERTAINTY_ASSIGNED_CONTEXT((#5667))
GLOBAL_UNIT_ASSIGNED_CONTEXT((#5724,#5726,#5727))
REPRESENTATION_CONTEXT('','3D')
);
#5705=(
GEOMETRIC_REPRESENTATION_CONTEXT(3)
GLOBAL_UNCERTAINTY_ASSIGNED_CONTEXT((#5668))
GLOBAL_UNIT_ASSIGNED_CONTEXT((#5724,#5726,#5727))
REPRESENTATION_CONTEXT('','3D')
);
#5706=(
GEOMETRIC_REPRESENTATION_CONTEXT(3)
GLOBAL_UNCERTAINTY_ASSIGNED_CONTEXT((#5669))
GLOBAL_UNIT_ASSIGNED_CONTEXT((#5724,#5726,#5727))
REPRESENTATION_CONTEXT('','3D')
);
#5707=(
GEOMETRIC_REPRESENTATION_CONTEXT(3)
GLOBAL_UNCERTAINTY_ASSIGNED_CONTEXT((#5670))
GLOBAL_UNIT_ASSIGNED_CONTEXT((#5724,#5726,#5727))
REPRESENTATION_CONTEXT('','3D')
);
#5708=(
GEOMETRIC_REPRESENTATION_CONTEXT(3)
GLOBAL_UNCERTAINTY_ASSIGNED_CONTEXT((#5671))
GLOBAL_UNIT_ASSIGNED_CONTEXT((#5724,#5726,#5727))
REPRESENTATION_CONTEXT('','3D')
);
#5709=(
GEOMETRIC_REPRESENTATION_CONTEXT(3)
GLOBAL_UNCERTAINTY_ASSIGNED_CONTEXT((#5672))
GLOBAL_UNIT_ASSIGNED_CONTEXT((#5724,#5726,#5727))
REPRESENTATION_CONTEXT('','3D')
);
#5710=(
GEOMETRIC_REPRESENTATION_CONTEXT(3)
GLOBAL_UNCERTAINTY_ASSIGNED_CONTEXT((#5673))
GLOBAL_UNIT_ASSIGNED_CONTEXT((#5724,#5726,#5727))
REPRESENTATION_CONTEXT('','3D')
);
#5711=(
GEOMETRIC_REPRESENTATION_CONTEXT(3)
GLOBAL_UNCERTAINTY_ASSIGNED_CONTEXT((#5674))
GLOBAL_UNIT_ASSIGNED_CONTEXT((#5724,#5726,#5727))
REPRESENTATION_CONTEXT('','3D')
);
#5712=(
GEOMETRIC_REPRESENTATION_CONTEXT(3)
GLOBAL_UNCERTAINTY_ASSIGNED_CONTEXT((#5675))
GLOBAL_UNIT_ASSIGNED_CONTEXT((#5724,#5726,#5727))
REPRESENTATION_CONTEXT('','3D')
);
#5713=(
GEOMETRIC_REPRESENTATION_CONTEXT(3)
GLOBAL_UNCERTAINTY_ASSIGNED_CONTEXT((#5676))
GLOBAL_UNIT_ASSIGNED_CONTEXT((#5724,#5726,#5727))
REPRESENTATION_CONTEXT('','3D')
);
#5714=(
GEOMETRIC_REPRESENTATION_CONTEXT(3)
GLOBAL_UNCERTAINTY_ASSIGNED_CONTEXT((#5677))
GLOBAL_UNIT_ASSIGNED_CONTEXT((#5724,#5726,#5727))
REPRESENTATION_CONTEXT('','3D')
);
#5715=(
GEOMETRIC_REPRESENTATION_CONTEXT(3)
GLOBAL_UNCERTAINTY_ASSIGNED_CONTEXT((#5678))
GLOBAL_UNIT_ASSIGNED_CONTEXT((#5724,#5726,#5727))
REPRESENTATION_CONTEXT('','3D')
);
#5716=(
GEOMETRIC_REPRESENTATION_CONTEXT(3)
GLOBAL_UNCERTAINTY_ASSIGNED_CONTEXT((#5679))
GLOBAL_UNIT_ASSIGNED_CONTEXT((#5724,#5726,#5727))
REPRESENTATION_CONTEXT('','3D')
);
#5717=(
GEOMETRIC_REPRESENTATION_CONTEXT(3)
GLOBAL_UNCERTAINTY_ASSIGNED_CONTEXT((#5680))
GLOBAL_UNIT_ASSIGNED_CONTEXT((#5724,#5726,#5727))
REPRESENTATION_CONTEXT('','3D')
);
#5718=(
GEOMETRIC_REPRESENTATION_CONTEXT(3)
GLOBAL_UNCERTAINTY_ASSIGNED_CONTEXT((#5681))
GLOBAL_UNIT_ASSIGNED_CONTEXT((#5724,#5726,#5727))
REPRESENTATION_CONTEXT('','3D')
);
#5719=(
GEOMETRIC_REPRESENTATION_CONTEXT(3)
GLOBAL_UNCERTAINTY_ASSIGNED_CONTEXT((#5682))
GLOBAL_UNIT_ASSIGNED_CONTEXT((#5724,#5726,#5727))
REPRESENTATION_CONTEXT('','3D')
);
#5720=(
GEOMETRIC_REPRESENTATION_CONTEXT(3)
GLOBAL_UNCERTAINTY_ASSIGNED_CONTEXT((#5683))
GLOBAL_UNIT_ASSIGNED_CONTEXT((#5724,#5726,#5727))
REPRESENTATION_CONTEXT('','3D')
);
#5721=(
GEOMETRIC_REPRESENTATION_CONTEXT(3)
GLOBAL_UNCERTAINTY_ASSIGNED_CONTEXT((#5684))
GLOBAL_UNIT_ASSIGNED_CONTEXT((#5724,#5726,#5727))
REPRESENTATION_CONTEXT('','3D')
);
#5722=(
GEOMETRIC_REPRESENTATION_CONTEXT(3)
GLOBAL_UNCERTAINTY_ASSIGNED_CONTEXT((#5685))
GLOBAL_UNIT_ASSIGNED_CONTEXT((#5724,#5726,#5727))
REPRESENTATION_CONTEXT('','3D')
);
#5723=(
GEOMETRIC_REPRESENTATION_CONTEXT(3)
GLOBAL_UNCERTAINTY_ASSIGNED_CONTEXT((#5686))
GLOBAL_UNIT_ASSIGNED_CONTEXT((#5724,#5726,#5727))
REPRESENTATION_CONTEXT('','3D')
);
#5724=(
LENGTH_UNIT()
NAMED_UNIT(*)
SI_UNIT(.MILLI.,.METRE.)
);
#5725=(
LENGTH_UNIT()
NAMED_UNIT(*)
SI_UNIT($,.METRE.)
);
#5726=(
NAMED_UNIT(*)
PLANE_ANGLE_UNIT()
SI_UNIT($,.RADIAN.)
);
#5727=(
NAMED_UNIT(*)
SI_UNIT($,.STERADIAN.)
SOLID_ANGLE_UNIT()
);
#5728=SHAPE_DEFINITION_REPRESENTATION(#5764,#5835);
#5729=SHAPE_DEFINITION_REPRESENTATION(#5765,#5836);
#5730=SHAPE_DEFINITION_REPRESENTATION(#5766,#5837);
#5731=SHAPE_DEFINITION_REPRESENTATION(#5767,#5838);
#5732=SHAPE_DEFINITION_REPRESENTATION(#5768,#5839);
#5733=SHAPE_DEFINITION_REPRESENTATION(#5769,#5840);
#5734=SHAPE_DEFINITION_REPRESENTATION(#5770,#5841);
#5735=SHAPE_DEFINITION_REPRESENTATION(#5771,#5842);
#5736=SHAPE_DEFINITION_REPRESENTATION(#5772,#5843);
#5737=SHAPE_DEFINITION_REPRESENTATION(#5773,#5844);
#5738=SHAPE_DEFINITION_REPRESENTATION(#5774,#5845);
#5739=SHAPE_DEFINITION_REPRESENTATION(#5775,#5846);
#5740=SHAPE_DEFINITION_REPRESENTATION(#5776,#5847);
#5741=SHAPE_DEFINITION_REPRESENTATION(#5777,#5848);
#5742=SHAPE_DEFINITION_REPRESENTATION(#5778,#5849);
#5743=SHAPE_DEFINITION_REPRESENTATION(#5779,#5850);
#5744=SHAPE_DEFINITION_REPRESENTATION(#5780,#5851);
#5745=SHAPE_DEFINITION_REPRESENTATION(#5781,#5852);
#5746=SHAPE_DEFINITION_REPRESENTATION(#5782,#5853);
#5747=SHAPE_DEFINITION_REPRESENTATION(#5783,#5854);
#5748=SHAPE_DEFINITION_REPRESENTATION(#5784,#5855);
#5749=SHAPE_DEFINITION_REPRESENTATION(#5785,#5856);
#5750=SHAPE_DEFINITION_REPRESENTATION(#5786,#5857);
#5751=SHAPE_DEFINITION_REPRESENTATION(#5787,#5858);
#5752=SHAPE_DEFINITION_REPRESENTATION(#5788,#5859);
#5753=SHAPE_DEFINITION_REPRESENTATION(#5789,#5860);
#5754=SHAPE_DEFINITION_REPRESENTATION(#5790,#5861);
#5755=SHAPE_DEFINITION_REPRESENTATION(#5791,#5862);
#5756=SHAPE_DEFINITION_REPRESENTATION(#5792,#5863);
#5757=SHAPE_DEFINITION_REPRESENTATION(#5793,#5864);
#5758=SHAPE_DEFINITION_REPRESENTATION(#5794,#5865);
#5759=SHAPE_DEFINITION_REPRESENTATION(#5795,#5866);
#5760=SHAPE_DEFINITION_REPRESENTATION(#5796,#5867);
#5761=SHAPE_DEFINITION_REPRESENTATION(#5797,#5868);
#5762=SHAPE_DEFINITION_REPRESENTATION(#5798,#5869);
#5763=SHAPE_DEFINITION_REPRESENTATION(#5799,#5870);
#5764=PRODUCT_DEFINITION_SHAPE('',$,#5872);
#5765=PRODUCT_DEFINITION_SHAPE('',$,#5873);
#5766=PRODUCT_DEFINITION_SHAPE('',$,#5874);
#5767=PRODUCT_DEFINITION_SHAPE('',$,#5875);
#5768=PRODUCT_DEFINITION_SHAPE('',$,#5876);
#5769=PRODUCT_DEFINITION_SHAPE('',$,#5877);
#5770=PRODUCT_DEFINITION_SHAPE('',$,#5878);
#5771=PRODUCT_DEFINITION_SHAPE('',$,#5879);
#5772=PRODUCT_DEFINITION_SHAPE('',$,#5880);
#5773=PRODUCT_DEFINITION_SHAPE('',$,#5881);
#5774=PRODUCT_DEFINITION_SHAPE('',$,#5882);
#5775=PRODUCT_DEFINITION_SHAPE('',$,#5883);
#5776=PRODUCT_DEFINITION_SHAPE('',$,#5884);
#5777=PRODUCT_DEFINITION_SHAPE('',$,#5885);
#5778=PRODUCT_DEFINITION_SHAPE('',$,#5886);
#5779=PRODUCT_DEFINITION_SHAPE('',$,#5887);
#5780=PRODUCT_DEFINITION_SHAPE('',$,#5888);
#5781=PRODUCT_DEFINITION_SHAPE('',$,#5889);
#5782=PRODUCT_DEFINITION_SHAPE('',$,#5890);
#5783=PRODUCT_DEFINITION_SHAPE('',$,#5891);
#5784=PRODUCT_DEFINITION_SHAPE('',$,#5892);
#5785=PRODUCT_DEFINITION_SHAPE('',$,#5893);
#5786=PRODUCT_DEFINITION_SHAPE('',$,#5894);
#5787=PRODUCT_DEFINITION_SHAPE('',$,#5895);
#5788=PRODUCT_DEFINITION_SHAPE('',$,#5896);
#5789=PRODUCT_DEFINITION_SHAPE('',$,#5897);
#5790=PRODUCT_DEFINITION_SHAPE('',$,#5898);
#5791=PRODUCT_DEFINITION_SHAPE('',$,#5899);
#5792=PRODUCT_DEFINITION_SHAPE('',$,#5900);
#5793=PRODUCT_DEFINITION_SHAPE('',$,#5901);
#5794=PRODUCT_DEFINITION_SHAPE('',$,#5902);
#5795=PRODUCT_DEFINITION_SHAPE('',$,#5903);
#5796=PRODUCT_DEFINITION_SHAPE('',$,#5904);
#5797=PRODUCT_DEFINITION_SHAPE('',$,#5905);
#5798=PRODUCT_DEFINITION_SHAPE('',$,#5906);
#5799=PRODUCT_DEFINITION_SHAPE('',$,#5907);
#5800=PRODUCT_DEFINITION_SHAPE($,$,#116);
#5801=PRODUCT_DEFINITION_SHAPE($,$,#117);
#5802=PRODUCT_DEFINITION_SHAPE($,$,#118);
#5803=PRODUCT_DEFINITION_SHAPE($,$,#119);
#5804=PRODUCT_DEFINITION_SHAPE($,$,#120);
#5805=PRODUCT_DEFINITION_SHAPE($,$,#121);
#5806=PRODUCT_DEFINITION_SHAPE($,$,#122);
#5807=PRODUCT_DEFINITION_SHAPE($,$,#123);
#5808=PRODUCT_DEFINITION_SHAPE($,$,#124);
#5809=PRODUCT_DEFINITION_SHAPE($,$,#125);
#5810=PRODUCT_DEFINITION_SHAPE($,$,#126);
#5811=PRODUCT_DEFINITION_SHAPE($,$,#127);
#5812=PRODUCT_DEFINITION_SHAPE($,$,#128);
#5813=PRODUCT_DEFINITION_SHAPE($,$,#129);
#5814=PRODUCT_DEFINITION_SHAPE($,$,#130);
#5815=PRODUCT_DEFINITION_SHAPE($,$,#131);
#5816=PRODUCT_DEFINITION_SHAPE($,$,#132);
#5817=PRODUCT_DEFINITION_SHAPE($,$,#133);
#5818=PRODUCT_DEFINITION_SHAPE($,$,#134);
#5819=PRODUCT_DEFINITION_SHAPE($,$,#135);
#5820=PRODUCT_DEFINITION_SHAPE($,$,#136);
#5821=PRODUCT_DEFINITION_SHAPE($,$,#137);
#5822=PRODUCT_DEFINITION_SHAPE($,$,#138);
#5823=PRODUCT_DEFINITION_SHAPE($,$,#139);
#5824=PRODUCT_DEFINITION_SHAPE($,$,#140);
#5825=PRODUCT_DEFINITION_SHAPE($,$,#141);
#5826=PRODUCT_DEFINITION_SHAPE($,$,#142);
#5827=PRODUCT_DEFINITION_SHAPE($,$,#143);
#5828=PRODUCT_DEFINITION_SHAPE($,$,#144);
#5829=PRODUCT_DEFINITION_SHAPE($,$,#145);
#5830=PRODUCT_DEFINITION_SHAPE($,$,#146);
#5831=PRODUCT_DEFINITION_SHAPE($,$,#147);
#5832=PRODUCT_DEFINITION_SHAPE($,$,#148);
#5833=PRODUCT_DEFINITION_SHAPE($,$,#149);
#5834=PRODUCT_DEFINITION_SHAPE($,$,#150);
#5835=SHAPE_REPRESENTATION('',(#3467,#3784,#3785,#3786,#3787,#3788,#3789,
#3790,#3791,#3792,#3793,#3794,#3795,#3796,#3797,#3798,#3799,#3800,#3801,
#3802,#3803,#3804,#3805,#3806,#3807,#3808,#3809,#3810,#3811,#3812,#3813,
#3814,#3815,#3816,#3817,#3818),#5687);
#5836=SHAPE_REPRESENTATION('',(#3468),#5688);
#5837=SHAPE_REPRESENTATION('',(#3477),#5689);
#5838=SHAPE_REPRESENTATION('',(#3486),#5690);
#5839=SHAPE_REPRESENTATION('',(#3492),#5691);
#5840=SHAPE_REPRESENTATION('',(#3501),#5692);
#5841=SHAPE_REPRESENTATION('',(#3510),#5693);
#5842=SHAPE_REPRESENTATION('',(#3519),#5694);
#5843=SHAPE_REPRESENTATION('',(#3526),#5695);
#5844=SHAPE_REPRESENTATION('',(#3533),#5696);
#5845=SHAPE_REPRESENTATION('',(#3540),#5697);
#5846=SHAPE_REPRESENTATION('',(#3547),#5698);
#5847=SHAPE_REPRESENTATION('',(#3554),#5699);
#5848=SHAPE_REPRESENTATION('',(#3561),#5700);
#5849=SHAPE_REPRESENTATION('',(#3568),#5701);
#5850=SHAPE_REPRESENTATION('',(#3575),#5702);
#5851=SHAPE_REPRESENTATION('',(#3582),#5703);
#5852=SHAPE_REPRESENTATION('',(#3589),#5704);
#5853=SHAPE_REPRESENTATION('',(#3596),#5705);
#5854=SHAPE_REPRESENTATION('',(#3603),#5706);
#5855=SHAPE_REPRESENTATION('',(#3610),#5707);
#5856=SHAPE_REPRESENTATION('',(#3617),#5708);
#5857=SHAPE_REPRESENTATION('',(#3624),#5709);
#5858=SHAPE_REPRESENTATION('',(#3631),#5710);
#5859=SHAPE_REPRESENTATION('',(#3638),#5711);
#5860=SHAPE_REPRESENTATION('',(#3645),#5712);
#5861=SHAPE_REPRESENTATION('',(#3652),#5713);
#5862=SHAPE_REPRESENTATION('',(#3661),#5714);
#5863=SHAPE_REPRESENTATION('',(#3667),#5715);
#5864=SHAPE_REPRESENTATION('',(#3673),#5716);
#5865=SHAPE_REPRESENTATION('',(#3682),#5717);
#5866=SHAPE_REPRESENTATION('',(#3688),#5718);
#5867=SHAPE_REPRESENTATION('',(#3717),#5719);
#5868=SHAPE_REPRESENTATION('',(#3721),#5720);
#5869=SHAPE_REPRESENTATION('',(#3725),#5721);
#5870=SHAPE_REPRESENTATION('',(#3754),#5722);
#5871=PRODUCT_DEFINITION_CONTEXT('part definition',#5981,'design');
#5872=PRODUCT_DEFINITION('2026-09-28-16-34-29-166',
'NIVORA_30L_Passive_Milk_Chilling_Can_BARREL',#5908,#5871);
#5873=PRODUCT_DEFINITION('2026-09-28-16-34-29-167',
'Open CASCADE STEP translator 7.9 1.1',#5909,#5871);
#5874=PRODUCT_DEFINITION('2026-09-28-16-34-29-168',
'Open CASCADE STEP translator 7.9 1.2',#5910,#5871);
#5875=PRODUCT_DEFINITION('2026-09-28-16-34-29-169',
'Open CASCADE STEP translator 7.9 1.3',#5911,#5871);
#5876=PRODUCT_DEFINITION('2026-09-28-16-34-29-170',
'Open CASCADE STEP translator 7.9 1.4',#5912,#5871);
#5877=PRODUCT_DEFINITION('2026-09-28-16-34-29-171',
'Open CASCADE STEP translator 7.9 1.5',#5913,#5871);
#5878=PRODUCT_DEFINITION('2026-09-28-16-34-29-172',
'Open CASCADE STEP translator 7.9 1.6',#5914,#5871);
#5879=PRODUCT_DEFINITION('2026-09-28-16-34-29-173',
'Open CASCADE STEP translator 7.9 1.7',#5915,#5871);
#5880=PRODUCT_DEFINITION('2026-09-28-16-34-29-174',
'Open CASCADE STEP translator 7.9 1.8',#5916,#5871);
#5881=PRODUCT_DEFINITION('2026-09-28-16-34-29-175',
'Open CASCADE STEP translator 7.9 1.9',#5917,#5871);
#5882=PRODUCT_DEFINITION('2026-09-28-16-34-29-176',
'Open CASCADE STEP translator 7.9 1.10',#5918,#5871);
#5883=PRODUCT_DEFINITION('2026-09-28-16-34-29-177',
'Open CASCADE STEP translator 7.9 1.11',#5919,#5871);
#5884=PRODUCT_DEFINITION('2026-09-28-16-34-29-178',
'Open CASCADE STEP translator 7.9 1.12',#5920,#5871);
#5885=PRODUCT_DEFINITION('2026-09-28-16-34-29-179',
'Open CASCADE STEP translator 7.9 1.13',#5921,#5871);
#5886=PRODUCT_DEFINITION('2026-09-28-16-34-29-180',
'Open CASCADE STEP translator 7.9 1.14',#5922,#5871);
#5887=PRODUCT_DEFINITION('2026-09-28-16-34-29-181',
'Open CASCADE STEP translator 7.9 1.15',#5923,#5871);
#5888=PRODUCT_DEFINITION('2026-09-28-16-34-29-182',
'Open CASCADE STEP translator 7.9 1.16',#5924,#5871);
#5889=PRODUCT_DEFINITION('2026-09-28-16-34-29-183',
'Open CASCADE STEP translator 7.9 1.17',#5925,#5871);
#5890=PRODUCT_DEFINITION('2026-09-28-16-34-29-184',
'Open CASCADE STEP translator 7.9 1.18',#5926,#5871);
#5891=PRODUCT_DEFINITION('2026-09-28-16-34-29-185',
'Open CASCADE STEP translator 7.9 1.19',#5927,#5871);
#5892=PRODUCT_DEFINITION('2026-09-28-16-34-29-186',
'Open CASCADE STEP translator 7.9 1.20',#5928,#5871);
#5893=PRODUCT_DEFINITION('2026-09-28-16-34-29-187',
'Open CASCADE STEP translator 7.9 1.21',#5929,#5871);
#5894=PRODUCT_DEFINITION('2026-09-28-16-34-29-188',
'Open CASCADE STEP translator 7.9 1.22',#5930,#5871);
#5895=PRODUCT_DEFINITION('2026-09-28-16-34-29-189',
'Open CASCADE STEP translator 7.9 1.23',#5931,#5871);
#5896=PRODUCT_DEFINITION('2026-09-28-16-34-29-190',
'Open CASCADE STEP translator 7.9 1.24',#5932,#5871);
#5897=PRODUCT_DEFINITION('2026-09-28-16-34-29-191',
'Open CASCADE STEP translator 7.9 1.25',#5933,#5871);
#5898=PRODUCT_DEFINITION('2026-09-28-16-34-29-192',
'Open CASCADE STEP translator 7.9 1.26',#5934,#5871);
#5899=PRODUCT_DEFINITION('2026-09-28-16-34-29-193',
'Open CASCADE STEP translator 7.9 1.27',#5935,#5871);
#5900=PRODUCT_DEFINITION('2026-09-28-16-34-29-194',
'Open CASCADE STEP translator 7.9 1.28',#5936,#5871);
#5901=PRODUCT_DEFINITION('2026-09-28-16-34-29-195',
'Open CASCADE STEP translator 7.9 1.29',#5937,#5871);
#5902=PRODUCT_DEFINITION('2026-09-28-16-34-29-196',
'Open CASCADE STEP translator 7.9 1.30',#5938,#5871);
#5903=PRODUCT_DEFINITION('2026-09-28-16-34-29-197',
'Open CASCADE STEP translator 7.9 1.31',#5939,#5871);
#5904=PRODUCT_DEFINITION('2026-09-28-16-34-29-198',
'Open CASCADE STEP translator 7.9 1.32',#5940,#5871);
#5905=PRODUCT_DEFINITION('2026-09-28-16-34-29-199',
'Open CASCADE STEP translator 7.9 1.33',#5941,#5871);
#5906=PRODUCT_DEFINITION('2026-09-28-16-34-29-200',
'Open CASCADE STEP translator 7.9 1.34',#5942,#5871);
#5907=PRODUCT_DEFINITION('2026-09-28-16-34-29-201',
'Open CASCADE STEP translator 7.9 1.35',#5943,#5871);
#5908=PRODUCT_DEFINITION_FORMATION('',$,#5983);
#5909=PRODUCT_DEFINITION_FORMATION('',$,#5984);
#5910=PRODUCT_DEFINITION_FORMATION('',$,#5985);
#5911=PRODUCT_DEFINITION_FORMATION('',$,#5986);
#5912=PRODUCT_DEFINITION_FORMATION('',$,#5987);
#5913=PRODUCT_DEFINITION_FORMATION('',$,#5988);
#5914=PRODUCT_DEFINITION_FORMATION('',$,#5989);
#5915=PRODUCT_DEFINITION_FORMATION('',$,#5990);
#5916=PRODUCT_DEFINITION_FORMATION('',$,#5991);
#5917=PRODUCT_DEFINITION_FORMATION('',$,#5992);
#5918=PRODUCT_DEFINITION_FORMATION('',$,#5993);
#5919=PRODUCT_DEFINITION_FORMATION('',$,#5994);
#5920=PRODUCT_DEFINITION_FORMATION('',$,#5995);
#5921=PRODUCT_DEFINITION_FORMATION('',$,#5996);
#5922=PRODUCT_DEFINITION_FORMATION('',$,#5997);
#5923=PRODUCT_DEFINITION_FORMATION('',$,#5998);
#5924=PRODUCT_DEFINITION_FORMATION('',$,#5999);
#5925=PRODUCT_DEFINITION_FORMATION('',$,#6000);
#5926=PRODUCT_DEFINITION_FORMATION('',$,#6001);
#5927=PRODUCT_DEFINITION_FORMATION('',$,#6002);
#5928=PRODUCT_DEFINITION_FORMATION('',$,#6003);
#5929=PRODUCT_DEFINITION_FORMATION('',$,#6004);
#5930=PRODUCT_DEFINITION_FORMATION('',$,#6005);
#5931=PRODUCT_DEFINITION_FORMATION('',$,#6006);
#5932=PRODUCT_DEFINITION_FORMATION('',$,#6007);
#5933=PRODUCT_DEFINITION_FORMATION('',$,#6008);
#5934=PRODUCT_DEFINITION_FORMATION('',$,#6009);
#5935=PRODUCT_DEFINITION_FORMATION('',$,#6010);
#5936=PRODUCT_DEFINITION_FORMATION('',$,#6011);
#5937=PRODUCT_DEFINITION_FORMATION('',$,#6012);
#5938=PRODUCT_DEFINITION_FORMATION('',$,#6013);
#5939=PRODUCT_DEFINITION_FORMATION('',$,#6014);
#5940=PRODUCT_DEFINITION_FORMATION('',$,#6015);
#5941=PRODUCT_DEFINITION_FORMATION('',$,#6016);
#5942=PRODUCT_DEFINITION_FORMATION('',$,#6017);
#5943=PRODUCT_DEFINITION_FORMATION('',$,#6018);
#5944=PRODUCT_RELATED_PRODUCT_CATEGORY(
'NIVORA_30L_Passive_Milk_Chilling_Can_BARREL',
'NIVORA_30L_Passive_Milk_Chilling_Can_BARREL',(#5983));
#5945=PRODUCT_RELATED_PRODUCT_CATEGORY(
'Open CASCADE STEP translator 7.9 1.1',
'Open CASCADE STEP translator 7.9 1.1',(#5984));
#5946=PRODUCT_RELATED_PRODUCT_CATEGORY(
'Open CASCADE STEP translator 7.9 1.2',
'Open CASCADE STEP translator 7.9 1.2',(#5985));
#5947=PRODUCT_RELATED_PRODUCT_CATEGORY(
'Open CASCADE STEP translator 7.9 1.3',
'Open CASCADE STEP translator 7.9 1.3',(#5986));
#5948=PRODUCT_RELATED_PRODUCT_CATEGORY(
'Open CASCADE STEP translator 7.9 1.4',
'Open CASCADE STEP translator 7.9 1.4',(#5987));
#5949=PRODUCT_RELATED_PRODUCT_CATEGORY(
'Open CASCADE STEP translator 7.9 1.5',
'Open CASCADE STEP translator 7.9 1.5',(#5988));
#5950=PRODUCT_RELATED_PRODUCT_CATEGORY(
'Open CASCADE STEP translator 7.9 1.6',
'Open CASCADE STEP translator 7.9 1.6',(#5989));
#5951=PRODUCT_RELATED_PRODUCT_CATEGORY(
'Open CASCADE STEP translator 7.9 1.7',
'Open CASCADE STEP translator 7.9 1.7',(#5990));
#5952=PRODUCT_RELATED_PRODUCT_CATEGORY(
'Open CASCADE STEP translator 7.9 1.8',
'Open CASCADE STEP translator 7.9 1.8',(#5991));
#5953=PRODUCT_RELATED_PRODUCT_CATEGORY(
'Open CASCADE STEP translator 7.9 1.9',
'Open CASCADE STEP translator 7.9 1.9',(#5992));
#5954=PRODUCT_RELATED_PRODUCT_CATEGORY(
'Open CASCADE STEP translator 7.9 1.10',
'Open CASCADE STEP translator 7.9 1.10',(#5993));
#5955=PRODUCT_RELATED_PRODUCT_CATEGORY(
'Open CASCADE STEP translator 7.9 1.11',
'Open CASCADE STEP translator 7.9 1.11',(#5994));
#5956=PRODUCT_RELATED_PRODUCT_CATEGORY(
'Open CASCADE STEP translator 7.9 1.12',
'Open CASCADE STEP translator 7.9 1.12',(#5995));
#5957=PRODUCT_RELATED_PRODUCT_CATEGORY(
'Open CASCADE STEP translator 7.9 1.13',
'Open CASCADE STEP translator 7.9 1.13',(#5996));
#5958=PRODUCT_RELATED_PRODUCT_CATEGORY(
'Open CASCADE STEP translator 7.9 1.14',
'Open CASCADE STEP translator 7.9 1.14',(#5997));
#5959=PRODUCT_RELATED_PRODUCT_CATEGORY(
'Open CASCADE STEP translator 7.9 1.15',
'Open CASCADE STEP translator 7.9 1.15',(#5998));
#5960=PRODUCT_RELATED_PRODUCT_CATEGORY(
'Open CASCADE STEP translator 7.9 1.16',
'Open CASCADE STEP translator 7.9 1.16',(#5999));
#5961=PRODUCT_RELATED_PRODUCT_CATEGORY(
'Open CASCADE STEP translator 7.9 1.17',
'Open CASCADE STEP translator 7.9 1.17',(#6000));
#5962=PRODUCT_RELATED_PRODUCT_CATEGORY(
'Open CASCADE STEP translator 7.9 1.18',
'Open CASCADE STEP translator 7.9 1.18',(#6001));
#5963=PRODUCT_RELATED_PRODUCT_CATEGORY(
'Open CASCADE STEP translator 7.9 1.19',
'Open CASCADE STEP translator 7.9 1.19',(#6002));
#5964=PRODUCT_RELATED_PRODUCT_CATEGORY(
'Open CASCADE STEP translator 7.9 1.20',
'Open CASCADE STEP translator 7.9 1.20',(#6003));
#5965=PRODUCT_RELATED_PRODUCT_CATEGORY(
'Open CASCADE STEP translator 7.9 1.21',
'Open CASCADE STEP translator 7.9 1.21',(#6004));
#5966=PRODUCT_RELATED_PRODUCT_CATEGORY(
'Open CASCADE STEP translator 7.9 1.22',
'Open CASCADE STEP translator 7.9 1.22',(#6005));
#5967=PRODUCT_RELATED_PRODUCT_CATEGORY(
'Open CASCADE STEP translator 7.9 1.23',
'Open CASCADE STEP translator 7.9 1.23',(#6006));
#5968=PRODUCT_RELATED_PRODUCT_CATEGORY(
'Open CASCADE STEP translator 7.9 1.24',
'Open CASCADE STEP translator 7.9 1.24',(#6007));
#5969=PRODUCT_RELATED_PRODUCT_CATEGORY(
'Open CASCADE STEP translator 7.9 1.25',
'Open CASCADE STEP translator 7.9 1.25',(#6008));
#5970=PRODUCT_RELATED_PRODUCT_CATEGORY(
'Open CASCADE STEP translator 7.9 1.26',
'Open CASCADE STEP translator 7.9 1.26',(#6009));
#5971=PRODUCT_RELATED_PRODUCT_CATEGORY(
'Open CASCADE STEP translator 7.9 1.27',
'Open CASCADE STEP translator 7.9 1.27',(#6010));
#5972=PRODUCT_RELATED_PRODUCT_CATEGORY(
'Open CASCADE STEP translator 7.9 1.28',
'Open CASCADE STEP translator 7.9 1.28',(#6011));
#5973=PRODUCT_RELATED_PRODUCT_CATEGORY(
'Open CASCADE STEP translator 7.9 1.29',
'Open CASCADE STEP translator 7.9 1.29',(#6012));
#5974=PRODUCT_RELATED_PRODUCT_CATEGORY(
'Open CASCADE STEP translator 7.9 1.30',
'Open CASCADE STEP translator 7.9 1.30',(#6013));
#5975=PRODUCT_RELATED_PRODUCT_CATEGORY(
'Open CASCADE STEP translator 7.9 1.31',
'Open CASCADE STEP translator 7.9 1.31',(#6014));
#5976=PRODUCT_RELATED_PRODUCT_CATEGORY(
'Open CASCADE STEP translator 7.9 1.32',
'Open CASCADE STEP translator 7.9 1.32',(#6015));
#5977=PRODUCT_RELATED_PRODUCT_CATEGORY(
'Open CASCADE STEP translator 7.9 1.33',
'Open CASCADE STEP translator 7.9 1.33',(#6016));
#5978=PRODUCT_RELATED_PRODUCT_CATEGORY(
'Open CASCADE STEP translator 7.9 1.34',
'Open CASCADE STEP translator 7.9 1.34',(#6017));
#5979=PRODUCT_RELATED_PRODUCT_CATEGORY(
'Open CASCADE STEP translator 7.9 1.35',
'Open CASCADE STEP translator 7.9 1.35',(#6018));
#5980=APPLICATION_PROTOCOL_DEFINITION('international standard',
'automotive_design',2009,#5981);
#5981=APPLICATION_CONTEXT(
'Core Data for Automotive Mechanical Design Process');
#5982=PRODUCT_CONTEXT('part definition',#5981,'mechanical');
#5983=PRODUCT('2026-09-28-16-34-29-166',
'NIVORA_30L_Passive_Milk_Chilling_Can_BARREL','Open CASCADE Model',(#5982));
#5984=PRODUCT('2026-09-28-16-34-29-167',
'Open CASCADE STEP translator 7.9 1.1',$,(#5982));
#5985=PRODUCT('2026-09-28-16-34-29-168',
'Open CASCADE STEP translator 7.9 1.2',$,(#5982));
#5986=PRODUCT('2026-09-28-16-34-29-169',
'Open CASCADE STEP translator 7.9 1.3',$,(#5982));
#5987=PRODUCT('2026-09-28-16-34-29-170',
'Open CASCADE STEP translator 7.9 1.4',$,(#5982));
#5988=PRODUCT('2026-09-28-16-34-29-171',
'Open CASCADE STEP translator 7.9 1.5',$,(#5982));
#5989=PRODUCT('2026-09-28-16-34-29-172',
'Open CASCADE STEP translator 7.9 1.6',$,(#5982));
#5990=PRODUCT('2026-09-28-16-34-29-173',
'Open CASCADE STEP translator 7.9 1.7',$,(#5982));
#5991=PRODUCT('2026-09-28-16-34-29-174',
'Open CASCADE STEP translator 7.9 1.8',$,(#5982));
#5992=PRODUCT('2026-09-28-16-34-29-175',
'Open CASCADE STEP translator 7.9 1.9',$,(#5982));
#5993=PRODUCT('2026-09-28-16-34-29-176',
'Open CASCADE STEP translator 7.9 1.10',$,(#5982));
#5994=PRODUCT('2026-09-28-16-34-29-177',
'Open CASCADE STEP translator 7.9 1.11',$,(#5982));
#5995=PRODUCT('2026-09-28-16-34-29-178',
'Open CASCADE STEP translator 7.9 1.12',$,(#5982));
#5996=PRODUCT('2026-09-28-16-34-29-179',
'Open CASCADE STEP translator 7.9 1.13',$,(#5982));
#5997=PRODUCT('2026-09-28-16-34-29-180',
'Open CASCADE STEP translator 7.9 1.14',$,(#5982));
#5998=PRODUCT('2026-09-28-16-34-29-181',
'Open CASCADE STEP translator 7.9 1.15',$,(#5982));
#5999=PRODUCT('2026-09-28-16-34-29-182',
'Open CASCADE STEP translator 7.9 1.16',$,(#5982));
#6000=PRODUCT('2026-09-28-16-34-29-183',
'Open CASCADE STEP translator 7.9 1.17',$,(#5982));
#6001=PRODUCT('2026-09-28-16-34-29-184',
'Open CASCADE STEP translator 7.9 1.18',$,(#5982));
#6002=PRODUCT('2026-09-28-16-34-29-185',
'Open CASCADE STEP translator 7.9 1.19',$,(#5982));
#6003=PRODUCT('2026-09-28-16-34-29-186',
'Open CASCADE STEP translator 7.9 1.20',$,(#5982));
#6004=PRODUCT('2026-09-28-16-34-29-187',
'Open CASCADE STEP translator 7.9 1.21',$,(#5982));
#6005=PRODUCT('2026-09-28-16-34-29-188',
'Open CASCADE STEP translator 7.9 1.22',$,(#5982));
#6006=PRODUCT('2026-09-28-16-34-29-189',
'Open CASCADE STEP translator 7.9 1.23',$,(#5982));
#6007=PRODUCT('2026-09-28-16-34-29-190',
'Open CASCADE STEP translator 7.9 1.24',$,(#5982));
#6008=PRODUCT('2026-09-28-16-34-29-191',
'Open CASCADE STEP translator 7.9 1.25',$,(#5982));
#6009=PRODUCT('2026-09-28-16-34-29-192',
'Open CASCADE STEP translator 7.9 1.26',$,(#5982));
#6010=PRODUCT('2026-09-28-16-34-29-193',
'Open CASCADE STEP translator 7.9 1.27',$,(#5982));
#6011=PRODUCT('2026-09-28-16-34-29-194',
'Open CASCADE STEP translator 7.9 1.28',$,(#5982));
#6012=PRODUCT('2026-09-28-16-34-29-195',
'Open CASCADE STEP translator 7.9 1.29',$,(#5982));
#6013=PRODUCT('2026-09-28-16-34-29-196',
'Open CASCADE STEP translator 7.9 1.30',$,(#5982));
#6014=PRODUCT('2026-09-28-16-34-29-197',
'Open CASCADE STEP translator 7.9 1.31',$,(#5982));
#6015=PRODUCT('2026-09-28-16-34-29-198',
'Open CASCADE STEP translator 7.9 1.32',$,(#5982));
#6016=PRODUCT('2026-09-28-16-34-29-199',
'Open CASCADE STEP translator 7.9 1.33',$,(#5982));
#6017=PRODUCT('2026-09-28-16-34-29-200',
'Open CASCADE STEP translator 7.9 1.34',$,(#5982));
#6018=PRODUCT('2026-09-28-16-34-29-201',
'Open CASCADE STEP translator 7.9 1.35',$,(#5982));
#6019=PRESENTATION_STYLE_ASSIGNMENT((#6020));
#6020=SURFACE_STYLE_USAGE(.BOTH.,#6021);
#6021=SURFACE_SIDE_STYLE('',(#6022));
#6022=SURFACE_STYLE_FILL_AREA(#6023);
#6023=FILL_AREA_STYLE('Steel - Satin',(#6024));
#6024=FILL_AREA_STYLE_COLOUR('Steel - Satin',#6025);
#6025=COLOUR_RGB('Steel - Satin',0.627450980392157,0.627450980392157,0.627450980392157);
ENDSEC;
END-ISO-10303-21;
